pgc,method,ra_deg,dec_deg,modulus,sigma_mag,distance_mpc,minus_1sigma_mpc,plus_1sigma_mpc,linear_sigma_mpc
35,TRGB,0.0938,39.4955,29.73,0.1,8.830799004185629,0.3974514265428777,0.41618273519660676,0.4066733229252899
143,TRGB,0.4926,-15.4609,24.91,0.07,0.9594006315159332,0.030434244735996985,0.03143131337683447,0.030927422292727262
218,TRGB,0.8121,16.1456,30.73,0.1,13.995873225726186,0.6299180602617671,0.6596051838329426,0.6445337810598322
388,TRGB,1.383,-28.0983,29.65,0.11,8.51138038202376,0.4204213902399392,0.44226727347217043,0.43115990694589723
591,TRGB,1.9336,40.8759,29.51,0.11,7.979946872679773,0.3941711223879274,0.4146529925142053,0.4042391476621718
621,TRGB,2.0563,-34.5787,27.48,0.04,3.1332857243155865,0.05718890957487632,0.058252130785174216,0.05771725600720097
930,TRGB,3.5164,-23.1821,29.06,0.08,6.4863443354823795,0.23461740772552098,0.24342222736078867,0.23896575639852954
1014,TRGB,3.7233,-39.1966,26.57,0.03,2.0606299132700006,0.028272902333779548,0.02866621758404042,0.0284686543228387
1034,TRGB,3.8547,-21.4445,28.4,0.03,4.7863009232263805,0.0656705105904809,0.06658407839482905,0.06612519093842821
1038,TRGB,3.8802,-32.1806,26.38,0.04,1.8879913490962925,0.03445972568148137,0.03510037981386427,0.034778085889046725
1160,SBF,4.4397,11.4503,31.314,0.33,18.314708046613507,2.5821261921488166,3.0059203115030435,2.783297466224244
1305,TRGB,5.0962,59.2931,24.45,0.12,0.7762471166286915,0.04173324847157711,0.04410442770112688,0.042897000941492056
1583,CEP,6.3199,12.8838,34.527,0.25,80.42665380156771,8.746323149962521,9.813535981546437,9.259460706144136
1641,TRGB,6.639,-41.8556,26.49,0.04,1.98609491735737,0.0362503175993254,0.0369242613208991,0.036585220399826576
1777,TRGB,7.2672,43.4308,29.12,0.05,6.668067692136224,0.15178375152779555,0.1553192492804767,0.1535379326698808
2004,TRGB,8.2999,48.5086,24.34,0.11,0.7379042301291009,0.03644893170912955,0.03834288649959061,0.03737992016775534
2329,TRGB,9.7406,48.3374,24.06,0.03,0.648634433548238,0.008899598065590597,0.009023403807182473,0.008961215864944859
2429,TRGB,10.092,41.6854,24.47,0.02,0.7834296427662114,0.007182526137519907,0.00724898523361317,0.007215653667372516
2544,TRGB,10.6254,40.5758,29.23,0.1,7.014552984199714,0.31570689003445196,0.3305856973714407,0.32303210270870325
2555,TRGB,10.6741,40.8652,24.45,0.01,0.7762471166286915,0.003566531532990025,0.00358299389456751,0.0035747500784576716
2557,TRGB,10.6848,41.2689,24.53,0.1,0.805378441199067,0.0362480009124575,0.03795631656520937,0.03708904785847507
2578,TRGB,10.7652,-22.2476,28.41,0.13,4.808393484497286,0.2794176854610759,0.2966565152567746,0.2878651141249819
2758,TRGB,11.7857,-20.7604,27.8,0.02,3.630780547701015,0.03328719614358944,0.0335951987773182,0.03344072466027646
2789,TRGB,11.888,-25.2884,27.79,0.02,3.6140986263961317,0.03313425536977199,0.033440842859943753,0.03328707848699996
2881,TRGB,12.3379,-18.0753,27.71,0.04,3.483373150360119,0.06357872522302754,0.0647607419756362,0.06416610471483933
2902,TRGB,12.4571,-21.013,27.63,0.09,3.357376142429545,0.13630735114611214,0.14207552785402644,0.13915159662837823
2933,TRGB,12.6024,-19.9064,27.75,0.03,3.548133892335755,0.048682222052183644,0.0493594592216704,0.0490192812506355
2980,SBF,12.758,-7.0571,31.474,0.47,19.71514610996587,3.8369924679097025,4.76421055199479,4.267205344666654
3085,CEP,13.1583,-72.8002,19.029,0.05,0.06394402945292843,0.001455543813632186,0.001489447784447373,0.0014723656900428523
3238,TRGB,13.723,-37.6845,26.55,0.06,2.04173794466953,0.05564302731215687,0.057201938953993725,0.056415304262356344
3792,TRGB,15.9781,21.8897,24.03,0.4,0.6397348354826484,0.10762657621585359,0.12939560480396106,0.11784351165210759
3844,TRGB,16.1991,2.1177,24.34,0.06,0.7379042301291009,0.02010993885773882,0.020673344900082324,0.020389047364230188
3974,TRGB,16.8435,16.684,28.36,0.02,4.698941086052153,0.04308015082256489,0.04347876655029115,0.04327884679040376
3982,SBF,16.8539,32.4127,34.052,0.084,64.62491724953881,2.4521783201428846,2.5488956051993625,2.499913434391999
4013,TRGB,16.9435,1.0636,29.72,0.14,8.790225168308838,0.548844018178821,0.5853949009499608,0.5667267602250523
4126,TRGB,17.3623,35.718,27.32,0.02,2.910717118066606,0.02668561493999899,0.02693253389492467,0.026808695383931026
4524,SBF,18.8189,-1.6263,32.394,0.35,30.116188030788212,4.483154832129259,5.267247650684002,4.8541559932249045
5098,SBF,20.9161,33.2558,33.904,0.081,60.36705647858457,2.2103237067330994,2.294329988649146,2.2518046065593995
5323,SBF,21.4965,-1.3402,34.44,0.11,77.26805850957014,3.8166716938587086,4.0149931068396825,3.914158153152014
5663,SBF,22.8363,-6.8681,31.544,0.2,20.361042011319707,1.7915509964150829,1.964396604847721,1.8753212725236104
5818,TRGB,23.4621,30.6599,24.8,0.08,0.9120108393559101,0.032988322525024816,0.034226322009882515,0.033599721013598496
5896,TRGB,23.7713,-41.4368,27.97,0.04,3.9264493539959964,0.0716657773382785,0.07299814361497514,0.07232787000725825
5974,TRGB,24.174,15.7833,29.9,0.15,9.549925860214355,0.6374164788769008,0.6830040625931701,0.6596855077478373
6110,SBF,24.7773,-7.5126,32.374,0.16,29.840081159302233,2.119648783525143,2.2817281805775913,2.198698433636538
6430,TRGB,26.266,-43.5985,28.25,0.06,4.466835921509632,0.12173367979391436,0.12514420685905137,0.12342323766862079
6574,TRGB,26.8746,27.333,29.31,0.06,7.277798045368237,0.19834020152685827,0.2038969597432967,0.20109299146903328
6699,TRGB,27.3849,32.5862,28.56,0.02,5.152286445817562,0.04723644606350064,0.04767351951759391,0.04745431185989917
6793,CEP,27.6738,21.7599,32.83,0.109,36.81289736425311,1.8022613796012124,1.8950373600725996,1.8478732656785084
6830,TRGB,27.7761,-44.4447,23.15,0.04,0.4265795188015924,0.007785953683674129,0.007930705369978697,0.00785788512775296
7671,TRGB,30.3208,28.8372,28.6,0.01,5.24807460249773,0.024112712506532574,0.0242240117305057,0.02416827669326385
8484,TRGB,33.2296,32.8137,28.12,0.03,4.207266283844443,0.05772585750081305,0.05852890417148782,0.058125531764620014
8557,SBF,33.5149,27.8769,29.764,0.17,8.970156084148144,0.6754691331955254,0.7304752536914307,0.7022546211604382
9140,TRGB,36.1773,-73.5131,26.45,0.09,1.9498445997580447,0.07916245939224442,0.08251241117817631,0.08081429596304067
9332,TRGB,36.8203,33.579,29.85,0.06,9.332543007969917,0.25433770618804985,0.26146330718941435,0.2578676929185281
9776,CEP,38.5,20.9768,33.709,0.149,55.18232567565663,3.6594612174809313,3.919377985367859,3.7864476148257844
9962,TRGB,39.4491,-61.3403,28.48,0.02,4.965923214503362,0.04552785768885048,0.04594912176936017,0.04573784306667406
9988,CEP,39.5483,-1.3187,32.563,0.074,32.553673247163665,1.0906826855436798,1.128491828899449,1.1093725205685483
10217,TRGB,40.4772,59.6032,28.74,0.16,5.597576014951097,0.39761604961594177,0.428019845792476,0.4124446428456772
11139,TRGB,44.209,-54.5706,28.79,0.02,5.72796030985829,0.052514255772820206,0.0530001641988882,0.052756464090965016
11211,TRGB,44.5172,-49.3823,28.85,0.07,5.888436553555893,0.1867938307484147,0.1929134592312911,0.18982076720962648
11274,SBF,44.7334,-12.3985,33.144,0.31,42.54024629440676,5.659474571791378,6.527939382388418,6.0730572921273644
11329,TRGB,44.9271,25.2389,29.14,0.11,6.729766562843179,0.3324182080166933,0.3496912809981998,0.3409089236725146
11527,SBF,45.9105,-15.6138,32.684,0.32,34.41913882684287,4.716160386664271,5.464979864062364,5.072191742488382
11842,TRGB,47.5433,-40.0024,29.8,0.08,9.120108393559102,0.3298832252502475,0.3422632200988236,0.335997210135985
12208,SBF,49.322,41.3851,34.316,0.105,72.97935152144493,3.4449053388784137,3.615574315843844,3.5288645051026797
12209,TRGB,49.3275,-41.108,29.74,0.1,8.871560120379604,0.39928597897365137,0.4181037474197584,0.40855044169573085
12286,TRGB,49.565,-66.4976,28.12,0.03,4.207266283844443,0.05772585750081305,0.05852890417148782,0.058125531764620014
12373,SBF,49.8093,-19.1001,32.294,0.42,28.760736288630234,5.057917297332477,6.137220455157184,5.562819581905561
12438,SBF,49.9758,41.5632,34.153,0.106,67.7017664051824,3.2254823407903785,3.3868399078666727,3.304848455591487
12460,TRGB,50.0292,-52.1858,28.67,0.02,5.4200089040162425,0.049690940313709575,0.050150724923476275,0.04992012682513119
12514,TRGB,50.0988,17.2957,29.2,0.11,6.918309709189362,0.3417313356351581,0.35948833617887477,0.35045992971209877
12626,CEP,50.5275,-15.4,32.541,0.059,32.22552489887901,0.8637957337491393,0.8875872493800188,0.8755837563035936
12651,TRGB,50.6739,-37.2082,31.35,0.1,18.620871366628684,0.8380772662394556,0.8775746309517913,0.8575228165471774
12691,SBF,50.9052,-35.7784,31.484,0.14,19.806147089717406,1.2366560748127817,1.3190125726911397,1.2769494930760596
12719,TRGB,51.0311,17.7535,29.07,0.1,6.516283940608428,0.293281088916836,0.30710300080827224,0.3000859652672293
12783,CEP,51.2868,-36.3631,31.009,0.1,15.914756566438562,0.7162820371537801,0.7500393695597865,0.7329016245702108
12846,SBF,51.618,-21.3556,31.804,0.37,22.95091476024225,3.5956106204448304,4.263562704301403,3.9106361306158006
12848,SBF,51.6342,-35.7137,31.314,0.07,18.314708046613507,0.5809818011879315,0.6000155817166473,0.5903964322293851
12878,SBF,51.8252,-34.5264,31.574,0.08,20.644292320739922,0.7467242098333209,0.7747475864813111,0.7605638360503553
12917,SBF,52.0273,-32.2861,31.474,0.08,19.71514610996587,0.7131160841935262,0.739878201127663,0.7263328246241113
12923,SBF,52.0818,-31.0681,31.594,0.07,20.835311605717486,0.6609407495982325,0.6825940976800666,0.671651090756953
13028,SBF,52.6457,-34.854,31.444,0.07,19.444644164481286,0.6168257971345383,0.6370338773585722,0.6268212690839159
13058,SBF,52.7844,-36.2901,31.434,0.19,19.355304139797447,1.621577894371871,1.769855522611099,1.693554921741215
13084,SBF,52.8534,-35.3311,31.464,0.07,19.624563241736897,0.6225332159645838,0.6429282792527466,0.6326211748771922
13097,SBF,52.9485,-35.0519,31.564,0.08,20.549440413453024,0.7432933237356174,0.7711879446635272,0.7570693626461814
13146,SBF,53.1987,-34.2387,31.484,0.07,19.806147089717406,0.6282934448908577,0.6488772213761536,0.6384747465380298
13163,TRGB,53.3026,-50.4143,28.91,0.04,6.0534087475391365,0.11048716138340708,0.11254127107568213,0.11150790995106698
13177,SBF,53.3913,-33.5732,31.534,0.1,20.267491520989644,0.9121873811922256,0.9551774480181727,0.9333524769722795
13179,TRGB,53.4016,-36.1405,31.4,0.09,19.054607179632463,0.7736050182050462,0.8063419939412348,0.7897473800042224
13197,SBF,53.4736,-31.1941,31.624,0.29,21.125159662408514,2.640987708711954,3.0183276347329766,2.8212637080952963
13230,SBF,53.6229,-35.5465,31.384,0.07,18.914723628330155,0.6000155817166473,0.6196729356524173,0.6097386493057338
13252,SBF,53.7467,-35.1711,31.434,0.09,19.355304139797447,0.7858131248928224,0.8190667163218066,0.8022102260879438
13266,SBF,53.8202,-35.2656,31.484,0.07,19.806147089717406,0.6282934448908577,0.6488772213761536,0.6384747465380298
13267,SBF,53.8191,-35.2263,31.454,0.07,19.534396563982572,0.6196729356524173,0.6399742921366816,0.6297145446040454
13277,SBF,53.879,-34.4471,31.584,0.07,20.739582044538317,0.6579040026984586,0.6794578626829164,0.6685651343095327
13281,SBF,53.888,-32.4649,31.344,0.07,18.569491014904624,0.5890640631302482,0.608362629921924,0.5986096647356878
13294,TRGB,53.9868,-45.1913,29.26,0.08,7.112135136533295,0.2572528720066698,0.2669071647577139,0.26202074151585186
13299,SBF,54.0159,-35.4412,31.494,0.15,19.89756811090657,1.3280770960019446,1.4230602472099818,1.3744753115702146
13318,SBF,54.1149,-34.9761,31.584,0.07,20.739582044538317,0.6579040026984586,0.6794578626829164,0.6685651343095327
13321,SBF,54.1322,-35.2952,31.654,0.08,21.419039907221233,0.7747475864813111,0.8038226360607794,0.7891065919457949
13333,SBF,54.1925,-35.9992,31.044,0.25,16.173350557998514,1.7588367004164045,1.9734472359707773,1.8620257949307155
13335,SBF,54.1978,-34.7396,31.484,0.07,19.806147089717406,0.6282934448908577,0.6488772213761536,0.6384747465380298
13343,SBF,54.2262,-35.3746,31.454,0.09,19.534396563982572,0.7930841642150206,0.8266454473371354,0.8096329859194868
13344,SBF,54.2377,-35.5066,31.434,0.09,19.355304139797447,0.7858131248928224,0.8190667163218066,0.8022102260879438
13354,SBF,54.2874,-35.1951,31.554,0.07,20.45502431109353,0.6488772213761536,0.6701353513149826,0.6593920767777668
13360,SBF,54.2988,-35.746,31.624,0.07,21.125159662408514,0.6701353513149826,0.6920899274744734,0.6809946881609337
13398,SBF,54.5272,-35.4399,31.504,0.08,19.989411112356606,0.7230365171157729,0.7501709321817103,0.7364371207206696
13399,SBF,54.5382,-34.5186,31.574,0.08,20.644292320739922,0.7467242098333209,0.7747475864813111,0.7605638360503553
13404,SBF,54.5568,-33.1272,31.614,0.07,21.02809837037741,0.6670563590577032,0.6889100631025151,0.6778658017830078
13418,SBF,54.6212,-35.4506,31.564,0.09,20.549440413453024,0.8342943034871553,0.8695994937682094,0.851703032976954
13419,SBF,54.6237,-23.0275,31.934,0.16,24.366884234595855,1.7308678300983509,1.8632190084918285,1.7954183808413455
13429,SBF,54.6872,-44.1007,31.444,0.25,19.444644164481286,2.114586811210472,2.3726054254017015,2.2386473895854135
13433,TRGB,54.7162,-35.5942,31.27,0.1,17.947336268325266,0.8077631932410299,0.8458318997074272,0.826505379007943
13470,SBF,54.8786,-18.6882,31.934,0.33,24.366884234595855,3.4354012001213405,3.9992399585293334,3.7030504104852753
13534,SBF,55.1756,-37.5109,31.754,0.08,22.428488158692854,0.8112603153381137,0.8417056297887875,0.8262960398815943
13550,SBF,55.2651,-33.7795,31.494,0.07,19.89756811090657,0.631193515665764,0.6518723025464546,0.6414218120661003
13602,CEP,55.5479,-29.8934,31.669,0.05,21.567509598981673,0.4909364555350635,0.5023718346041832,0.49661026095621197
13609,SBF,55.5808,-35.3928,31.484,0.07,19.806147089717406,0.6282934448908577,0.6488772213761536,0.6384747465380298
13611,SBF,55.5957,-35.1534,31.574,0.08,20.644292320739922,0.7467242098333209,0.7747475864813111,0.7605638360503553
13638,SBF,55.7046,-22.1084,31.894,0.18,23.92213847512053,1.9030163602757675,2.067485735966091,1.9829793400326663
13671,SBF,55.8443,-33.94,31.674,0.08,21.617227843354705,0.7819162376372191,0.8112603153381137,0.7964081053434299
13727,TRGB,56.1327,-44.6446,31.33,0.09,18.450154191794716,0.7490646086205146,0.7807630973068491,0.7646949000984262
13753,SBF,56.265,-35.9727,31.474,0.08,19.71514610996587,0.7131160841935262,0.739878201127663,0.7263328246241113
13758,SBF,56.3088,-36.9368,31.464,0.08,19.624563241736897,0.7098396134067428,0.7364787695827673,0.7229956284310767
13805,SBF,56.5572,-36.6964,31.494,0.07,19.89756811090657,0.631193515665764,0.6518723025464546,0.6414218120661003
13826,TRGB,56.7054,68.1014,26.75,0.1,2.2387211385683394,0.10075904906610855,0.10550767675158434,0.10309691842076232
13864,SBF,56.9694,-36.4717,31.504,0.08,19.989411112356606,0.7230365171157729,0.7501709321817103,0.7364371207206696
13950,SBF,57.6529,-35.9094,31.434,0.07,19.355304139797447,0.6139917400298955,0.6341069725591595,0.6239412869572897
14077,SBF,58.6187,-35.9672,31.524,0.09,20.174370856119253,0.8190667163218066,0.8537275142581571,0.8361577006890069
14241,TRGB,59.9604,67.1436,27.32,0.04,2.910717118066606,0.0531265746916576,0.05411427145773562,0.05361739076786205
14520,SBF,62.0788,-21.0519,34.244,0.38,70.59923578936672,11.33400226534524,13.501539617556702,12.354616840807934
14582,SBF,62.466,-56.1185,31.594,0.38,20.835311605717486,3.344901206054434,3.9845868293534714,3.6461059212520297
14659,SBF,63.18,-57.7377,31.494,0.17,19.89756811090657,1.4983232129398658,1.6203375924909835,1.5577386864462435
14757,SBF,63.9381,-55.5923,31.484,0.18,19.806147089717406,1.5755874829066983,1.7117586136801464,1.6417922053835052
14765,SBF,64.0437,-55.78,31.354,0.17,18.655203891005957,1.4047709185475412,1.5191669651132962,1.4604766091306245
14814,CEP,64.3989,-62.7836,31.491,0.061,19.87009758501157,0.5504144148423293,0.5660956258330998,0.5581816040461325
14965,SBF,65.4951,-56.9748,31.484,0.21,19.806147089717406,1.82572013794303,2.011102500165613,1.9154242396140895
15439,TRGB,68.0146,63.6161,27.49,0.07,3.1477483141013134,0.09985332447333262,0.10312465975302887,0.10147141682365553
15488,TRGB,68.2053,71.8803,27.33,0.14,2.924152377843333,0.18257820591545304,0.1947372062506023,0.18852707089622425
16282,TRGB,73.5564,-53.361,28.74,0.04,5.597576014951097,0.10216727637485334,0.10406670785637218,0.1031111607114193
16389,TRGB,74.2445,-42.8007,29.16,0.08,6.792036326171846,0.24567458549909116,0.25489436349961725,0.2502278655314774
16643,TRGB,75.8333,-25.4236,29.94,0.29,9.727472237769655,1.2160918557458835,1.3898450350462586,1.2991032888977068
16957,TRGB,78.5606,62.5806,27.6,0.21,3.311311214825913,0.3052349121976814,0.3362282544301691,0.3202321853439304
17223,CEP,80.8941,-69.7561,18.469,0.07,0.04940831009106557,0.001567337514597554,0.001618685694878351,0.0015927357360000082
17302,TRGB,81.774,-20.6778,29.08,0.03,6.546361740672744,0.08981945032619798,0.09106896334634218,0.09044132974451767
17716,TRGB,86.2575,5.0653,29.12,0.18,6.668067692136224,0.5304476404882781,0.5762919086136788,0.5527365576115708
17819,CEP,86.758,-34.2505,30.319,0.04,11.582438423173791,0.21140332606728407,0.21533360733813112,0.21335640042977147
18396,TRGB,91.4373,-33.0816,29.73,0.08,8.830799004185629,0.3194186221618569,0.3314058970343634,0.3253386583402319
18431,TRGB,91.8324,-34.2043,29.87,0.09,9.418895965228417,0.3824012280053992,0.3985834649714324,0.3903805699559409
18731,TRGB,93.9763,-57.7256,28.87,0.1,5.942921586155729,0.26747553207026,0.2800812655358724,0.27368165306229425
19041,TRGB,96.573,-26.2658,28.95,0.04,6.165950018614819,0.11254127107568213,0.11463356951835646,0.11358099677607073
19337,TRGB,99.4878,-26.0002,28.96,0.03,6.194410750767816,0.0849905017120971,0.08617283736536852,0.08557894712760018
19382,TRGB,99.8871,-40.7214,29.81,0.14,9.162204901219992,0.5720696861660421,0.610167308338113,0.5907091798861719
19619,SBF,101.9272,-26.7535,31.194,0.41,17.330057353270814,2.9817721709449323,3.601425681203658,3.272122401234604
19871,TRGB,103.9167,39.0952,29.99,0.23,9.954054173515262,1.0004065180193322,1.1121836662613962,1.054322610720405
20125,TRGB,106.3238,-58.5189,28.57,0.11,5.176068319505678,0.25567296269116646,0.2689582089185336,0.26220343056187534
20171,TRGB,106.7376,-22.0396,29.23,0.1,7.014552984199714,0.31570689003445196,0.3305856973714407,0.32303210270870325
20264,TRGB,107.3255,44.38,30.21,0.43,11.015393095414156,1.9788983581911381,2.4122565159644864,2.181293674407435
20298,TRGB,107.5566,44.4573,30.32,0.49,11.587773561551263,2.3407918221690274,2.9333426143261505,2.614819797054209
20445,TRGB,108.4653,10.5211,29.38,0.05,7.516228940182051,0.17109025861090732,0.17507546268404273,0.17306756713193627
20679,MASER,109.8787,59.3551,33.56,0.18,51.5228644581757,4.098665932151164,4.452895691335378,4.270888067390931
20916,SBF,110.9775,-27.5291,32.104,0.35,26.351175898638402,3.9226877399455837,4.608756234453338,4.247307736494814
21073,TRGB,112.0735,40.7701,30.05,0.07,10.232929922807546,0.3246104738798685,0.3352451693290437,0.3298706865707312
21102,TRGB,112.2254,69.215,27.53,0.03,3.206269324505467,0.04399166433708768,0.04460364934887995,0.044296247704382265
21199,TRGB,112.8269,-68.1875,28.28,0.03,4.5289757990362105,0.06213987752657868,0.06300432933248068,0.06257011296834945
21302,TRGB,113.5474,66.884,27.48,0.05,3.1332857243155865,0.0713222906249098,0.0729836001898807,0.07214657000900121
21325,SBF,113.7134,-69.2842,31.664,0.29,21.517905703397552,2.6900873360507767,3.0744425350647617,2.873714916495496
21373,CEP,114.0991,-69.5307,31.45,0.064,19.498445997580443,0.5662932398057947,0.5832320442594146,0.5746794379594002
21396,TRGB,114.2142,65.6024,27.47,0.05,3.1188895840939352,0.07099459446595446,0.07264827100682547,0.07181508663029094
21585,TRGB,115.358,40.1116,30.03,0.13,10.1391138573668,0.5891879971524308,0.6255382789315505,0.6070004830276959
21600,TRGB,115.4808,16.8025,29.51,0.02,7.979946872679773,0.07316059268151509,0.07383753931089831,0.0734980268476676
21772,TRGB,116.736,51.296,29.78,0.11,9.036494737223018,0.44635952216905395,0.4695531993397992,0.4577605576466751
22277,TRGB,119.259,14.391,29.43,0.03,7.691304402866094,0.1055286525742618,0.10699670236649528,0.10625929718231364
22721,CEP,121.4083,-11.427,32.051,0.099,25.715797663727407,1.1460893873590088,1.1995503755417332,1.1724136846280069
23110,CEP,123.6672,49.0615,30.219,0.05,11.061142822180791,0.25178235003752647,0.25764711437337695,0.2546922257383158
23324,TRGB,124.7682,70.7217,27.65,0.02,3.388441561392023,0.031065418962477942,0.03135286374506219,0.031208700110970967
23344,TRGB,124.8426,-85.1432,27.11,0.09,2.6424087573219457,0.10728012682403865,0.1118199460162197,0.10951867825571579
23521,TRGB,125.9814,71.0308,27.62,0.06,3.3419504002611444,0.09107742640679728,0.09362907873760129,0.09234150207800154
23701,SBF,126.7836,25.9703,32.134,0.43,26.717757271179465,4.799803832738153,5.850910948987519,5.290712226533196
23769,TRGB,127.1185,41.8566,29.92,0.04,9.638290236239712,0.17591862258177038,0.17918919396013777,0.17754386735932495
24050,TRGB,128.5302,66.18,27.78,0.03,3.5974933515574254,0.0493594592216704,0.050046117698656634,0.04970120738064789
24111,CEP,128.8221,28.4734,32.612,0.154,33.29660852068808,2.279593525911217,2.447132105760083,2.361382852351443
24171,TRGB,129.0633,-26.4093,29.53,0.07,8.053784411990671,0.25548330675808195,0.26385329903604315,0.25962333500932555
24749,SBF,132.1059,73.9671,32.684,0.68,34.41913882684287,9.253961210696456,12.65690949881541,10.778407452787812
24781,TRGB,132.2749,-26.3215,29.62,0.08,8.394599865193978,0.3036408734101439,0.31503603436682504,0.3092684881799277
24930,TRGB,133.1716,33.4211,29.91,0.38,9.594006315159332,1.5402219031686606,1.8347770327383799,1.6789172101766225
24961,SBF,133.3863,51.3138,31.114,0.34,16.703212258150426,2.4208514579585874,2.8311843058321458,2.6153185934498158
25003,SBF,133.6128,-3.067,32.574,0.4,32.71899836231789,5.504520897774238,6.6178897050022485,6.027062230941582
25950,SBF,138.0812,-24.1725,29.944,0.25,9.74540741766306,1.0598039141752942,1.1891195496461346,1.121981492253228
26142,TRGB,139.0113,52.841,25.63,0.03,1.3365955165464416,0.018338777990035693,0.018593895804594585,0.01846574947057508
26259,TRGB,139.4703,-22.3546,30.37,0.17,11.857687481671608,0.8929055202397631,0.9656183448886235,0.9283133707110912
26341,SBF,139.8269,69.2033,29.384,0.36,7.530087105475895,1.150390878850101,1.3578300933723053,1.2483839748971144
26512,CEP,140.5103,50.9768,30.709,0.23,13.861173512382436,1.3930814608262523,1.5487328586883322,1.468160449046723
26761,TRGB,141.5493,-76.6264,28.11,0.03,4.187935651179182,0.057460631277571395,0.05825998828394763,0.057858469204940983
27077,TRGB,143.0421,21.5014,29.76,0.09,8.953647655495944,0.36351244044197983,0.37889535247397355,0.3710976411503889
27115,TRGB,143.2034,21.4657,29.59,0.09,8.27942163712334,0.3361392898805242,0.35036384054636116,0.3431533111245461
27605,TRGB,145.1346,71.1833,27.97,0.03,3.9264493539959964,0.053872904779828534,0.05462235153897588,0.05424590250544369
27935,TRGB,146.2674,32.2379,29.99,0.3,9.954054173515262,1.284435415933105,1.4747291743824498,1.3752034052874846
28357,CEP,147.7381,33.5534,32.464,0.158,31.102836686851404,2.1827227246965606,2.347461995749967,2.2630949281171264
28378,TRGB,147.8208,7.8283,30.26,0.13,11.27197456175511,0.6550189897678518,0.6954307513173266,0.6748216954571407
28529,TRGB,148.4528,68.9691,28.05,0.13,4.073802778041128,0.23673032311833797,0.2513355323089579,0.2438872162613961
28655,TRGB,148.968,69.6798,27.74,0.02,3.5318316979195674,0.03238002763599601,0.03267963634287163,0.032529372074373786
28731,TRGB,149.2626,68.592,27.77,0.02,3.5809643710263597,0.032830478690604625,0.03313425536977199,0.03298190071707238
28757,TRGB,149.3832,69.046,27.88,0.08,3.7670379898390873,0.13625744213807245,0.14137096808492755,0.13878280832233184
28759,TRGB,149.3784,69.2777,27.92,0.17,3.83707245492279,0.2889385625870351,0.3124679714208458,0.3003963184050717
28826,TRGB,149.7022,66.8498,27.86,0.05,3.7325015779572044,0.08496210870112897,0.0869411304432619,0.08594402492981013
28868,TRGB,149.8601,30.7464,24.3,0.31,0.7244359600749903,0.09637760126167183,0.11116705815625749,0.10342067743484515
28974,SBF,150.2169,55.6189,32.694,0.93,34.57801035323063,12.04599699693576,18.485991566246916,14.80909888036213
29033,TRGB,150.4092,-8.2485,29.94,0.26,9.727472237769655,1.097686760099954,1.2373097236622073,1.1647132934944957
29146,TRGB,150.8276,68.7337,27.88,0.07,3.7670379898390873,0.11949852058301191,0.12341346010371756,0.12143495728204036
29194,TRGB,151.0165,-27.332,25.63,0.1,1.3365955165464416,0.06015670773509929,0.06299180602617671,0.06155249823525027
29230,TRGB,151.1704,29.3644,29.38,0.06,7.516228940182051,0.20483810534787494,0.21057691077496443,0.20768108055832352
29231,TRGB,151.1712,68.2561,27.79,0.09,3.6140986263961317,0.1467301218708168,0.15293936344295567,0.14979185319149982
29257,TRGB,151.2798,66.559,27.76,0.02,3.5645113342624444,0.03267963634287163,0.03298201729498107,0.032830362648324084
29265,SBF,151.3082,-7.7186,29.914,0.09,9.611695415159318,0.39022876391666905,0.40674224208095033,0.3983714384642111
29284,TRGB,151.3785,70.3644,29.69,0.03,8.669618757582173,0.11895162873533849,0.12060641072668155,0.11977520947890162
29311,SBF,151.4506,-67.378,31.964,0.22,24.705861360384304,2.380422744216876,2.634232424671765,2.503043315431934
29388,TRGB,151.7576,67.8275,27.82,0.02,3.664375746478333,0.0335951987773182,0.03390605132432878,0.03375014787587976
29488,TRGB,152.1166,12.3064,22.05,0.08,0.25703957827688645,0.009297372513557639,0.00964628817526142,0.009469688019997358
29653,TRGB,152.7533,-4.6928,25.75,0.08,1.4125375446227544,0.05109286215680342,0.053010296333156015,0.052039806296684255
29735,TRGB,153.1995,64.1078,27.81,0.06,3.6475394692560754,0.09940557692032037,0.10219055319875547,0.10078524009619744
30019,CEP,154.2237,73.4007,33.014,0.165,40.06821541822117,2.931798399025517,3.1632542728672206,3.0445956923207187
30197,CEP,154.9788,45.5497,30.669,0.08,13.608178583624555,0.4922211060690671,0.5106933844120221,0.5013438263912756
30664,TRGB,156.6158,67.657,27.66,0.04,3.404081897010009,0.062131496748864645,0.06328660751530579,0.06270550585108911
30744,SBF,156.8267,28.5074,31.674,0.2,21.617227843354705,1.9020817333888367,2.085591147943088,1.9910202633585747
30849,SBF,157.1962,-35.658,32.754,0.26,35.54675819990694,4.011237954399782,4.52145721831409,4.256170647839219
30859,SBF,157.2233,-35.6054,32.594,0.27,33.021743526707674,3.8609055414953737,4.3720908376075585,4.105910217020566
30895,CEP,157.3343,29.4922,32.331,0.076,29.25499309897075,1.0061933498136462,1.0420329276434792,1.0239040872810727
30997,TRGB,157.645,70.6214,27.92,0.02,3.83707245492279,0.03517849171717469,0.035503994293384356,0.03534074334177314
31286,TRGB,158.6273,66.0094,27.55,0.14,3.2359365692962836,0.20204538510201298,0.2155008240622811,0.20862854057740568
31533,SBF,159.3147,-41.6275,32.784,0.49,36.04126286491434,7.280526576284103,9.123527627996893,8.1328313113323
31671,CEP,159.7895,41.6868,30.589,0.09,13.115957477555467,0.5324995906526269,0.5550336044820341,0.5436109470269341
31693,TRGB,159.855,1.7185,30.04,0.22,10.185913880541165,0.9814181630094492,1.0860606812139295,1.0319730722336298
31961,TRGB,160.8636,-37.0439,29.15,0.1,6.760829753919814,0.3042874635732682,0.31862808992156477,0.3113477161529274
31968,TRGB,160.8796,24.9221,29.91,0.27,9.594006315159332,1.1217321737533634,1.2702499210113238,1.1929148598623371
32007,TRGB,160.9904,11.7035,29.94,0.03,9.727472237769655,0.13346592261032342,0.1353226185424603,0.13438999540321106
32192,TRGB,161.6904,11.8198,30.19,0.09,10.91440336448757,0.44311788397856944,0.4618694937467449,0.4523641647478765
32207,CEP,161.7668,17.2737,32.12,0.051,26.54605561975536,0.6162058856300945,0.6308496146674294,0.623470429867963
32249,TRGB,161.9265,13.9856,30.04,0.02,10.185913880541165,0.09338501977432045,0.09424910072356596,0.09381573383942088
32250,TRGB,161.9232,-38.8537,29.15,0.04,6.760829753919814,0.12339904990072803,0.1256932095229395,0.12453908646117094
32256,TRGB,161.9566,12.5816,30.22,0.02,11.066237839776658,0.1014558783448134,0.102394638028942,0.10192381714158547
32292,TRGB,162.0705,12.6294,29.82,0.02,9.204495717531715,0.08438732397261361,0.08516815026764668,0.08477653851086425
32405,TRGB,162.4047,65.5305,29.6,0.1,8.317637711026714,0.37435536378389855,0.39199818853410484,0.38304137204670463
32508,SBF,162.7221,13.4122,30.294,0.14,11.449855346901893,0.714905988849539,0.7625159547511959,0.7381994546840053
32533,SBF,162.8174,27.9748,32.084,0.33,26.109586865859363,3.6810987071664734,4.285262821841783,3.9678900031030193
32643,TRGB,163.1293,36.6191,29.75,0.19,8.912509381337454,0.7466856677515352,0.8149628564322011,0.7798288272202138
32667,TRGB,163.23,69.5461,27.91,0.15,3.8194427084004663,0.2549313741380219,0.27316388889963994,0.2638377553172315
32694,CEP,163.3498,16.7749,31.936,0.034,24.389337302789126,0.3789038670958931,0.38488327354371066,0.38187796660955986
32787,SBF,163.7023,17.6211,31.594,0.15,20.835311605717486,1.390667441236161,1.4901270104499424,1.4392523373363275
33160,SBF,165.0774,13.9012,30.404,0.15,12.04481128573176,0.8039393510344546,0.8614365348736097,0.8320260874335719
34176,TRGB,168.3671,22.1527,21.92,1.22,0.242102904673618,0.10406447821332934,0.182516659272695,0.13602085958237564
34232,CEP,168.5454,48.3184,32.804,0.08,36.37474856426328,1.315710171001939,1.365086689395298,1.340095260887667
34326,SBF,168.8625,18.1103,31.524,0.18,20.174370856119253,1.604879841214629,1.743582582322059,1.6723154013780137
34426,SBF,169.2273,18.0519,31.794,0.17,22.84546488551827,1.7203052231097544,1.860396474866075,1.7885233141890517
34583,SBF,169.6506,57.9999,32.424,0.4,30.535145939402888,5.137117801674709,6.176174029393486,5.624781748197341
34684,SBF,170.0157,18.357,31.574,0.24,20.644292320739922,2.1601203670433335,2.412559048732941,2.2816915081510656
34695,TRGB,170.0625,12.991,30.21,0.1,11.015393095414156,0.49577435718193286,0.5191394827967795,0.5072775986994035
34780,SBF,170.2867,3.1945,32.194,0.25,27.466289924159614,2.986933262198921,3.35139424195555,3.1621734869611244
35286,TRGB,171.9986,78.9939,28.28,0.04,4.5289757990362105,0.08266312434512013,0.08419994656758334,0.08342681729113262
35684,TRGB,173.3701,49.2381,28.08,0.12,4.130475019901611,0.22206606197759582,0.23468330250004765,0.2282584849874336
35856,TRGB,173.9497,54.5251,28.57,0.02,5.176068319505678,0.047454479592026644,0.047893570485519454,0.047673351011250066
35878,TRGB,174.0249,45.2856,27.49,0.12,3.1477483141013134,0.16923188467212746,0.1788472188387309,0.17395100026912375
36014,TRGB,174.4716,-39.2206,28.84,0.04,5.861381645140288,0.10698227176871633,0.10897122069807885,0.10797064000359154
36304,SBF,175.489,-6.1556,32.844,0.61,37.051005630192414,9.07407925164588,12.01718004660276,10.408197375831381
36758,TRGB,176.7465,61.3351,28.27,0.14,4.5081670454146,0.28148090275857296,0.3002264390826861,0.2906522705939628
37050,TRGB,177.7202,38.8807,27.07,0.08,2.5941793621188145,0.09383400042238099,0.0973554418080993,0.09557309964428136
37061,SBF,177.7574,-28.806,31.834,0.28,23.27019378848164,2.8151694773881104,3.2026136116939483,3.0005696743926666
37136,SBF,177.9486,48.6831,31.174,0.64,17.171174432444527,4.3832518030860665,5.885676937028336,5.060875555500449
37366,SBF,178.6671,-13.9749,32.834,0.49,36.88077172261549,7.450111825625328,9.336041886609067,8.322269288287854
37369,TRGB,178.6798,-33.5588,28.63,0.07,5.321082592667939,0.16879614685037758,0.17432614590830475,0.1715314363905423
37466,CEP,178.9378,55.3207,31.635,0.089,21.232444620002216,0.8526407571316277,0.8883131446390564,0.8702332863631294
37520,CEP,179.1173,55.1249,31.722,0.071,22.10039317349186,0.7109243317967113,0.7345534087635706,0.722610109362374
37642,SBF,179.484,55.4536,30.794,0.19,14.41451385758211,1.207640906117879,1.318067996882581,1.2612444997865373
37727,TRGB,179.742,-19.0299,30.06,0.08,10.28016298126473,0.3718435323370528,0.38579823103783184,0.3787352005473504
37863,SBF,180.1443,-17.8425,31.694,0.23,21.817249589882987,2.19268634814609,2.437678981211217,2.3108593890865716
37967,TRGB,180.4709,-18.868,31.67,0.14,21.57744409152668,1.3472523047439502,1.4369740825584323,1.3911492310817302
38068,CEP,180.7903,44.5312,31.103,0.042,16.61881296024267,0.31834772039423953,0.3245650442306349,0.32143634027829265
38148,TRGB,181.0078,52.5884,28.16,0.02,4.285485203974395,0.03928956451126542,0.03965310637569086,0.03947077738767196
38252,TRGB,181.2361,-35.7431,28.64,0.1,5.345643593969718,0.24059359421565674,0.25193242098138935,0.24617598503867577
38440,SBF,181.7628,43.0656,30.874,0.23,14.95546772744395,1.5030606759576344,1.6710002414914094,1.584066904206435
38624,SBF,182.3428,13.9924,31.164,0.09,17.09228005234333,0.6939357760779536,0.7233013542856206,0.7084157265684944
38643,SBF,182.3741,43.6853,30.724,0.26,13.957254577067674,1.5749922674777483,1.7753272773970163,1.671163849070505
38654,SBF,182.4003,42.5342,31.034,0.19,16.099040762157053,1.3487697445594744,1.4721017037938964,1.4086376282769606
38685,TRGB,182.4847,36.4347,28.38,0.13,4.742419852602445,0.27558393109281276,0.2925862352765991,0.28391545669035667
38688,TRGB,182.4939,46.4573,29.14,0.04,6.729766562843179,0.12283208276721425,0.1251157016834359,0.12396688133545984
38726,SBF,182.5962,10.1885,31.414,0.13,19.17785364482655,1.1144328131267578,1.1831883664931588,1.1481246378731778
38739,CEP,182.636,39.4058,30.99,0.06,15.776112696993476,0.42994286900053424,0.4419882765958043,0.4359101030578952
38742,TRGB,182.6403,30.4016,30.92,0.35,15.27566058238074,2.273964802047834,2.671675685944555,2.4621455839838644
38800,SBF,182.7822,14.2749,30.874,0.13,14.95546772744395,0.8690682638313856,0.9226859146121917,0.8953421632471155
38881,TRGB,183.0384,36.1694,27.33,0.03,2.924152377843333,0.04012087471673098,0.040679011681008515,0.040398658049190905
38890,SBF,183.072,13.2051,32.494,0.13,31.535520245507158,1.8325418053285603,1.945601493098259,1.8879436892450345
39023,TRGB,183.4353,36.6332,27.21,0.06,2.7669416454115128,0.07540684148459453,0.07751946203640214,0.07645342303090759
39032,TRGB,183.4571,-38.231,27.56,0.1,3.2508729738543423,0.14631338572599084,0.1532089231556668,0.14970823297628463
39058,TRGB,183.5351,66.0947,28.63,0.03,5.321082592667939,0.0730079901702192,0.07402363248333721,0.07351347273880383
39145,TRGB,183.7421,36.2184,27.32,0.08,2.910717118066606,0.10528348011488964,0.10923460233540849,0.1072347815357241
39173,SBF,183.8025,14.4329,31.074,0.07,16.398344276265377,0.5201906342092109,0.5372328106498223,0.5286201631243805
39225,TRGB,183.9132,36.3274,27.25,0.07,2.8183829312644537,0.08940514845641312,0.09233418680215211,0.09085393133429752
39228,TRGB,183.9443,52.3873,28.27,0.09,4.5081670454146,0.18302873506451434,0.1907740406375531,0.18684788823897605
39331,SBF,184.1405,13.0314,31.304,0.08,18.23055960681068,0.6594171408597305,0.684164021519436,0.6716386366013066
39384,SBF,184.282,7.6244,32.464,0.15,31.102836686851404,2.0759805818608648,2.224453270762332,2.148507843149171
39389,SBF,184.2912,7.1916,32.114,0.19,26.47280740017559,2.217878829081421,2.420682415415161,2.316323884195177
39393,SBF,184.2975,15.3239,31.374,0.23,18.827818367346747,1.892241280431577,2.103664667127724,1.9942220796875976
39405,SBF,184.3319,11.9435,31.254,0.11,17.81558140662895,0.8800043197137519,0.9257309931386004,0.9024816277383657
39422,TRGB,184.373,37.8072,28.12,0.07,4.207266283844443,0.13346350580331467,0.13783595787127467,0.1356262407841134
39423,TRGB,184.3757,45.6191,29.36,0.1,7.447319739059888,0.33518460252660365,0.35098136617270104,0.34296174827839215
39461,TRGB,184.4579,47.4091,29.21,0.14,6.950243175887971,0.43395923527954317,0.4628592371212097,0.4480987372255307
39492,SBF,184.5348,28.1753,31.484,0.2,19.806147089717406,1.7427262580176155,1.9108613437625195,1.8242135615372281
39600,MASER,184.7398,47.3038,29.4,0.03,7.585775750291832,0.10408074518029853,0.1055286525742618,0.10480136496850617
39615,TRGB,184.7886,47.0904,29.26,0.02,7.112135136533295,0.06520444686181914,0.06580777618032574,0.06550518537896297
39659,SBF,184.8459,5.825,32.414,0.15,30.394849687701146,2.0287254945759585,2.1738185324658374,2.0996018338408615
39676,SBF,184.8775,14.8776,30.864,0.07,14.886753594923645,0.47223973734153546,0.48771097499324334,0.47989223675045395
39710,SBF,184.9389,12.7984,30.994,0.07,15.805200152842568,0.5013748310681994,0.5178005753473851,0.5094994556921152
39764,SBF,185.0283,29.2806,30.964,0.2,15.588344677043889,1.371605363963857,1.5039353752994167,1.4357396031125738
39791,SBF,185.0738,75.3709,32.134,0.32,26.717757271179465,3.6609059017066024,4.242174861912275,3.9372742150944715
39800,SBF,185.0866,29.3108,31.024,0.19,16.025072388814195,1.3425727104943377,1.465338010848857,1.402165526272094
39801,SBF,185.0896,5.3864,32.054,0.28,25.75134990410317,3.115333499605665,3.5440883935911884,3.3205017671650507
39857,SBF,185.2035,17.4871,31.174,0.08,17.171174432444527,0.6210981447446144,0.6444069741843883,0.6326094444375562
39918,TRGB,185.3134,45.812,29.26,0.02,7.112135136533295,0.06520444686181914,0.06580777618032574,0.06550518537896297
39950,TRGB,185.3867,14.6061,30.81,0.2,14.521116175877413,1.2777008239307701,1.4009710946342704,1.3374442256084016
40032,SBF,185.517,12.7875,31.314,0.12,18.314708046613507,0.9846506933426937,1.0405960931839395,1.0121081695360885
40033,SBF,185.5233,9.0436,31.004,0.15,15.878153642056166,1.059798466891836,1.1355945169358108,1.0968239964140294
40045,TRGB,185.5317,15.7992,29.79,0.26,9.078205301781855,1.0244208897911982,1.1547246210256912,1.0869736903491654
40059,SBF,185.5616,7.167,31.804,0.09,22.95091476024225,0.9317926453974863,0.9712237148782812,0.9512358155551947
40066,SBF,185.5813,14.7608,30.984,0.08,15.73258185446469,0.5690628465917769,0.5904188737252625,0.5796097352383843
40095,SBF,185.6305,15.5379,31.034,0.16,16.099040762157053,1.1435730347131035,1.231016591113761,1.1862211606542825
40105,SBF,185.6606,11.8008,31.154,0.16,17.013748158991977,1.2085480061494085,1.3009598876215307,1.2536192923791942
40115,SBF,185.6715,7.9504,31.874,0.1,23.702818991297793,1.0668025868003213,1.1170794437731644,1.0915551534259693
40122,SBF,185.6804,8.1983,31.714,0.08,22.019122114844762,0.7964531458369457,0.8263427706734703,0.8112144374793132
40179,SBF,185.7757,5.2505,30.954,0.16,15.516722739072343,1.1022088814902329,1.1864895190780835,1.143314383075511
40209,TRGB,185.8333,15.8205,30.81,0.24,14.521116175877413,1.5194203955445076,1.6969847977118668,1.6049330707300817
40240,SBF,185.8956,6.0817,31.634,0.09,21.222668969007817,0.8616269576881095,0.8980887956334556,0.8796060216285249
40245,SBF,185.8971,16.7225,31.054,0.14,16.248003352273184,1.0144927207775094,1.0820540009976298,1.0475474886761227
40252,SBF,185.9126,7.0539,31.454,0.31,19.534396563982572,2.598819477067373,2.997616792312254,2.7887358403893434
40295,SBF,185.9908,16.6935,30.954,0.2,15.516722739072343,1.365303409758038,1.497025419919634,1.4291429788443888
40306,SBF,186.006,12.2046,30.964,0.22,15.588344677043889,1.5019452134313251,1.6620882954145273,1.579313563423831
40313,SBF,186.0208,11.2181,31.334,0.07,18.48417195369656,0.5863575596069523,0.6055674575384948,0.5958593031568846
40425,SBF,186.2014,18.1951,30.984,0.08,15.73258185446469,0.5690628465917769,0.5904188737252625,0.5796097352383843
40442,SBF,186.2309,11.7043,31.114,0.07,16.703212258150426,0.5298617001519119,0.5472207143080148,0.5384479457102562
40455,SBF,186.2652,12.8871,31.274,0.06,17.980426951774376,0.49001655211132444,0.5037450019221836,0.49681755677788864
40477,SBF,186.3014,14.7623,31.224,0.07,17.57114246595095,0.5573943069589724,0.5756553280183425,0.5664267099256262
40484,SBF,186.3113,15.6074,31.004,0.07,15.878153642056166,0.5036890721392773,0.5201906342092109,0.5118511983265471
40500,SBF,186.328,64.9335,31.914,0.27,24.143487297141526,2.8228589390249432,3.1966064879146394,3.0019914329376163
40507,SBF,186.3422,10.0167,31.004,0.15,15.878153642056166,1.059798466891836,1.1355945169358108,1.0968239964140294
40515,SBF,186.3502,18.1908,31.264,0.07,17.897814394089608,0.567757040818794,0.5863575596069523,0.5769573686940699
40549,SBF,186.4071,-39.3195,32.974,0.52,39.33688806732014,8.376955934228494,10.643543290503771,9.419959335133019
40562,SBF,186.4238,12.8104,31.284,0.07,18.06342083169975,0.5730104320367246,0.5917830593062057,0.5822958894976995
40563,TRGB,186.4212,2.1593,30.32,0.08,11.587773561551263,0.4191410837456395,0.43487078462285567,0.42690935462109536
40596,TRGB,186.4537,33.5468,28.34,0.01,4.6558609352295885,0.021391737866711225,0.021490477642395867,0.02144103196902594
40616,SBF,186.4911,10.0537,31.134,0.08,16.85776517828977,0.6097618260165625,0.6326452213732559,0.6210630208115863
40643,SBF,186.5298,16.1808,31.144,0.13,16.93557708691517,0.9841332176391546,1.0448498648591773,1.0138857908811425
40644,SBF,186.5316,13.113,31.064,0.14,16.323000728189953,1.0191754064155845,1.0870485353361268,1.0523827481905121
40665,TRGB,186.5709,48.4942,28.73,0.05,5.5718574893193,0.12683096089508883,0.12978523348817816,0.12829675995193854
40692,CEP,186.6126,31.2234,31.209,0.05,17.450183572026464,0.3972146729305912,0.4064669912409542,0.4018053256295773
40727,SBF,186.6686,8.4357,30.964,0.12,15.588344677043889,0.8380736594463105,0.8856909173136351,0.8614437618675441
40750,TRGB,186.7194,53.1054,28.88,0.09,5.970352865838366,0.2423925559800768,0.2526499858532256,0.24745041915828667
40756,SBF,186.7108,9.5842,31.024,0.07,16.025072388814195,0.5083496497418523,0.5250038988857177,0.5165872991528767
40785,SBF,186.7606,15.4614,31.064,0.13,16.323000728189953,0.9485361582730647,1.0070566250808604,0.9772125518911897
40791,TRGB,186.7707,37.1433,28.43,0.07,4.8528850016212095,0.15394391556905607,0.1589873346515125,0.15643852927846338
40809,TRGB,186.799,9.4202,31.0,0.09,15.848931924611133,0.643456627286179,0.670686057679017,0.6568832590107665
40816,SBF,186.8056,12.7348,30.994,0.24,15.805200152842568,1.6537808235282636,1.8470470216829948,1.7468552766586805
40850,SBF,186.8607,11.1075,31.074,0.07,16.398344276265377,0.5201906342092109,0.5372328106498223,0.5286201631243805
40886,SBF,186.9029,8.1543,31.754,0.07,22.428488158692854,0.7114797252129286,0.7347888011816366,0.7230090348963951
40898,SBF,186.9186,13.0789,31.104,0.07,16.62646796893536,0.5274272067783059,0.5447064635091685,0.5359740021217897
40914,SBF,186.9403,13.0088,31.074,0.18,16.398344276265377,1.3044953097158434,1.4172371303635742,1.3593089908912641
40931,SBF,186.9785,8.0905,31.014,0.08,15.951443869276016,0.5769792993591274,0.5986324184238612,0.5876729098420195
40950,SBF,187.0163,9.8037,30.854,0.07,14.818355175164307,0.4700699928384253,0.48547014661006216,0.4776873322063431
40970,SBF,187.0514,10.2977,31.044,0.1,16.173350557998514,0.7279206839842889,0.7622265289166847,0.7448103179722863
40973,TRGB,187.046,44.093,28.1,0.01,4.168693834703357,0.019153408359727564,0.019241816475831897,0.019197544562088272
40985,SBF,187.0622,11.7898,31.104,0.07,16.62646796893536,0.5274272067783059,0.5447064635091685,0.5359740021217897
41020,TRGB,187.1171,37.2348,28.32,0.07,4.613175745603794,0.14633982409416202,0.15113412245036528,0.14871121584464583
41024,SBF,187.1234,17.085,31.104,0.15,16.62646796893536,1.109745229863016,1.1891134376935568,1.1485157188324064
41048,TRGB,187.1613,35.7176,28.33,0.14,4.634469197362877,0.2893669556471661,0.3086376725054736,0.2987952712580596
41060,SBF,187.1804,11.7551,30.964,0.23,15.588344677043889,1.5666663399863143,1.7417126762269248,1.6511005435794597
41066,TRGB,187.1837,22.8215,29.05,0.09,6.456542290346557,0.2621315395787409,0.2732242724966216,0.2676012845406771
41069,SBF,187.1898,44.8643,29.854,0.19,9.349750030886002,0.7833174750694525,0.854944288535993,0.8180866116848716
41093,TRGB,187.218,42.1779,29.6,0.15,8.317637711026714,0.5551665447397864,0.5948716703107397,0.5745620580700569
41095,SBF,187.2397,13.2418,31.074,0.07,16.398344276265377,0.5201906342092109,0.5372328106498223,0.5286201631243805
41104,SBF,187.2501,13.9786,30.984,0.07,15.73258185446469,0.4990712229689933,0.5154214978085179,0.5071585183335863
41111,SBF,187.2624,13.1838,31.174,0.13,17.171174432444527,0.9978238744460128,1.0593851743661524,1.0279903472110288
41148,SBF,187.3388,8.1566,30.984,0.07,15.73258185446469,0.4990712229689933,0.5154214978085179,0.5071585183335863
41156,SBF,187.3481,12.4507,31.144,0.11,16.93557708691517,0.8365363247581179,0.8800043197137448,0.8579033615148128
41164,SBF,187.3668,8.7499,31.004,0.16,15.878153642056166,1.1278826244585645,1.2141264102871645,1.1699455961749647
41171,SBF,187.3787,14.0491,31.024,0.14,16.025072388814195,1.000573358825049,1.0672076635291354,1.0331745983057534
41220,SBF,187.445,8.0004,31.124,0.08,16.780310782909552,0.6069602249110382,0.6297384806164992,0.6182094954325565
41228,SBF,187.4536,13.4294,31.014,0.07,15.951443869276016,0.5060139952617906,0.522591725081508,0.5142137961117671
41241,SBF,187.4732,14.0686,30.964,0.08,15.588344677043889,0.5638456470547428,0.5850058809546006,0.5742958412450294
41255,SBF,187.4963,12.3486,31.204,0.08,17.41004926352608,0.6297384806164956,0.6533715681736716,0.6414099184397939
41260,SBF,187.5092,13.6364,31.204,0.1,17.41004926352608,0.7835812945907215,0.8205103432846279,0.8017623980497425
41272,SBF,187.5432,10.7795,31.294,0.07,18.14679779396929,0.5756553280183425,0.5945146057982598,0.5849836452035931
41297,SBF,187.5741,12.3268,31.164,0.07,17.09228005234333,0.5422037646434177,0.5599671221822611,0.5509900095532735
41302,SBF,187.5767,13.5776,31.194,0.07,17.330057353270814,0.5497465703612612,0.567757040818794,0.5586550441132252
41314,TRGB,187.5987,42.9015,29.52,0.07,8.01678063387679,0.2543094675898745,0.26264100324655004,0.25843047413915277
41326,TRGB,187.6303,41.7009,29.7,0.58,8.709635899560803,2.0415682074245796,2.666636958673495,2.326342623377201
41327,SBF,187.6332,12.4902,31.044,0.08,16.173350557998514,0.5850058809545935,0.6069602249110382,0.595848254377829
41333,TRGB,187.6516,41.6437,29.2,0.23,6.918309709189362,0.6953068574977701,0.7729946936767318,0.7327798530343884
41361,SBF,187.7058,12.3912,31.134,0.04,16.85776517828977,0.3076888905898585,0.31340925415475596,0.31053151040579313
41363,SBF,187.714,8.3601,30.984,0.1,15.73258185446469,0.7080828244755448,0.741453739892858,0.7245121690479803
41365,SBF,187.7176,16.7588,30.954,0.07,15.516722739072343,0.4922237090831967,0.5083496497418523,0.5002000425955361
41377,SBF,187.7405,12.2703,31.314,0.07,18.314708046613507,0.5809818011879315,0.6000155817166473,0.5903964322293851
41395,TRGB,187.7652,1.6758,29.82,0.14,9.204495717531715,0.5747102398620143,0.6129837126681341,0.5934357695760498
41435,SBF,187.8342,14.1151,31.134,0.09,16.85776517828977,0.6844146202912569,0.7133772876611779,0.6986958984130345
41441,SBF,187.8503,25.7747,31.174,0.11,17.171174432444527,0.8481737042545738,0.8922463992552245,0.8698379861016398
41457,SBF,187.8855,11.6247,30.904,0.15,15.16351900787289,1.0120996785585863,1.084484344400293,1.0474587847457995
41471,CEP,187.9129,3.9395,30.829,0.03,14.648730866134352,0.20098812233333518,0.2037841456316034,0.2023796959418563
41522,TRGB,188.001,39.8324,29.74,0.07,8.871560120379604,0.2814249053256539,0.29064478084038825,0.2859853091870116
41529,SBF,188.0115,11.89,31.124,0.07,16.780310782909552,0.5323074306363687,0.5497465703612612,0.540933308503487
41538,SBF,188.0257,11.1764,31.074,0.1,16.398344276265377,0.7380470694048995,0.7728301561791788,0.7551716616062579
41552,SBF,188.0592,10.2515,30.934,0.07,15.374464569916888,0.48771097499324334,0.5036890721392773,0.4956141810403804
41573,SBF,188.0973,11.2629,31.014,0.08,15.951443869276016,0.5769792993591274,0.5986324184238612,0.5876729098420195
41589,SBF,188.1393,15.4154,31.024,0.08,16.025072388814195,0.5796425147999464,0.6013955801211637,0.5903854847461448
41618,TRGB,188.1895,0.1146,29.56,0.12,8.165823713585919,0.4390178626289032,0.4639617640837823,0.4512600949180852
41636,TRGB,188.2266,31.541,28.39,0.05,4.764309868054159,0.10844893282457058,0.11097503297970679,0.10970228880585937
41652,SBF,188.2707,16.2655,31.104,0.07,16.62646796893536,0.5274272067783059,0.5447064635091685,0.5359740021217897
41680,SBF,188.3061,9.3972,31.044,0.13,16.173350557998514,0.9398399265028168,0.9978238744460128,0.9682534133639721
41681,SBF,188.3079,10.9285,31.294,0.16,18.14679779396929,1.2890326156795204,1.3875987700132804,1.3371054747510698
41723,SBF,188.3945,11.2619,31.304,0.07,18.23055960681068,0.5783124322851165,0.597258760536068,0.5876838070261433
41749,TRGB,188.4698,39.6259,29.94,0.09,9.727472237769655,0.39492922979973777,0.4116416195971446,0.4031699862096331
41754,SBF,188.4651,13.3225,31.064,0.08,16.323000728189953,0.5904188737252625,0.6125763587252173,0.6013615703945783
41772,TRGB,188.5127,7.6992,30.98,0.08,15.70362804333553,0.5680155589734355,0.5893322830616832,0.5785430374161225
41781,SBF,188.5254,11.3212,30.994,0.07,15.805200152842568,0.5013748310681994,0.5178005753473851,0.5094994556921152
41782,SBF,188.5281,12.7416,31.144,0.12,16.93557708691517,0.9105046981010005,0.962237307174437,0.9358945761979776
41797,SBF,188.548,12.049,31.114,0.08,16.703212258150426,0.6041714959933486,0.6268450951203874,0.6153690808117214
41806,SBF,188.5662,13.0754,30.934,0.22,15.374464569916888,1.481337752549317,1.639283589075088,1.5576445689840526
41812,CEP,188.5845,8.1977,30.849,0.05,14.784273904006696,0.33653116020567886,0.3443699779225913,0.34042048702106703
41876,SBF,188.7117,15.5511,31.224,0.17,17.57114246595095,1.3231391136777653,1.430887559821393,1.3756077241050921
41934,CEP,188.8602,14.496,31.019,0.05,15.988215745080947,0.36393622231611467,0.3724133859332035,0.3681422723819608
41943,SBF,188.8768,12.2212,30.914,0.07,15.233510631495697,0.4832396138980961,0.4990712229689933,0.4910703629166764
41947,SBF,188.8854,73.6748,32.264,0.97,28.366124193125188,10.219326399155868,15.97431597021896,12.671190454342915
41959,SBF,188.9052,12.382,30.954,0.22,15.516722739072343,1.4950444020147469,1.6544516933721845,1.5720572767288277
41963,SBF,188.9082,12.264,31.084,0.07,16.474035594357524,0.522591725081508,0.5397125646344527,0.5310601629342931
41968,SBF,188.916,12.5561,31.034,0.07,16.099040762157053,0.5106960851131639,0.5274272067783059,0.5189717577862487
42002,TRGB,188.9904,27.9597,29.68,0.08,8.629785477669701,0.3121477666429868,0.3238621778262285,0.3179330463459001
42038,TRGB,189.0865,25.9872,30.36,0.02,11.803206356517292,0.10821244631858029,0.10921372375645255,0.10871154802419712
42046,SBF,189.1032,10.3847,30.994,0.17,15.805200152842568,1.190160432780937,1.2870798995007622,1.2373558209665654
42051,SBF,189.1123,11.4394,31.004,0.07,15.878153642056166,0.5036890721392773,0.5201906342092109,0.5118511983265471
42096,SBF,189.2226,7.2467,31.164,0.07,17.09228005234333,0.5422037646434177,0.5599671221822611,0.5509900095532735
42099,SBF,189.2283,12.52,31.084,0.08,16.474035594357524,0.5958819523013581,0.6182444579857815,0.606925900496335
42115,TRGB,189.3081,29.6308,29.58,0.17,8.241381150130017,0.6205910498759089,0.6711282312074367,0.6452003669870311
42120,TRGB,189.3086,-10.4979,29.91,0.07,9.594006315159332,0.3043424473599696,0.314313133768346,0.3092742229272726
42134,TRGB,189.3408,38.7438,28.89,0.08,5.997910762555096,0.21695028849790887,0.22509208913649648,0.22097119857548664
42149,SBF,189.3773,9.5551,31.124,0.07,16.780310782909552,0.5323074306363687,0.5497465703612612,0.540933308503487
42168,SBF,189.4314,11.818,31.514,0.15,20.081678041839858,1.3403656420723067,1.4362276615576626,1.3871931750433897
42205,SBF,189.5288,10.0824,31.224,0.09,17.57114246595095,0.7133772876611779,0.7435655806625583,0.7282629127615192
42224,SBF,189.5768,-41.5034,32.584,0.34,32.870022396877566,4.763960393533591,5.571448779080335,5.146649603265288
42275,TRGB,189.6668,32.7669,27.88,0.18,3.7670379898390873,0.29966948531377247,0.3255686074610189,0.3122613187252466
42309,SBF,189.7694,14.7303,30.834,0.14,14.682499678319857,0.9167458132257007,0.97779752854062,0.9466157368412971
42336,TRGB,189.8281,-0.532,29.69,0.09,8.669618757582173,0.3519810465554585,0.3668759796408452,0.3593256284367049
42380,TRGB,189.9123,44.8202,29.74,0.1,8.871560120379604,0.39928597897365137,0.4181037474197584,0.40855044169573085
42401,SBF,189.9831,10.1762,31.124,0.12,16.780310782909552,0.9021571408534115,0.9534154625160234,0.9273142431488347
42407,TRGB,189.9977,-11.623,29.8,0.08,9.120108393559102,0.3298832252502475,0.3422632200988236,0.335997210135985
42408,TRGB,189.9975,61.609,28.67,0.02,5.4200089040162425,0.049690940313709575,0.050150724923476275,0.04992012682513119
42426,SBF,190.0469,9.8961,31.054,0.09,16.248003352273184,0.659658675229295,0.6875737346419868,0.6734233855775074
42430,SBF,190.0557,12.8749,31.134,0.09,16.85776517828977,0.6844146202912569,0.7133772876611779,0.6986958984130345
42442,SBF,190.0819,15.9352,31.054,0.07,16.248003352273184,0.5154214978085179,0.5323074306363687,0.5237737443380613
42447,TRGB,190.0958,3.1177,29.79,0.07,9.078205301781855,0.28798013347301676,0.29741476747694406,0.2926467627863138
42516,SBF,190.2396,11.9114,30.994,0.17,15.805200152842568,1.190160432780937,1.2870798995007622,1.2373558209665654
42521,SBF,190.2441,11.1844,31.024,0.08,16.025072388814195,0.5796425147999464,0.6013955801211637,0.5903854847461448
42545,SBF,190.3053,10.1558,31.194,0.1,17.330057353270814,0.7799810655709365,0.816740440698478,0.7980786344474645
42550,SBF,190.3155,11.3872,30.944,0.08,15.445429874014225,0.5586762790905802,0.5796425147999447,0.569030665324641
42574,SBF,190.3864,7.3148,31.104,0.07,16.62646796893536,0.5274272067783059,0.5447064635091685,0.5359740021217897
42575,TRGB,190.3866,41.1489,29.37,0.06,7.481695005111547,0.20389695974329936,0.209609397754547,0.2067268726691743
42586,SBF,190.4142,12.2474,30.974,0.18,15.660297206860477,1.2457833492783674,1.3534509521314995,1.2981300084134362
42605,SBF,190.4666,9.4029,30.994,0.07,15.805200152842568,0.5013748310681994,0.5178005753473851,0.5094994556921152
42607,TRGB,190.4697,41.2738,30.15,0.1,10.71519305237606,0.4822631295685351,0.504991490643576,0.4934528758190897
42619,SBF,190.4971,12.9427,31.684,0.3,21.717008433479926,2.802284805149771,3.2174534474984,3.0003155930014107
42620,TRGB,190.4992,32.5736,29.15,0.27,6.760829753919814,0.7904768880814474,0.8951363151927438,0.8406388336129039
42628,SBF,190.5096,11.6473,30.934,0.07,15.374464569916888,0.48771097499324334,0.5036890721392773,0.4956141810403804
42638,SBF,190.5362,11.7543,31.024,0.07,16.025072388814195,0.5083496497418523,0.5250038988857177,0.5165872991528767
42647,SBF,190.5447,7.6769,31.184,0.07,17.25043297245844,0.5472207143080148,0.56514843417051,0.5560882573410609
42656,TRGB,190.563,38.5026,28.25,0.08,4.466835921509632,0.16156981659252168,0.1676332758532455,0.1645643168914944
42662,SBF,190.5686,-40.642,33.054,0.24,40.81313915969726,4.270492384632021,4.769555994322246,4.510834839715701
42728,SBF,190.6976,11.4424,31.204,0.07,17.41004926352608,0.5522840852363089,0.5703776882482963,0.5612336786348198
42741,CEP,190.7182,13.257,31.812,0.084,23.035625001175365,0.8740817415781486,0.9085567274584463,0.8910969771565235
42754,SBF,190.7418,10.6819,31.134,0.16,16.85776517828977,1.197467971429294,1.2890326156795204,1.2421260416231725
42831,SBF,190.9169,11.5527,31.094,0.08,16.550076287699913,0.5986324184238718,0.6210981447446144,0.609727343167553
42832,TRGB,190.9394,53.9599,29.88,0.12,9.462371613657925,0.5087239581619958,0.5376283863420745,0.5229099797274901
42879,SBF,191.0417,-41.7499,32.434,0.18,30.67608976917933,2.440296078076365,2.651200188434405,2.5428350524989414
42884,SBF,191.05,12.9419,31.094,0.07,16.550076287699913,0.5250038988857177,0.5422037646434177,0.5335114252716089
42913,SBF,191.1225,13.4986,31.054,0.12,16.248003352273184,0.8735387823563272,0.9231710801713433,0.8978978474366764
42917,SBF,191.1332,11.1905,30.844,0.07,14.750271017597601,0.46791021740576255,0.4832396138980961,0.47549255827839293
42936,TRGB,191.1773,-35.9666,28.63,0.05,5.321082592667939,0.12112262733278367,0.12394393575627216,0.12252245456467306
42991,SBF,191.335,13.6928,31.164,0.08,17.09228005234333,0.6182444579857815,0.6414461930822455,0.6297028680608839
43072,TRGB,191.5638,10.2055,29.87,0.22,9.418895965228417,0.9075155832046455,1.0042783287046237,0.9542636154478555
43118,CEP,191.7282,-11.6367,32.599,0.205,33.09786650728402,2.981678476495805,3.2768820569791544,3.1246368152127424
43129,TRGB,191.7492,36.4764,27.34,0.08,2.9376496519615305,0.10625765616214933,0.11024533766645028,0.10822701275273228
43154,SBF,191.8356,12.1666,30.994,0.08,15.805200152842568,0.5716895213468707,0.5931441234227837,0.5822850922195602
43186,SBF,191.9399,13.7627,31.214,0.19,17.490410399663027,1.465338010848857,1.5993290115720278,1.5303800137512606
43241,SBF,192.0627,10.9835,31.194,0.21,17.330057353270814,1.5974754988061477,1.7596820579642412,1.6759651323396754
43249,SBF,192.0898,-41.7144,32.854,0.67,37.22202530178498,9.881931516728912,13.45370311594327,11.484721999185599
43255,TRGB,192.0956,51.1659,29.02,0.1,6.367955209079157,0.28660519629198333,0.3001124830570667,0.293255174745589
43276,SBF,192.15,-5.8006,30.474,0.07,12.439416235583076,0.3946049498513169,0.4075327627288541,0.40099940145442386
43367,SBF,192.3938,-41.0548,32.214,0.44,27.72043237577699,5.084415971279519,6.226458162230802,5.616921583663599
43423,SBF,192.5163,-41.382,32.784,0.23,36.04126286491434,3.622234082635579,4.0269525533066926,3.817451431849855
43451,CEP,192.611,25.5009,30.429,0.06,12.18428362708399,0.3320555551269031,0.34135852255388777,0.3366641981824202
43495,TRGB,192.7208,41.12,28.17,0.04,4.30526610491711,0.07857996226107478,0.08004087283274774,0.07930593243643742
43516,SBF,192.7782,10.9121,31.084,0.14,16.474035594357524,1.0286057203432986,1.0971068715934251,1.0621203258685863
43656,SBF,193.0731,11.3136,31.044,0.07,16.173350557998514,0.5130533511380371,0.5298617001519119,0.5213672225806004
43690,CEP,193.1443,-9.7766,32.92,0.123,38.3707245492279,2.1130455251081983,2.2361907873355378,2.173455715519048
43733,SBF,193.233,11.2308,31.144,0.18,16.93557708691517,1.3472324098712818,1.4636678110515327,1.4038418642969663
43845,SBF,193.4706,-39.7143,32.664,0.25,34.103582265334964,3.7087325776338176,4.161266394176003,3.92632000709282
43851,TRGB,193.4868,-12.1059,29.76,0.14,8.953647655495944,0.5590477903019657,0.5962782047184252,0.5772629973450495
43869,TRGB,193.5225,27.1497,27.98,0.04,3.944573020752785,0.07199657153661043,0.07333508773661324,0.07266172028649485
43978,TRGB,193.7232,-28.3408,28.83,0.11,5.834451042737443,0.28819391315833887,0.30316900891049237,0.29555503992983767
44055,TRGB,193.9185,19.2092,28.37,0.07,4.720630412635907,0.14974851648715504,0.15465448839795926,0.1521751450473768
44182,TRGB,194.1825,21.682,28.17,0.03,4.30526610491711,0.059070465453980425,0.05989221748455531,0.059479449327328064
44491,TRGB,194.6678,14.2173,26.65,0.11,2.137962089502231,0.10560507856600987,0.11109251633354811,0.10830247200683325
44536,TRGB,194.7576,34.8608,29.94,0.04,9.727472237769655,0.17754637755528613,0.1808472111580226,0.17918666053761473
44628,SBF,194.8986,27.9593,34.932,0.128,96.9170083947292,5.547771026583703,5.884621417918268,5.712887264954426
44681,TRGB,194.9857,-19.4114,29.26,0.09,7.112135136533295,0.2887481951165949,0.3009672764758857,0.2947733342053333
44982,TRGB,195.5598,-17.2378,28.75,0.07,5.623413251903491,0.17838672347927975,0.18423092330962998,0.1812774253580941
45104,TRGB,195.8883,-46.5869,27.44,0.07,3.07609681474071,0.09758038531151891,0.10077725590906317,0.09916164538319798
45314,TRGB,196.4565,37.605,28.14,0.04,4.24619563946313,0.07750180475977242,0.07894267088695628,0.07821781425091298
45372,TRGB,196.6038,67.7069,28.37,0.02,4.720630412635907,0.04327899976392224,0.043679455418252466,0.043478612870679084
45506,TRGB,197.0148,46.828,28.25,0.06,4.466835921509632,0.12173367979391436,0.12514420685905137,0.12342323766862079
45546,TRGB,197.1497,78.9371,28.32,0.03,4.613175745603794,0.06329514410330983,0.06417566726819057,0.06373337821913393
45717,TRGB,197.6371,-46.992,27.82,0.01,3.664375746478333,0.016836277222257667,0.016913989946984564,0.01687507393793988
45849,TRGB,198.049,44.0381,28.86,0.06,5.915616341754738,0.16121696838316701,0.1657336710324353,0.16345452005275718
45916,TRGB,198.2865,-44.89,27.82,0.02,3.664375746478333,0.0335951987773182,0.03390605132432878,0.03375014787587976
45917,TRGB,198.2985,-43.2649,27.81,0.02,3.6475394692560754,0.033440842859943753,0.03375026716923557,0.033595080032065815
46039,TRGB,198.6174,45.9197,28.09,0.08,4.14954042634363,0.150092928732652,0.1557256785734733,0.1528747188556
46127,TRGB,198.874,47.4996,28.17,0.05,4.30526610491711,0.09799982107266736,0.10028253014842736,0.09913241554554679
46153,TRGB,198.9555,42.0292,29.73,0.02,8.830799004185629,0.08096125191126546,0.0817103771518255,0.08133466458505798
46400,TRGB,199.7295,-21.0392,28.51,0.09,5.035006087879052,0.20441806748132052,0.21306851461867815,0.2086835392995223
46663,TRGB,200.4461,-45.0624,27.94,0.06,3.8725764492161745,0.1055384593770814,0.10849525631879775,0.10700324164133972
46674,TRGB,200.4901,-36.6301,27.77,0.22,3.5809643710263597,0.3450278017300761,0.3818159715280318,0.36280090788779623
46680,TRGB,200.5079,-42.5347,27.87,0.02,3.7497300224548367,0.03437773148310885,0.03469582471609689,0.034536289809826946
46885,TRGB,201.1501,-30.9719,28.34,0.06,4.6558609352295885,0.12688513619337805,0.1304399879967919,0.12864619181415562
46957,TRGB,201.3672,-43.0181,27.78,0.04,3.5974933515574254,0.0656616536378527,0.06688239492090764,0.06626827650753053
47073,TRGB,201.6852,-30.3625,28.52,0.04,5.05824662003114,0.09232340552777796,0.0940398257864219,0.09317634611176975
47171,TRGB,201.9099,-41.4783,27.84,0.05,3.698281797802662,0.0841831714065302,0.08614404936827169,0.08515608537311631
47368,TRGB,202.4019,58.4193,28.26,0.24,4.487453899331325,0.46954579084192005,0.5244184369413967,0.495971733796719
47404,TRGB,202.4695,47.1951,29.61,0.08,8.356030182312479,0.3022457703218073,0.3135885752696783,0.3078475285504165
47413,SBF,202.4976,47.2661,29.354,0.27,7.426770437146972,0.8683387390796957,0.9833071035453536,0.9234416284738286
47762,TRGB,203.4336,-48.1512,27.48,0.01,3.1332857243155865,0.014396140221651255,0.014462589785732227,0.014429314001800243
47788,TRGB,203.512,47.9154,29.71,0.08,8.749837752274363,0.3164901746315998,0.32836754950749203,0.3223559355920556
47853,TRGB,203.677,51.6137,28.22,0.02,4.405548635065531,0.04039031266387294,0.04076403962555286,0.04057660245424863
48029,TRGB,204.1284,-29.2354,28.62,0.03,5.2966344389165805,0.07267254892538322,0.07368352478595241,0.0731757090125292
48082,TRGB,204.2537,-29.8656,28.4,0.04,4.7863009232263805,0.08735983717422702,0.08898397780747747,0.08816692125123762
48139,TRGB,204.4128,-42.8469,27.56,0.01,3.2508729738543423,0.014936404558063554,0.01500534786901575,0.014970823297628461
48280,TRGB,204.8315,24.7752,28.11,0.03,4.187935651179182,0.057460631277571395,0.05825998828394763,0.057858469204940983
48332,TRGB,204.9742,40.7391,27.41,0.04,3.0338911841942706,0.05537475476507936,0.056404248319319006,0.055886340915934245
48368,TRGB,205.0761,-28.8942,28.14,0.04,4.24619563946313,0.07750180475977242,0.07894267088695628,0.07821781425091298
48467,TRGB,205.4031,-29.9127,28.35,0.07,4.677351412871984,0.1483756138357739,0.15323660752574675,0.1507799949316314
48515,TRGB,205.5236,-45.2052,27.78,0.08,3.5974933515574254,0.13012484703210436,0.13500822639977894,0.13253655301506106
49050,TRGB,207.3228,-36.0634,27.47,0.02,3.1188895840939352,0.028594151580345617,0.028858730007378153,0.02872603465211638
49448,TRGB,208.6908,53.9033,29.25,0.02,7.079457843841379,0.06490485964166481,0.06550541691375233,0.06520421639083572
49452,TRGB,208.7021,35.8377,27.51,0.06,3.1768740706497733,0.08657863813617883,0.08900425107358467,0.08778027452876977
49615,TRGB,209.2559,-35.3329,28.21,0.03,4.385306977749858,0.06016866739977189,0.06100569694123248,0.06058525485101756
50048,MASER,210.7686,8.9475,34.71,0.19,87.49837752274364,7.330571183975621,8.000881079399903,7.655953470311323
50063,TRGB,210.8025,54.3491,29.07,0.08,6.516283940608428,0.23570035247524324,0.2445458133113858,0.24006877221378342
50216,TRGB,211.2564,53.6622,29.17,0.12,6.8233869414167,0.3668446510701431,0.3876878504123047,0.3770742973208719
50323,CEP,211.6456,-5.453,33.116,0.074,41.995233466406575,1.4070140002147227,1.4557889507505237,1.4311244586369762
50369,SBF,211.7973,55.0016,32.164,0.34,27.089438298597827,3.926161338723336,4.591643294682754,4.241550102667468
50911,TRGB,213.7887,57.0875,29.69,0.03,8.669618757582173,0.11895162873533849,0.12060641072668155,0.11977520947890162
50961,TRGB,213.9853,23.0556,26.76,0.04,2.2490546058357825,0.04104987281688022,0.041813046931991504,0.04142911686981658
51210,TRGB,214.9507,56.7294,29.17,0.1,6.8233869414167,0.30710300080827224,0.321576319338444,0.3142285811007266
51270,SBF,215.2332,3.2379,31.964,0.62,24.705861360384304,6.136370345479708,8.164161036493162,7.054031161671813
51344,CEP,215.5991,-0.3876,31.772,0.052,22.615177461083604,0.5351301308946113,0.548099498790851,0.5415630531719828
51431,SBF,216.0198,33.0475,32.104,0.46,26.351175898638402,5.030547540521852,6.2174923215285816,5.5821758822503265
51472,TRGB,216.1813,44.5261,27.21,0.04,2.7669416454115128,0.050502376572428176,0.05144128585294094,0.050968948687271726
51659,TRGB,217.0149,-46.3052,27.74,0.23,3.5318316979195674,0.35495762726979985,0.39461765607642896,0.37408777885529854
51969,TRGB,218.1696,-44.1745,30.42,0.11,12.13388850464978,0.5993559264388448,0.6304995834636671,0.6146648373988848
52091,CEP,218.6541,59.3382,32.848,0.067,37.11931900441403,1.1278146044186457,1.163155327268214,1.145303234062168
52116,SBF,218.7182,54.4757,32.334,0.51,29.295438297694357,6.132161337819866,7.755567332498057,6.880434430733786
52125,TRGB,218.7626,-49.4217,27.44,0.09,3.07609681474071,0.12488758807432232,0.13017250976475703,0.12749354406411167
52142,TRGB,218.8524,57.2557,28.77,0.02,5.675446054085469,0.052032802181978255,0.052514255772820206,0.05227278992091632
52521,CEP,220.5996,-17.253,33.094,0.205,41.57191206752184,3.745077508582824,4.115862051059921,3.924637465571338
52591,TRGB,220.8561,-44.7051,27.91,0.09,3.8194427084004663,0.1550669619221332,0.16162899713450596,0.1583026531903389
53012,MASER,222.7146,5.1145,35.25,0.1,112.2018454301963,5.049914906435703,5.287910063756726,5.167085933879843
53639,TRGB,225.2858,-48.2918,28.95,0.02,6.165950018614819,0.056529769559099385,0.057052833076773446,0.05679049838803536
53641,TRGB,225.2891,44.6982,30.11,0.12,10.519618738232223,0.5655645647169614,0.5976985345836905,0.5813356149752243
53643,SBF,225.297,1.702,32.584,0.18,32.870022396877566,2.6148243581544435,2.8408121839570626,2.724696848787505
53770,SBF,226.029,1.2199,32.184,0.17,27.34009378505607,2.058758986714988,2.226411865773347,2.140398341277995
53901,SBF,226.5033,1.634,32.074,0.21,25.98962421108662,2.3957097806461682,2.6389684976345933,2.513419493800538
53932,SBF,226.6218,1.6063,31.964,0.2,24.705861360384304,2.1738480040894785,2.3835769382135226,2.27549392311994
53933,SBF,226.6232,55.7633,30.874,0.12,14.95546772744395,0.8040483981296678,0.8497324253986189,0.8264696891511834
54097,CEP,227.317,-11.3216,32.223,0.099,27.83556237577426,1.2405620485590418,1.2984298499273237,1.269056269434962
54119,SBF,227.4558,0.4701,32.094,1.22,26.230103243087683,11.27463551564371,19.774363396260128,14.736878910515749
54470,TRGB,228.9735,56.3289,31.14,0.05,16.90440931643265,0.38479133414249844,0.3937542757183756,0.38923840897887485
54625,SBF,229.5567,-24.0981,32.344,0.26,29.430659896990164,3.321073031130801,3.7435050724637264,3.5238631353009366
54809,CEP,230.3859,-7.3771,32.363,0.12,29.689302862263727,1.5961811989459562,1.686872238923737,1.6406915086088139
55809,TRGB,235.4496,67.2538,30.21,0.1,11.015393095414156,0.49577435718193286,0.5191394827967795,0.5072775986994035
56475,SBF,239.3143,5.9984,32.444,0.31,30.817684166115164,4.099926894935699,4.729074033791903,4.399541090012716
57888,TRGB,245.2464,-60.4876,28.79,0.08,5.72796030985829,0.20718591705071354,0.21496127629743,0.21102585636386006
59306,MASER,254.3174,27.8493,35.6,0.31,131.82567385564073,17.53784037666361,20.229079117609132,18.81946955262138
59868,MASER,258.3253,43.7825,35.19,0.56,109.14403364487549,24.810557868448143,32.109720817399904,28.147103584312266
60849,TRGB,266.7892,-64.6391,26.98,0.02,2.4888573182823914,0.022817981048051106,0.023029113227188702,0.02292322303866469
60921,TRGB,267.3605,70.1443,28.93,0.07,6.109420249055719,0.19380390730098096,0.20015319574621415,0.1969444398923634
61922,TRGB,277.1581,-66.9822,29.29,0.06,7.211074791828994,0.1965218076292805,0.20202762118017326,0.199249359841567
62572,TRGB,283.9215,-64.8114,29.71,0.06,8.749837752274363,0.23845737025059144,0.24513806302598873,0.2417669516940417
62814,TRGB,287.1766,70.2839,29.04,0.04,6.426877173170194,0.11730372836826053,0.11948456750254977,0.11838745258756321
62836,TRGB,287.4412,-63.8577,29.81,0.1,9.162204901219992,0.4123671489456413,0.4318014139393398,0.42193512849012277
62869,TRGB,287.8461,-64.219,29.89,0.18,9.506047936562817,0.7562101842884541,0.8215661210511573,0.7879854337925886
63000,TRGB,289.1726,63.9724,27.7,0.04,3.467368504525315,0.06328660751530579,0.06446319339425255,0.06387128824349639
63287,TRGB,292.4959,-17.679,25.12,0.08,1.056817509213659,0.038226121159540716,0.039660686929525735,0.0389345958836875
63545,CEP,295.6692,-10.3237,31.677,0.041,21.647113787030033,0.404889013143066,0.41260643044322975,0.40872343640136216
63616,TRGB,296.2374,-14.8003,23.53,0.07,0.5081594425605608,0.01611990687910969,0.016648017689212202,0.01638112500225756
64044,SBF,300.8933,-48.2845,32.884,0.21,37.739835253658576,3.4788380048448673,3.8320768138632673,3.649765646819267
64054,TRGB,300.989,-31.6816,29.13,0.11,6.698846094165262,0.330890885086105,0.34808459550620174,0.33934258944709905
64136,SBF,301.8312,-48.3703,32.314,0.36,29.02685610499054,4.434507866528225,5.2341411438231695,4.8122500437960785
64181,TRGB,302.3821,-61.8506,29.77,0.14,8.994975815300352,0.561628237657601,0.5990304998589799,0.5799275222762715
64192,SBF,302.4755,-48.3796,32.244,0.25,28.106062003343975,3.056507875618429,3.4294582421631823,3.2358299695833104
64824,TRGB,307.5634,60.4407,29.22,0.09,6.98232404077171,0.2834779466064479,0.2954740045965272,0.289393114513228
65001,TRGB,308.719,60.1538,29.21,0.12,6.950243175887971,0.3736648023337672,0.3948955056831833,0.3840846319075977
65367,TRGB,311.7155,-12.8476,24.9,0.14,0.9549925860214353,0.05962782047184234,0.06359880203268109,0.06157064738979815
65603,TRGB,313.0212,-69.2014,28.65,0.06,5.370317963702524,0.14635607371132675,0.1504564291050423,0.14838736905431485
66318,SBF,317.967,-49.2838,32.994,0.49,39.7008678112184,8.019786217937934,10.049924323925701,8.958633387301786
66463,SBF,319.1349,-48.3636,32.064,0.31,25.870212734646053,3.4417245759531987,3.9698684246561804,3.693238704113605
67045,TRGB,324.1205,-54.5576,29.84,0.06,9.289663867799362,0.25316913057634416,0.2602619924149927,0.25668289849104264
67583,SBF,328.3341,-47.8827,31.894,0.21,23.92213847512053,2.2051300416406363,2.4290374235178724,2.3134758967047775
67919,SBF,330.7365,-20.4713,31.584,0.37,20.739582044538317,3.2491716448752896,3.8527661939239977,3.5338442813503863
68057,SBF,331.7088,-64.3162,32.974,0.32,39.33688806732014,5.389997529312346,6.245807086699223,5.796898052389549
68068,SBF,331.7896,-49.9955,32.744,0.32,35.383435681472214,4.848289742069326,5.618088369189117,5.214295778500579
68535,CEP,334.5743,40.5624,31.628,0.125,21.164109507708655,1.1839017400499827,1.2540523283918112,1.2183040764735875
68672,TRGB,335.6269,-48.404,29.47,0.05,7.834296427662114,0.17833035854955614,0.1824842062146761,0.18039134168431292
69453,CEP,340.1007,-66.4791,33.246,0.117,44.586152794807106,2.33875149605246,2.468221200510925,2.4023238122350974
69468,TRGB,340.1825,-30.7995,26.7,0.03,2.1877616239495516,0.030017214796886904,0.030434795850667662,0.030225043813984095
69519,TRGB,340.458,-64.4206,24.77,0.04,0.899497581530035,0.016417681111472127,0.016722908591964236,0.01656935777932204
70110,SBF,344.4316,-36.0263,32.084,0.3,26.109586865859363,3.3690873569003728,3.868229849964468,3.607172730093654
70795,CEP,348.6826,4.5339,32.5,0.119,31.622776601683793,1.6863471742852454,1.7813406937734833,1.7329763892504086
70874,SBF,348.9894,6.6874,33.894,0.84,60.08969504834855,19.276555888651444,28.38111423870459,23.244754858228763
71431,TRGB,351.616,-32.3886,26.68,0.08,2.1677041048196948,0.0784079739656538,0.08135050101608421,0.0798611705244773
71464,TRGB,351.7344,-37.3469,29.58,0.08,8.241381150130017,0.2980988028872016,0.30928597871680097,0.30362370211154405
71534,CEP,352.1162,22.4208,33.187,0.153,43.39103405929239,2.9520720085104415,3.1675752930034307,3.057293374752421
71538,TRGB,352.1508,14.7428,24.88,0.07,0.9462371613657926,0.03001667124379337,0.031000059590017726,0.03050308215077026
71596,TRGB,352.4946,40.9904,29.73,0.14,8.830799004185629,0.5513773670622886,0.5880969610427886,0.5693426520954059
71775,TRGB,353.6145,-36.1016,29.72,0.1,8.790225168308838,0.3956253031148744,0.4142705492228771,0.40480482873218016
73049,TRGB,359.4573,-32.591,27.75,0.08,3.548133892335755,0.12833946719866374,0.13315584408955594,0.13071808333502802
73126,SBF,359.7492,-55.4584,33.584,0.4,52.095474732855585,8.764346211671672,10.537061742966735,9.5963410825857
83321,TRGB,160.644,12.1509,29.95,0.13,9.772372209558105,0.5678764920263895,0.60291194862201,0.5850446828958623
83329,TRGB,161.5591,12.9604,30.01,0.16,10.046157902783957,0.7136148948140395,0.7681816101954304,0.7402282697220693
83333,TRGB,161.604,14.0249,29.97,0.22,9.8627948563121,0.9502854749746454,1.0516085081754554,0.999236674101714
83339,TRGB,161.7369,12.9992,29.87,0.13,9.418895965228417,0.5473358448487993,0.5811040347715828,0.5638830454919147
86635,TRGB,187.0206,22.2908,28.95,0.09,6.165950018614819,0.25033367686008035,0.2609271545553753,0.2555572427461591
86643,TRGB,195.674,21.9979,28.37,0.07,4.720630412635907,0.14974851648715504,0.15465448839795926,0.1521751450473768
86668,TRGB,135.725,20.0747,29.68,0.07,8.629785477669701,0.27375529535722265,0.2827239036677529,0.2781914155526626
86669,TRGB,139.8764,21.6036,29.79,0.12,9.078205301781855,0.4880700867279053,0.5158010133774766,0.5016801647765379
86806,TRGB,41.6621,27.7264,29.38,0.11,7.516228940182051,0.37126567942692024,0.3905573398161941,0.3807486476902598
95594,TRGB,89.9194,73.4277,29.24,0.1,7.046930689671464,0.3171641268282954,0.3321116116195455,0.3245231511479953
95597,TRGB,101.9406,80.1239,27.63,0.04,3.357376142429545,0.061279020654967375,0.06241828270754013,0.061845154057057
100169,TRGB,31.5225,69.0033,28.22,0.13,4.405548635065531,0.25600820872190155,0.271802777806446,0.2637479159526161
166062,TRGB,26.178,27.2884,29.19,0.17,6.886522963442766,0.5185677543636089,0.5607967756171339,0.5391313740182728
166063,TRGB,26.6758,26.8014,29.64,0.04,8.472274141405968,0.154636430379254,0.15751133626373282,0.1560650571340825
166064,TRGB,28.8344,27.9538,28.7,0.04,5.495408738576244,0.10030251342496754,0.10216727637485334,0.10122916993083898
166065,TRGB,30.0422,28.8311,28.45,0.05,4.89778819368446,0.11148727045807938,0.11408414258826216,0.11277574083420072
166073,TRGB,50.2692,-66.3221,28.08,0.05,4.130475019901611,0.09402109022556537,0.09621112275441668,0.09510770207809734
166077,TRGB,56.3038,67.8647,28.02,0.1,4.017908108489398,0.1808356535666138,0.18935817535504462,0.18503150631255183
166082,TRGB,66.3179,72.8058,27.71,0.14,3.483373150360119,0.21749482863676084,0.23197914061160896,0.2245813665019377
166084,TRGB,73.2799,67.0995,27.67,0.17,3.4197944251370913,0.2575167649687118,0.2784873726655772,0.2677285005904435
166095,TRGB,133.2114,33.7977,29.76,0.05,8.953647655495944,0.20380990322158077,0.2085572457240623,0.2061653561946605
166096,TRGB,133.8435,33.5586,29.79,0.06,9.078205301781855,0.24740629759622657,0.2543377061880445,0.25084008238826894
166101,TRGB,147.5546,67.5092,27.85,0.02,3.715352290971728,0.03406255454641016,0.03437773148310885,0.03421965920165111
166107,TRGB,162.6129,12.3597,29.86,0.11,9.3756200692588,0.46311068792134513,0.4871747870533003,0.4749395861991245
166127,TRGB,184.7759,47.7305,29.34,0.09,7.379042301291009,0.29958445744963047,0.3122621015750848,0.3058357104634528
166130,TRGB,184.8945,58.044,28.64,0.11,5.345643593969718,0.2640491683641102,0.2777696579337734,0.27079358354254335
166135,TRGB,185.7197,33.8291,29.46,0.09,7.798301105232589,0.3166061001210423,0.3300040564084057,0.3232125337605759
166137,TRGB,186.3678,28.4824,28.84,0.08,5.861381645140288,0.2120118970172582,0.219968367646886,0.21594128000718307
166142,TRGB,190.9891,43.6616,28.13,0.11,4.226686142656027,0.2087780341666292,0.21962653203505678,0.21411069910657402
166146,TRGB,192.3046,35.6127,28.16,0.16,4.285485203974395,0.3044134984394229,0.3276905416293987,0.3157662191013757
166152,TRGB,196.2597,-40.0823,28.82,0.13,5.807644175213121,0.3374845462734024,0.35830584340169747,0.34768746748474527
166158,TRGB,198.1884,-41.8321,28.08,0.09,4.130475019901611,0.1676946773472192,0.17479108501549234,0.1711938637405752
166159,TRGB,198.4156,42.0436,29.54,0.08,8.09095899178382,0.2926578865512308,0.3036408734101439,0.2980819450001209
166163,TRGB,200.2845,-31.5291,28.7,0.1,5.495408738576244,0.24733413607852395,0.25899063479532725,0.2530729248270975
166167,TRGB,201.8667,-45.3524,27.83,0.14,3.681289736425311,0.22985234306675162,0.24515961757068538,0.23734152036237727
166170,TRGB,204.1478,-29.5713,28.45,0.08,4.89778819368446,0.17715778104855318,0.18380623192113976,0.18044118533472117
166172,TRGB,205.9012,-43.7693,27.83,0.11,3.681289736425311,0.18183806614173958,0.19128671279085685,0.18648262314186784
166175,TRGB,206.5714,-45.6848,27.67,0.21,3.4197944251370913,0.31523483700873456,0.3472435647020018,0.33072344190584196
166176,TRGB,206.6655,-29.979,28.42,0.06,4.830588020397731,0.13164693434557062,0.13533519410563066,0.1334740795939612
166179,TRGB,207.1935,-46.9966,27.86,0.05,3.7325015779572044,0.08496210870112897,0.0869411304432619,0.08594402492981013
166185,TRGB,211.7935,35.0611,26.67,0.22,2.1577444091526683,0.20789980939462027,0.23006687376051005,0.21860916488427187
385975,TRGB,94.0353,-57.7642,28.82,0.11,5.807644175213121,0.28686978240554506,0.3017760738425981,0.29419708787170756
490287,TRGB,164.375,-48.1839,28.64,0.03,5.345643593969718,0.07334497974149201,0.07436531004652469,0.07385279551160273
592761,TRGB,204.3561,-39.8887,28.48,0.11,4.965923214503362,0.24529280186745517,0.25803867548783543,0.2515581368667073
626659,TRGB,353.7672,-37.2205,29.35,0.15,7.413102413009181,0.4947927038198081,0.5301799342336349,0.5120789732709939
677373,TRGB,204.2511,-33.3625,28.24,0.15,4.446312674691084,0.2967722483474544,0.3179971933630661,0.30714039850602526
683190,TRGB,173.2957,-32.9624,28.69,0.06,5.470159628939719,0.14907703627176971,0.15325362296377243,0.15114609621473324
704814,TRGB,359.6697,-31.4675,27.77,0.08,3.5809643710263597,0.12952697766779497,0.13438791994536237,0.13192760286828953
1599237,TRGB,138.4124,19.6188,29.55,0.09,8.128305161640995,0.3300040564084057,0.3439689797649734,0.33689005733702004
1726175,TRGB,203.1262,25.1236,28.57,0.09,5.176068319505678,0.21014510500231598,0.21903790564559866,0.21453007955062528
1824266,TRGB,157.9824,28.026,30.06,0.07,10.28016298126473,0.3261088077494687,0.3367925907225118,0.3313933004789316
2543081,TRGB,179.4759,56.638,29.66,0.16,8.550667128846834,0.6073847816040185,0.6538285886848811,0.6300364373131815
2576103,TRGB,205.78,58.2276,28.69,0.09,5.470159628939719,0.2220850264419889,0.23148309386775967,0.22671914432209986
2801026,TRGB,243.4488,54.3708,26.35,0.07,1.8620871366628686,0.05906939580329884,0.06100459224729149,0.060026597158302435
2806961,TRGB,137.2236,14.5829,29.86,0.11,9.3756200692588,0.46311068792134513,0.4871747870533003,0.4749395861991245
2807061,TRGB,105.1176,-4.2071,29.07,0.09,6.516283940608428,0.2645570128515695,0.2757523855634183,0.27007736874050636
2807065,TRGB,116.5249,-28.4263,28.77,0.09,5.675446054085469,0.230419525661258,0.24017028766926884,0.23522755464412343
2807102,TRGB,16.8852,51.4404,28.57,0.1,5.176068319505678,0.2329614496373269,0.24394058451056466,0.23836675505625032
2807103,TRGB,23.7148,52.0917,27.59,0.07,3.2960971217745776,0.10455926667381688,0.10798477523543148,0.10625361736722212
2807110,TRGB,45.7746,33.6944,28.35,0.13,4.677351412871984,0.2718027778064469,0.2885718016313774,0.28001999058731547
2807114,TRGB,56.2362,72.0644,27.38,0.09,2.992264636608188,0.12148405458349831,0.12662494748574726,0.12401899103785066
2807133,TRGB,150.0534,63.1842,27.78,0.11,3.5974933515574254,0.17769892642033414,0.1869324956135081,0.18223776039570896
2807150,TRGB,208.6396,4.2444,27.03,0.26,2.5468302525850426,0.2873944823640655,0.3239503294396515,0.30494325544740614
2807155,TRGB,351.6322,50.6757,24.53,0.09,0.805378441199067,0.032697856103364176,0.03408154532033081,0.03338014307262756
2807157,TRGB,356.3918,38.7177,27.01,0.09,2.5234807724805766,0.10245172574439643,0.10678721941480696,0.10458952576507574
2815820,TRGB,197.809,-38.9061,27.28,0.07,2.8575905433749482,0.09064889796343545,0.09361868329143963,0.09211783541878277
2815822,TRGB,200.5527,-42.7287,27.88,0.04,3.7670379898390873,0.06875619203642547,0.07003446508369704,0.06939140416116592
2815823,TRGB,205.4088,-42.582,27.87,0.25,3.7497300224548367,0.40777962219369224,0.4575362613896061,0.4317036226228368
2832120,TRGB,190.8526,32.4823,29.35,0.09,7.413102413009181,0.3009672764758857,0.3137034379478463,0.3072473839625964
3097113,TRGB,207.8286,-46.9735,28.74,0.12,5.597576014951097,0.30094157603452487,0.3180403268036409,0.3093334821342579
3097691,TRGB,6.5451,-11.0479,24.43,0.1,0.7691304402866095,0.03461657212949509,0.0362480009124575,0.03541976572743789
3097708,TRGB,189.3995,-8.8671,29.9,0.1,9.549925860214355,0.429817466655269,0.45007413978564514,0.43979033849855825
3097727,TRGB,5.9655,-24.705,28.11,0.04,4.187935651179182,0.07643844013395906,0.0778595368367414,0.07714462560658798
3097827,TRGB,146.1963,67.4386,27.82,0.05,3.664375746478333,0.08341137545197341,0.08535427597650358,0.08437536968969939
3097828,TRGB,146.2917,68.765,27.84,0.05,3.698281797802662,0.0841831714065302,0.08614404936827169,0.08515608537311631
3994669,TRGB,191.8908,-77.5826,27.65,0.17,3.388441561392023,0.25515583707644174,0.2759341850863102,0.26527395094325323
4074723,TRGB,190.1247,47.3678,29.36,0.13,7.447319739059888,0.43276675486017435,0.45946654093835715,0.44585027276190975
4078612,TRGB,79.3399,-32.7596,29.8,0.09,9.120108393559102,0.37027064128473874,0.38593954300371536,0.37799686140298305
4078671,TRGB,149.1567,-9.4863,29.81,0.11,9.162204901219992,0.4525690016591888,0.4760853350197056,0.46412864133913506
4087020,TRGB,132.8005,27.88,29.59,0.04,8.27942163712334,0.15111647548234508,0.1539259405194109,0.1525125827220205
4231240,TRGB,154.3603,29.3697,30.09,0.26,10.423174293933041,1.1761925545508234,1.3258012554622614,1.2480127790462259
4320422,TRGB,184.5461,46.9169,29.54,0.09,8.09095899178382,0.3284878254969046,0.34238858585893084,0.33534218812513605
4343356,TRGB,192.4035,21.9182,29.01,0.1,6.338697112569274,0.2852883650301372,0.2987335914498237,0.29190778960812824
4608690,TRGB,9.2791,44.3222,24.66,0.35,0.8550667128846834,0.12728690834785972,0.14954907739371248,0.13782047066225842
4614882,TRGB,207.1396,-37.9681,28.71,0.07,5.520774392807576,0.17513079883785831,0.18086832999990232,0.1779687394612677
4689184,TRGB,268.2016,70.1373,29.0,0.11,6.309573444801933,0.3116626822468378,0.3278572592171525,0.3196232546573445
4689187,TRGB,207.0384,-47.565,27.77,0.05,3.5809643710263597,0.08151270074278827,0.08341137545197341,0.08245475179268097
4689195,TRGB,152.0249,68.3993,27.82,0.02,3.664375746478333,0.0335951987773182,0.03390605132432878,0.03375014787587976
4689210,TRGB,161.7216,12.7444,29.91,0.23,9.594006315159332,0.9642208374896306,1.0719548971432467,1.0161867324753242
4689216,TRGB,155.355,71.1162,27.94,0.04,3.8725764492161745,0.07068248601055904,0.07199657153661043,0.07133549442755982
4689222,TRGB,13.2209,43.1958,24.3,0.13,0.7244359600749903,0.042097265933320194,0.04469448021161915,0.043369961504935065
5056918,TRGB,0.5604,45.0889,25.53,0.05,1.2764388088113445,0.02905529456840128,0.02973207932049804,0.02939108973288079
5056920,TRGB,1.8779,35.1323,24.61,0.65,0.8356030182312478,0.21616194315446613,0.29159443794426154,0.25012611694721343
5056921,TRGB,16.6404,44.8044,24.29,0.15,0.7211074791828993,0.048130822898581394,0.051573105912802175,0.04981233996039174
5056922,TRGB,12.8958,29.6969,24.68,0.27,0.8629785477669701,0.10089953774155802,0.1142586731888402,0.10730240314174128
5056931,TRGB,143.5154,70.2159,27.35,0.38,2.951209226666388,0.4737871690330997,0.5643951786165937,0.5164511882437668
5056932,TRGB,144.816,71.3117,27.76,0.27,3.5645113342624444,0.41676302016112565,0.47194259541360717,0.4432098957523752
5056933,TRGB,146.0939,69.2111,27.87,0.27,3.7497300224548367,0.4384188076289237,0.49646561700829306,0.4662399124326638
5056934,TRGB,148.8064,70.408,27.64,0.33,3.37287308658869,0.47552949888736373,0.5535762674073066,0.5125776011228356
5056936,TRGB,149.8881,68.6569,28.1,0.15,4.168693834703357,0.27824238476054663,0.2981420868062745,0.2879631684313241
5056937,TRGB,151.6926,67.2011,27.74,0.13,3.5318316979195674,0.20523616497952313,0.21789832453526348,0.2114409184834296
5056938,TRGB,153.7325,68.7576,27.87,0.19,3.7497300224548367,0.31415054345609095,0.3428765748452758,0.32809475319335596
5056941,TRGB,157.1655,70.2336,27.87,0.06,3.7497300224548367,0.10219055319875459,0.1050535542028812,0.10360886942948083
5056942,TRGB,160.32,70.151,27.79,0.15,3.6140986263961317,0.24122553980744188,0.2584778228200362,0.2496530886524997
5056943,TRGB,141.6162,70.5066,27.61,0.14,3.3265955329400443,0.20770594884610905,0.22153835939571076,0.21447353996791324
5056944,TRGB,146.1433,71.4827,27.65,0.06,3.388441561392023,0.09234443961744532,0.09493158896809062,0.0936261003329129
5056947,TRGB,153.7788,69.0375,28.0,0.39,3.9810717055349722,0.654476172594928,0.7832381625191869,0.7150069963378063
5056993,TRGB,190.9819,41.4568,28.36,0.11,4.698941086052153,0.2321051645425216,0.24416578381619747,0.23803365734722068
5057032,TRGB,198.8337,47.5436,28.13,0.13,4.226686142656027,0.24561443712105513,0.26076775667528995,0.25303991712595114
5057055,TRGB,25.2828,27.3225,28.87,0.04,5.942921586155729,0.10847054341827711,0.11048716138340708,0.10947266122491771
5057226,TRGB,22.3408,38.7189,24.56,0.15,0.8165823713585919,0.05450336133317979,0.05840140386884307,0.05640751186476065
5057227,TRGB,19.6249,46.3661,24.51,0.28,0.7979946872679772,0.09653938884800584,0.10982584291020969,0.10289723758673464
5057228,TRGB,7.537,46.8519,24.48,0.45,0.7870457896950988,0.14731095421245033,0.1812320665661502,0.16310159125700951
5057229,TRGB,5.94,47.9161,24.55,0.59,0.8128305161640995,0.19338944108731781,0.25376560506615864,0.2208501486987131
5057231,TRGB,358.6988,42.4708,24.52,0.29,0.801678063387679,0.10022276496770766,0.11454242673432025,0.10706405357193471
5057232,TRGB,21.9166,28.0903,24.94,0.74,0.9727472237769657,0.28091625285802824,0.3949816018188832,0.3314953219945873
5057800,TRGB,162.4697,12.5369,30.0,0.11,10.0,0.4939520634371828,0.5196187382322233,0.5065687204586901
5059815,TRGB,1.643,15.5108,28.92,0.06,6.081350012787184,0.16573367103243708,0.17037691496967433,0.16803391061667503
5060050,TRGB,114.0429,9.9864,29.39,0.11,7.550922276654341,0.3729793639407202,0.39236007058847466,0.3825061035967809
5060076,TRGB,117.5904,7.7944,29.86,0.04,9.3756200692588,0.17112435172708373,0.17430579095555565,0.17270530407240892
5060430,TRGB,359.7317,30.7556,24.52,0.41,0.801678063387679,0.13793499298577028,0.16659979287356996,0.15136642056721805
5060431,TRGB,298.0491,14.4733,29.57,0.14,8.203515443298183,0.5122110404320894,0.5463223089761797,0.5289001863567755
5065056,TRGB,9.1448,49.6468,24.11,0.16,0.6637430704019087,0.047148068540426746,0.05075325567360445,0.04890639678353704
5065677,TRGB,344.5679,41.2911,24.56,0.11,0.8165823713585919,0.040335254729900405,0.0424311501468031,0.041365508700824484
5065678,TRGB,8.9974,51.5597,24.55,0.09,0.8128305161640995,0.0330004056408405,0.03439689797649714,0.033689005733702
5067061,TRGB,45.3483,40.9883,24.52,0.17,0.801678063387679,0.06036782208676217,0.06528381237053815,0.06276168657665139
5067080,TRGB,344.8977,16.7678,29.46,0.19,7.798301105232589,0.6533378444774582,0.7130792767911824,0.682337571272327
5067392,TRGB,211.7074,53.7413,29.04,0.09,6.426877173170194,0.2609271545553753,0.271968920995068,0.2663717683220172
5072213,TRGB,202.559,-41.8918,27.69,0.1,3.4514373933585647,0.1553402715839871,0.1626612330375723,0.15894456582699318
5072214,TRGB,202.4889,-41.8729,27.84,0.19,3.698281797802662,0.30984023641063896,0.3381721318733897,0.32359312441784194
5072710,TRGB,3.6918,10.8131,28.59,0.1,5.223961889991197,0.23511701539107843,0.24619773894852148,0.24057233548525467
5072711,TRGB,19.7988,11.1216,29.68,0.11,8.629785477669701,0.4262700343715178,0.448419824112154,0.4371579387256126
5072714,TRGB,44.7343,13.63,29.42,0.24,7.655966069112569,0.8010838045859439,0.8947010597342651,0.8461686404739275
5098252,TRGB,147.2337,-25.99,25.72,0.1,1.3931568029453023,0.06270238496721281,0.06565745733004635,0.06415724173330194
5509262,TRGB,202.5896,-42.1925,27.74,0.09,3.5318316979195674,0.1433901365275445,0.14945803850574357,0.14638217433468204
5509263,TRGB,200.7595,-41.7861,27.94,0.12,3.8725764492161745,0.20820070273784141,0.22003014808393795,0.21400648328267943
5509264,TRGB,199.9683,-41.9936,27.87,0.11,3.7497300224548367,0.1852186881923923,0.19484299829794827,0.1899495939540482
5509265,TRGB,201.49,-41.0942,27.71,0.18,3.483373150360119,0.27710382585465165,0.3010526968108147,0.28874747121677696
5509266,TRGB,201.6197,-43.5567,27.76,0.09,3.5645113342624444,0.14471690912535307,0.15084095670928344,0.14773663191745837
5808772,TRGB,162.4809,23.0683,30.07,0.2,10.327614057613975,0.9087180923855573,0.9963895747415918,0.9512084070103075
5808780,TRGB,187.6416,23.2056,29.14,0.09,6.729766562843179,0.2732242724966216,0.284786421356535,0.27892548300478465
5809449,TRGB,188.0428,20.4233,30.13,0.2,10.616955571987242,0.9341770093747517,1.0243047221176607,0.977857745321516
6726347,TRGB,178.0233,54.7923,28.82,0.08,5.807644175213121,0.21006816026201403,0.2179516855304522,0.21396151845215095
6740710,TRGB,13.7543,-23.1691,27.75,0.09,3.548133892335755,0.14405199532574597,0.15014790546690682,0.1470578437519065
9000000,TRGB,199.5453,-44.1572,27.83,0.1,3.681289736425311,0.16568533114233475,0.17349384023240688,0.16952965740169804
