pgc,group_pgc,distance_mpc,observed_z,fixed_baseline_z,observed_minus_baseline_log_factor,equivalent_radial_motion_kms,scenario_plus_100_kms_z,scenario_minus_100_kms_z,plus_100_additive_shortcut_error_cdz_kms,scenario_plus_300_kms_z,scenario_minus_300_kms_z,plus_300_additive_shortcut_error_cdz_kms,scenario_plus_1000_kms_z,scenario_minus_1000_kms_z,plus_1000_additive_shortcut_error_cdz_kms
1037,1037,65.37323852287952,0.017035118341769625,0.016404454601673907,0.0006202926004869221,185.95901952914244,0.016743547197918297,0.01606547509568629,1.6574029177071985,0.01742207211419168,0.015387854902146602,5.074055381548994,0.01980048834535367,0.013019729977101279,18.105303468698207
3455,3455,66.58861776861269,0.015600792732417572,0.01671197065415667,-0.001093510853726271,-327.8261760204906,0.017051165843828462,0.016372888588957434,1.688159653482926,0.01772989604974104,0.015695063379504975,5.16635640286069,0.020109031877484158,0.013326221971542401,18.41333411783465
4224,4224,59.92389025834776,0.0166248345046759,0.015026799968163368,0.0015731386611371745,471.6147169519696,0.015365432951618489,0.014688279921680258,1.5196144698841558,0.016043038181845017,0.01401157818790839,4.6605519931509845,0.018418230660763067,0.011646663066067837,16.72534347110615
5037,5098,63.09573444801933,0.012768833564185261,0.015828449461057638,-0.0030164865569687754,-904.3171765876738,0.016167349890613168,0.015489662057669662,1.5997927937080825,0.016845490280984445,0.014812425877317922,4.901167292192945,0.01922255864322529,0.01244564298902212,17.528334442410106
5222,5222,27.076966023304927,0.006981496512497323,0.006762199785180787,0.0002178000393859604,65.29480812755372,0.007098075534819899,0.006426436052952823,0.6930165669020915,0.007770163535048269,0.005755244192686692,2.1799301476696296,0.010126016607167896,0.0034095847968519076,8.446913325263843
5283,5283,71.15411150074344,0.017385360641727687,0.017867966281297182,-0.0004742462692291366,-142.1754440906623,0.018207547133936786,0.01752849868175201,1.8037785025626125,0.01888704905216582,0.016849902788958832,5.513328784159572,0.02126888994357753,0.014478368022023383,19.57126418538764
5324,5324,73.85841781207968,0.01741538141029552,0.01855332386640541,-0.0011178389644742152,-335.1195512234745,0.018893133367868648,0.01821362769429291,1.8723256954189966,0.019573092812819402,0.017534574884829054,5.719039037521269,0.021956537461079277,0.015161443300433272,20.257768646294558
5766,5663,22.019122114844762,0.00526364142222684,0.005495590370333394,-0.00023070782962770434,-69.16446609681638,0.00583104355406091,0.005160249063087711,0.5663344935976703,0.006502285999113611,0.004489901630561875,1.7997570098768838,0.008855175168057514,0.0021471933132195336,7.178184369146723
6415,6415,60.9256259749656,0.01632129117804558,0.015279909520546371,0.0010251832380772895,307.34209517134786,0.015618626946346133,0.014941305059880857,1.5449296479433563,0.016296401145861474,0.01426443458211825,4.736522889629781,0.018672185908554868,0.011898929739289117,16.97887657642889
6962,6962,60.14506519775487,0.015300585046739236,0.015082679029913748,0.00021464520666368558,64.34901311538292,0.015421330655727273,0.014744140347289622,1.5252033083328624,0.016098973189347665,0.014067401359863004,4.67732410773776,0.018474296426908933,0.011702356045166328,16.78131604074819
6983,6983,27.5930685581751,0.0046265340003983696,0.006891534322223343,-0.002252031751310249,-675.1409928607978,0.007227453220417887,0.006555727455830358,0.7059521783941289,0.00789962756098599,0.005884449370347851,2.2187499418347167,0.010255783279715202,0.003538488637442521,8.57646429042181
7252,7252,68.07693586937411,0.017628862431222338,0.01708867260432904,0.0005309728060855987,159.18162770808797,0.017427993469209868,0.01674946490583452,1.7258361333090853,0.018106975151449656,0.016071388555365093,5.279423588949959,0.020486992472803448,0.01370166946797729,18.79066644017928
7584,7584,66.43546819760064,0.015824280676200335,0.016673215526713636,-0.0008353613241510495,-250.43496643182476,0.01701239778690964,0.016334146386678093,1.6842834941556024,0.01769110212091711,0.015656347014634,5.154724041507938,0.020070147260525462,0.01328759590240248,18.374514137649072
7889,7889,73.34998004015486,0.01693838475416216,0.01842443428217056,-0.0014602308523719576,-437.7658853344426,0.018764200783523418,0.018084781095827552,1.8594345866332733,0.01944407418517324,0.01740581421493732,5.680352796054672,0.02182721722802615,0.015032982930914712,20.12866337852774
8160,8160,23.593914430440503,0.0048900496356049095,0.00588978644857271,-0.0009943772832851396,-298.1067116808217,0.006225371143895828,0.005554313673591662,0.6057606780985125,0.006896876743896121,0.004883703437000357,1.9180750629510617,0.00925068834322342,0.0025400766805917492,7.573040094193333
8997,8997,44.60669020551353,0.012378563572803423,0.011164437565170514,0.0012000003485424602,359.750881409894,0.011501781988260774,0.010827205649306454,1.133313790821176,0.012176808806798682,0.010153078889254138,3.5012629362205936,0.014542963244424886,0.0077971627014842455,12.856517799787726
9201,9201,76.20790100254106,0.018349360876850344,0.019149132549684218,-0.0007850525695990221,-235.3527911494092,0.0194891408246892,0.01880923767032265,1.9319165040839197,0.020169498015866965,0.018129787644973472,5.897871165241729,0.022554336873918585,0.015755267883472562,20.854574354449856
9997,9997,83.98466611579151,0.021441500039337216,0.021123740271776083,0.0003111379395413401,93.27680466221022,0.021464407314908267,0.020783186843992055,2.129410220189665,0.02214608270233482,0.02010242038003347,6.49055017489807,0.024535542200364097,0.01772329997186804,22.83248638054135
10123,10123,10.587660331136965,0.0014409968912560168,0.0026387369021351782,-0.0011953018967140769,-358.34232300786334,0.0029732369831335266,0.002304348379750821,0.28060148369395554,0.0036425722678510484,0.0016359055646155065,0.9422717152896414,0.00598877631589839,-0.0007001465580647481,4.3165502489523675
10175,9843,19.534396563982572,0.004579835027070628,0.004873937369507529,-0.0002927186965700976,-87.7548550409032,0.005209183157518648,0.004538803388810014,0.5041588220004583,0.005880010603356786,0.0038688704021524827,1.6131677036776653,0.008231445086047968,0.0015276104766971691,6.555491095625464
10302,10302,52.57750822566941,0.016618163222771935,0.013172509575468689,0.0033950860088224483,1017.8172690487294,0.013510523931033502,0.012834607950558241,1.3341544940612775,0.014186891285700007,0.012159142441803971,4.103986260490622,0.016557744670719653,0.009798547638786627,14.867950113150536
10959,10959,64.74407045688145,0.01698174808653792,0.016245298625105768,0.0007244144177888552,217.17394093031913,0.016584338123773638,0.01590637219898618,1.6414846647285326,0.01726275679169757,0.015228858112127893,5.02628467472972,0.01964080059320693,0.01286110400524789,17.94588116088552
11420,11420,21.517905703397552,0.0049634337365485025,0.005370160177801236,-0.0004046357759064636,-121.30674723321357,0.005705571515539748,0.005034860702588568,0.5537893816965259,0.006376730226690555,0.004364596892316606,1.762109105709067,0.008729325885305526,0.0020221808152964533,7.052544282020236
11425,11425,52.504919867476204,0.01590433605904789,0.013154204556927127,0.002710747995785596,812.6598141594357,0.013492212805576298,0.01281630903689561,1.332323686810289,0.014168567940293237,0.01214085573179723,4.098492004522568,0.016539378491032677,0.00978030357771798,14.849614463032825
11545,11545,52.74727156616839,0.012688778181337705,0.01321532105239319,-0.0005198102744456215,-155.8351858340106,0.013553349690712077,0.012877405149492092,1.3384363560118908,0.014229745625196057,0.012201911099027733,4.1168361361710835,0.016600699190327212,0.009841216549373977,14.910833230703348
11638,11638,36.88077172261549,0.008305745970433986,0.009221861059561859,-0.0009081562491629475,-272.2583193364771,0.009558557400771224,0.008885277009437894,0.9390237307623742,0.010232287406259118,0.008212445333307868,2.918198104331601,0.012593896157893589,0.005861055162539288,10.91069059114121
12384,12429,69.40647689943378,0.012121719219500846,0.017425305186067806,-0.005226385962110043,-1566.816828138855,0.017764738358225136,0.01708598521775221,1.75950500778317,0.01844394476753425,0.016407684439857104,5.380463943916104,0.020824749819001512,0.01403718103083062,19.12786234210375
12636,12651,20.174370856119253,0.004393039133759663,0.005034015655642711,-0.0006379694571100334,-191.25840572823225,0.005369314848931032,0.004698828287479106,0.5201693213228414,0.006040249158828262,0.004028788579251494,1.6612152419471633,0.008392058229403506,0.0016871556867379992,6.715837256394861
12825,12923,19.444644164481286,0.004049468115705566,0.0048514894278572415,-0.0007984677908095036,-239.3745707694623,0.0051867277267917625,0.004516362933738653,0.5019136533188588,0.0058575401869736905,0.0038464449127559555,1.6064299482861673,0.008208922140823091,0.0015052372888523483,6.533005589640652
12838,12838,22.84546488551827,0.004636540923254314,0.0057024181121468715,-0.0010603955954573202,-317.8984828620677,0.0060379402976931335,0.005367007826095137,0.5870207184459397,0.00670932081551358,0.0046965225049032285,1.8618364091503428,0.009062693967438822,0.002353332298753372,7.385358216026107
13505,13505,29.1608379852123,0.005567184748857158,0.00728451694146747,-0.0017063677446909533,-511.55568393557377,0.007620566946423733,0.006948579012037985,0.745256996750236,0.008293003631866077,0.006277038931483237,2.336703774883279,0.010650078941449053,0.003930162586754751,8.970104525874527
13738,13419,26.841080835452267,0.005196928603187209,0.006703092835431526,-0.0014972558254070295,-448.86566873502983,0.00703894886582506,0.006367348815872606,0.6871048858002271,0.007710997407806322,0.0056961963612412545,2.1621891816791217,0.01006671216793015,0.003350674678932135,8.387707466081546
13814,13814,50.04952959591683,0.01298565022606406,0.012535209607674153,0.00044476523026501687,133.33725282199995,0.012873011347385417,0.012197520527708063,1.2704138647163101,0.013548953257333208,0.011522479896398558,3.912700513178949,0.01591831534173856,0.009163369941201028,14.229583689063002
14526,14526,17.897814394089608,0.0038093019671628964,0.004464691153720612,-0.0006526890375209327,-195.67122308254739,0.004799800409113062,0.004129693660106981,0.46322737265218383,0.005470354652927101,0.003460033511194987,1.4903323479941388,0.007820831487471657,0.001119727090183399,6.145560048166047
14695,14638,23.48551024058882,0.004429731184231459,0.005862646168016405,-0.001425578928320236,-427.3775214779111,0.006198221808806009,0.005527182444549104,0.6030461972406903,0.006869709290667888,0.0048565903019380866,1.9099289008437077,0.00922345738094276,0.002513026779780928,7.545854397153714
15153,14765,15.588344677043889,0.00502347527368417,0.0038874651914664634,0.0011309711948141246,339.05648985861995,0.004222381872879848,0.0035526602076068393,0.4054951461215112,0.0048925507758033225,0.0028833848857845812,1.317077828713269,0.007241676884668295,0.0005444233459198719,5.567368157318993
15406,15406,70.0809531646794,0.015477374017194257,0.017596121515858622,-0.0020842810359254123,-624.8508300917545,0.017935611675716556,0.01725674457884831,1.7765894906228945,0.018614932117520654,0.01657832992050539,5.431734508719209,0.02099613688420904,0.014207428525808582,19.29896451554749
15570,15570,62.08690342300644,0.013829567386915384,0.015573409635527483,-0.001718577037247532,-515.215927027607,0.01591222497876114,0.015234707290084379,1.5742845561319299,0.01659019511124395,0.014557641140604852,4.824617023739005,0.018966666672813676,0.012191452470648984,17.272867833825586
16219,16219,61.376200516479365,0.014726854802998414,0.01539377721303369,-0.0006570273938496778,-196.97182903226872,0.015732532627344132,0.015055134776526993,1.5563183169356234,0.016410382841940043,0.014378188385039816,4.770700306471308,0.018786434058373182,0.012012418241404968,17.09293481485214
16386,16386,51.07401503571944,0.012932279970832355,0.012793432667029649,0.0001370840120692718,41.096752673318235,0.013131320555052456,0.01245565746748321,1.2962404787859472,0.013807434847931998,0.011780444683091668,3.99020623007575,0.01617740118186897,0.009420733092924603,14.48823885828917
19476,19476,32.568668220166984,0.009152998772237292,0.008139264825004551,0.0010050442871944437,301.3045958062216,0.008475599990732838,0.007803041829906578,0.830746045520551,0.0091486072834108,0.0071309319029450695,2.593256569372032,0.011507682728107854,0.004782064077602277,9.826282742544887
19603,19603,67.5149577160642,0.01654477912182834,0.01694641627370094,-0.00039502227302950013,-118.42469203649554,0.01728568967906084,0.016607256018899196,1.7116081268746375,0.017964576394710906,0.015929274508394167,5.236725315155309,0.020344260832079183,0.01355988686461701,18.64817205813812
19622,19622,55.76991723756762,0.013529359701237047,0.013977884687874953,-0.00044243984350322146,-132.64011954606508,0.014316167732480414,0.01363971446353393,1.4147054419949951,0.01499307273441739,0.012963712024390318,4.345719805175523,0.017365810720818747,0.010601240774581477,15.674672938409191
20047,20047,26.230103243087683,0.007858770082868463,0.006550013210582144,0.0012993957008982484,389.548811845082,0.006885818170590077,0.006214320244376416,0.6717943693698843,0.0075577645206346905,0.005543269845422359,2.1162422933730087,0.00991312106994711,0.0031981048239616647,8.23437167814124
20338,20136,78.16278045883308,0.020037195198552994,0.01964513875321163,0.00038442893154850763,115.24888863786538,0.019985312505680374,0.019305078451574434,1.981525399687953,0.020666000817571157,0.018625297747017672,6.046747553296348,0.02305200034468506,0.016249622338620266,21.351410573611386
21293,21293,13.514500541175595,0.004186229394736809,0.0033694138676925002,0.000813741402245596,243.95348130893848,0.0037041577169546988,0.003034781658343077,0.353681370695981,0.004373980782421933,0.002365851712848805,1.1615845922131143,0.0067218946359967405,2.8097182897056785e-05,5.048449927656676
22555,22555,69.47043207498584,0.016441374252316916,0.017441501098214383,-0.000983465605250946,-294.8354761012356,0.01778093967364781,0.017102175728424727,1.7611248692056567,0.018460156894922468,0.016423864152980402,5.385325151065164,0.020840999845299114,0.014053323009031504,19.14408535645205
23304,23222,23.812226232768396,0.007021524203921101,0.005944445631838165,0.0010701409671224245,320.82006847224335,0.006280048562544133,0.005608954627555916,0.6112275083458141,0.006951590651579456,0.00493830795058286,1.9344810307002007,0.00930553015499855,0.0025945538435180357,7.62779074400978
23313,23313,12.78792262935846,0.003812637608114878,0.0031879761789359116,0.0006224825693210271,186.6155554153586,0.003522659497002424,0.002853404480594507,0.33553457475558424,0.00419236143943442,0.0021845954966340157,1.107126023818074,0.006539850723496638,-0.00015273630089941058,4.8667086214907975
24790,24790,64.68446641717226,0.013679463544076216,0.01623022232587776,-0.0025131759724265432,-753.4296159270485,0.01656925679479451,0.01589130092783183,1.6399767832763774,0.01724766539817708,0.015213796892095177,5.021759519684594,0.019625673920704124,0.012846077911546842,17.930779633015298
24848,24848,93.19658525658426,0.02256894668110697,0.02346770026469254,-0.0008785313232129131,-263.3769970563555,0.02380914929916282,0.023126365106371175,2.363845325572392,0.024492389452712482,0.022444035962696993,7.194090362522606,0.026887333885864888,0.020059454352489983,25.180368750699046
25075,25067,27.466289924159614,0.007101579586768657,0.006859762243448578,0.0002401409991935723,71.99245903093723,0.007195670541850261,0.0065239659733133315,0.7027744404379934,0.007867823672213125,0.005852709069755078,2.2092135443153404,0.010223905043346245,0.003506822362746944,8.544639044323699
25144,25144,69.40647689943378,0.016898357062738383,0.017425305186067806,-0.0005180573228276385,-155.30966430121944,0.017764738358225136,0.01708598521775221,1.75950500778317,0.01844394476753425,0.016407684439857104,5.380463943916104,0.020824749819001512,0.01403718103083062,19.12786234210375
25646,25646,54.35005651294472,0.01359940816122866,0.013619605801059557,-1.9926450662169012e-05,-5.973799622436716,0.013957769316753705,0.013281555065765938,1.3788715758701475,0.014634435141116661,0.012605791485284864,4.238182306237094,0.017006334744415878,0.01024415499093006,15.315794508534081
25915,25915,22.532013356294826,0.0049767763003564286,0.005623958407087541,-0.0006437699120574311,-192.99733766022229,0.005959454416926909,0.005288574288012879,0.5791734389363983,0.006630782557109138,0.0046181412746205755,1.8382867087354653,0.008983972111023607,0.002275133872060689,7.306767216677482
25955,25955,23.593914430440503,0.007618603934325793,0.00588978644857271,0.0017172194750661451,514.8089413254482,0.006225371143895828,0.005554313673591662,0.6057606780985125,0.006896876743896121,0.004883703437000357,1.9180750629510617,0.00925068834322342,0.0025400766805917492,7.573040094193333
26601,26601,39.5184588928437,0.009763421066449911,0.009884651491692266,-0.00012005103961939406,-35.99039608005264,0.010221568952877421,0.009547846395337895,1.0053138318172454,0.01089574141984847,0.008874572847688257,3.1171348209919287,0.013258901120531328,0.006521638438762018,11.574590135250004
26939,26939,22.120757764641272,0.005740638078360197,0.005521026759261737,0.00021838164949956624,65.46917044481596,0.005856488429070874,0.005185676968764615,0.5688785568656965,0.006527747854788694,0.004515312578215121,1.807391748479352,0.008880696545628643,0.0021725449965254496,7.203663323269796
26981,26981,24.254928571094204,0.008832777240847066,0.0060552950621244085,0.0027569610204828225,826.5140268764703,0.006390934974389181,0.005719767088617018,0.622314300760593,0.007062551063592513,0.005049046510145336,1.967752515374526,0.009416749957929278,0.002705034134536332,7.738825669475674
27635,27635,31.376175101187464,0.007678645471461461,0.007840082669530167,-0.0001601941933457923,-48.025010569653496,0.008176318022183656,0.007503959454218481,0.8008228384862026,0.008849125588713161,0.006832048987097177,2.503456969364984,0.011207500938392496,0.004483878227490665,9.526599936342397
27762,27762,22.428488158692854,0.007541884192430218,0.005598046474232732,0.0019311507289579127,578.9437041097199,0.005933533839339635,0.0052626709970074416,0.5765818133418261,0.006604844681396112,0.0045922552586761395,1.8305092355028751,0.008957973600627797,0.002249308228435335,7.280811922853204
27765,27765,15.516722739072343,0.004916734763220762,0.003869569398210884,0.0010425852244162368,312.5590738533345,0.004204480109234265,0.003534770382750091,0.4037052682269938,0.004874637065396226,0.002865506991759928,1.3117064018195637,0.0072237212975801626,0.0005265871473776325,5.549442417284614
28424,28424,22.32543861616743,0.006044181404990515,0.0055722542589738445,0.000469201927671482,140.6631888726172,0.005907733019288439,0.005236887383671096,0.5740021615051192,0.006579026643139486,0.004566488840587036,1.822767695537956,0.008932095207831078,0.002223601903734794,7.254976546962313
28576,28576,12.382262309589926,0.0041929006766407715,0.003086690825663777,0.0011021981866892287,330.430569783867,0.0034213403529364302,0.002752152906846715,0.3254043496067656,0.004090974679927016,0.0020834114481714347,1.0767251992903457,0.006438226953292253,-0.00025368436420023844,4.765253777542647
28806,28806,36.542646775065236,0.009710050811218207,0.00913692945778035,0.0005677709845623123,170.2134407527937,0.00947359746413028,0.008800373733065907,0.9305291536049132,0.010147270771511698,0.008127598679442972,2.8927058624699282,0.012508680780707273,0.005776406391163189,10.825616865013785
28845,28845,36.04126286491434,0.009650009274082539,0.009011002961701613,0.000633099197786334,189.79833930421242,0.009347628956485875,0.008674489234541624,0.9179344030690935,0.010021218198646186,0.008001798134050003,2.854908992666073,0.012382333536147976,0.0056508992424320875,10.69947964382701
29597,29311,21.517905703397552,0.00653785626588378,0.005370160177801236,0.0011607848963806084,347.99440099684386,0.005705571515539748,0.005034860702588568,0.5537893816965259,0.006376730226690555,0.004364596892316606,1.762109105709067,0.008729325885305526,0.0020221808152964533,7.052544282020236
29730,29814,22.636016404497504,0.00557052038980914,0.005649990616310651,-7.902686563505089e-05,-23.69165824744756,0.005985495311009054,0.005314597815273427,0.5817770941739026,0.0066568408296103785,0.004644147446633837,1.8461002829496929,0.009010091299657857,0.002301079391522462,7.3328429881387045
29822,29822,89.4128627502953,0.023936559471419393,0.022504286917283563,0.0013997695467466431,419.640078978159,0.022845414538037328,0.022163273065484497,2.2674879174628604,0.02352801154214198,0.021481586213701085,6.9049216014321875,0.025920701559808086,0.019099249264220217,24.215343229617996
30099,30083,34.103582265334964,0.0057172885916963265,0.008524486997848087,-0.0027873518042134168,-835.6248846151451,0.008860950681299933,0.008188135527888303,0.8692746897627929,0.009534215138181958,0.007515768779616996,2.708881102460107,0.011894192014060612,0.005166003423547078,10.212149545282722
30440,30445,23.92213847512053,0.004916734763220762,0.005971965714296117,-0.001049517109211427,-314.6371983607166,0.0063075778262450125,0.005636465531832965,0.6139799757305094,0.006979138286964521,0.004965800507671919,1.9427411904443868,0.009333142188183628,0.0026219822814536283,7.655356878509563
30671,30671,43.93392456444762,0.010270438491151102,0.010995131329114845,-0.0007170684345852614,-214.97167171330597,0.011332419268301593,0.010657955878316437,1.1163803425496504,0.012007333062443431,0.009983941991957197,3.4504456264373564,0.014373091318512134,0.007628420271484007,12.686928247067396
30949,30308,35.87566830392618,0.010377179001614511,0.008969416042804728,0.0013942759408639722,417.9931405816006,0.009306028163371657,0.0086329161852349,0.9137750173522164,0.009979589643197267,0.0079602528100606,2.8424266683890718,0.012340607666089246,0.005609450811976308,10.657823133475855
31586,31478,53.06400191947755,0.011131033856762335,0.013295199989490537,-0.002138054645768361,-640.9716809070035,0.013633255277000142,0.012957257446286443,1.3464255824011715,0.014309704536564372,0.012281710141843736,4.14081181944179,0.016680845020750887,0.009920829481925436,14.99084583702712
32512,32495,57.86287388179515,0.011151047702474224,0.01450623937530063,-0.003312697327965748,-993.118041749799,0.014844698689462843,0.014167892940190243,1.4675497256840142,0.015521956407111001,0.013491538255634941,4.504305598895421,0.01789593075897563,0.011127835990063732,16.203911773349322
32543,32543,16.025072388814195,0.0030587827529670545,0.003996594929149384,-0.0009345155643051277,-280.16063650572863,0.004331548018398166,0.0036617535495966883,0.4164099405856665,0.0050017897734680366,0.0029924054727666818,1.3498331472161311,0.00735117124911956,0.0006531896710766716,5.676680512453542
33371,33371,33.63566357483622,0.006127572428790053,0.008407036388103457,-0.0022630188850035196,-678.434835890207,0.008743460887712681,0.008070724088918154,0.8575276692692673,0.009416646937652685,0.007398435643043637,2.673628272093965,0.011776348975660144,0.005048943935633109,10.094502393959305
33615,33615,25.633033198658953,0.005116873220339653,0.0064004405920217045,-0.0012762182428994922,-382.6003962653382,0.006736195651650588,0.00606479750955283,0.6568346120795554,0.007408042150943832,0.005393846828212443,2.071348033896483,0.009763048695942404,0.0030490302966117784,8.084548765106016
33871,33871,47.07604832565828,0.011164390266282149,0.01178611207539276,-0.0006146683549258375,-184.27291377087585,0.012123663901375379,0.011448672825806966,1.1954916137176987,0.01279910573348696,0.010774131605546388,3.687858698472081,0.015166714907698503,0.008416766975774632,13.479232618700605
34160,34160,20.739582044538317,0.005763987565024067,0.005175414475559709,0.0005853713002726907,175.48988090697804,0.005510760842286452,0.0048401799496904235,0.5343115623796921,0.006181789546321774,0.004170045973186749,1.7036561336833813,0.00853392949428233,0.0018280836349803481,6.857472692770301
34415,34415,20.361042011319707,0.003262256851037927,0.005080712957744928,-0.0018109024514164143,-542.8943036584695,0.005416027730175328,0.004745510015635021,0.5248398306201829,0.006086993213964855,0.00407543917508135,1.6752314490417772,0.008438911557596476,0.0017336974823313539,6.7626127016541275
34433,34426,22.95091476024225,0.0052969978317466545,0.005728814529538628,-0.0004294491913273725,-128.74562073943935,0.006064345521450962,0.005393395440057818,0.5896608005767517,0.006735743660826312,0.004722892520807006,1.8697593005394946,0.00908917858114236,0.00237964081353555,7.411798805121643
34566,34566,22.32543861616743,0.006190949606877702,0.0055722542589738445,0.000615077725072603,184.3956398070076,0.005907733019288439,0.005236887383671096,0.5740021615051192,0.006579026643139486,0.004566488840587036,1.822767695537956,0.008932095207831078,0.002223601903734794,7.254976546962313
34778,34778,27.34009378505607,0.005387060137450156,0.006828137139772614,-0.0014323291570847423,-429.4011850191361,0.007164034887415236,0.006492351416877664,0.6996114024451621,0.00783616690568957,0.005821115597257776,2.199721261408951,0.010192174273152643,0.003475302573708951,8.512961019272641
36487,36487,85.58546212208236,0.02190848977261463,0.021530674867340633,0.00036978336925020186,110.85826014212977,0.02187147767188934,0.021189985723417678,2.170110468950331,0.022553424718163052,0.020508947962832872,6.612691697186417,0.024943836455079846,0.018128879436077192,23.240101939521278
36918,37061,28.760736288630234,0.006748001645858617,0.0071842114634090735,-0.0004331921616154413,-129.8677347935638,0.007520228004477197,0.006848306986707236,0.735224775470603,0.008192597728617084,0.006176833778170952,2.306597060149482,0.010549438320439813,0.003830191135588922,8.869631196860006
37235,37235,12.612465753175393,0.00396941273285801,0.003144166814435165,0.0008223211414995425,246.52562070765026,0.0034788355168326084,0.0028096097268883787,0.33115290740003966,0.004148508213283592,0.0021408299499132743,1.0939766319282058,0.0064958949821481106,-0.00019639977600136428,4.822825946500181
37339,37339,19.17785364482655,0.00502347527368417,0.0047847655038068485,0.00023754482259209092,71.21414491057713,0.005119981542322758,0.0044496612626828335,0.495240147707143,0.0057907494593656085,0.0037797877254468603,1.586402745523409,0.008141975277275967,0.0014387355618887144,6.466170009930226
37618,37618,10.204694319421995,0.0028786581415600524,0.002543169949363386,0.00033458117452098363,100.30490896730964,0.0028776381473391995,0.0022088132993683053,0.2710431939997097,0.0035469096340692823,0.0015404341971542983,0.9135872701256204,0.0058928900526445125,-0.0007953952636890812,4.220823374662726
37760,38795,13.452407051486315,0.0038826860681064903,0.0033539068852414455,0.0005268728130541187,157.9524810632647,0.003688645561068093,0.0030192798476021887,0.35213041373582793,0.004358458274481161,0.0023503602403589954,1.1569301674890142,0.00670633584126227,1.2641840189528302e-05,5.032916995856825
37930,37930,22.151339841371943,0.0050501604013000224,0.005528680672032307,-0.00047600250235601323,-142.70194941773454,0.00586414489533788,0.00519332832889036,0.5696440758387389,0.006535409430606821,0.004522958835602651,1.8096890723421606,0.008888376031827116,0.0021801734210300907,7.211330044080093
38201,38201,83.06154404079231,0.02092781133273206,0.020889149273550855,3.787024981352985e-05,11.353215271244729,0.02122973805249374,0.02054867408385436,2.1059472065061944,0.021911256833131814,0.01986806401786993,6.420137627157216,0.024300167381345553,0.017489490184237472,22.59750281828164
38411,38411,27.089438298597827,0.007395115990543031,0.00676532512315252,0.0006253631786821475,187.47914004009004,0.007101201915466093,0.006429560348597837,0.6933291528415467,0.007773292002088002,0.005758366404720096,2.1808682186564488,0.010129152387590136,0.003412699727147499,8.450043893168798
38524,38524,24.366884234595855,0.0048900496356049095,0.006083329877182056,-0.0011867689485970364,-355.7842131467326,0.006418979142414717,0.005747792553826075,0.6251182499933388,0.007090613946924197,0.005077053285002616,1.9761671722397773,0.009444878443550356,0.00273297559096254,7.766907397928836
39158,39158,15.516722739072343,0.0045264647718389235,0.003869569398210884,0.0006541492672523675,196.10898875607188,0.004204480109234265,0.003534770382750091,0.4037052682269938,0.004874637065396226,0.002865506991759928,1.3117064018195637,0.0072237212975801626,0.0005265871473776325,5.549442417284614
39328,39659,21.419039907221233,0.009800113116921708,0.005345420704982542,0.004421218808823226,1325.4394178651164,0.0056808237891444084,0.005010129480593879,0.5513150216668148,0.006351965984872987,0.004339882163723027,1.7546835466545396,0.008704503752396044,0.0019975237273024897,7.0277634102242
40228,39241,14.282360800191839,0.003255585569133964,0.0035611960588141536,-0.0003045723903053626,-91.30850270518901,0.0038960038904022917,0.0032264998884774395,0.3728627894579632,0.004565954984622829,0.0025574420849391807,1.2191480656224698,0.0069143176141491245,0.00021924072087044328,5.24055304665393
40375,40375,22.636016404497504,0.005210271166995135,0.005649990616310651,-0.0004373446178048473,-131.11260960546915,0.005985495311009054,0.005314597815273427,0.5817770941739026,0.0066568408296103785,0.004644147446633837,1.8461002829496929,0.009010091299657857,0.002301079391522462,7.3328429881387045
40378,39791,29.89509927814587,0.005780665769783975,0.007468622204590499,-0.0016768483072695005,-502.7060045565774,0.007804733630697929,0.007132622874494319,0.7636705946317436,0.00847729321997809,0.006460960053977675,2.391963016401596,0.010834799341275902,0.004113654761638363,9.154517870318989
40887,40498,27.848384078049996,0.010794134120612201,0.006955522159103237,0.0038048492096008297,1140.659592474503,0.0072914624049036855,0.006619693952223956,0.7123520296406101,0.007963679462070938,0.005948373207099205,2.2379559073378537,0.010319984914214975,0.0036022633886691794,8.640559204400079
41339,41361,16.398344276265377,0.004066146320465474,0.004089877696718565,-2.3634992471075617e-05,-7.0855924863958855,0.004424861906940593,0.0037550052065717294,0.42573977365053906,0.00509516593513586,0.0030855949396492574,1.3778319936107797,0.007444765695199134,0.0007461617980548841,5.770119379190059
41939,41939,14.216739313080032,0.004553149899454776,0.0035448048830595156,0.0010042787989929915,301.0751084483702,0.003879607246227757,0.003210114179318933,0.371223398415788,0.004549547398129903,0.0025410673035089386,1.2142282500535702,0.00689787167182424,0.00020290412930810316,5.224134441943567
42139,42139,22.740499508958955,0.006771351132522487,0.005676143663310995,0.001088433442528949,326.3040082490876,0.0060116570831823014,0.005340742140010786,0.5843928352048947,0.00668302006087085,0.004670274335563344,1.8539501266539116,0.009036331729815283,0.0023271453463600475,7.359039799587785
42174,42174,17.171174432444527,0.004589841949926572,0.004283039897412925,0.0003054469575166398,91.57069133475233,0.004618088550359337,0.003948102986033902,0.4450592163938959,0.005288521528566048,0.0032785639410376753,1.4358096772440387,0.007638573293843683,0.0009386807500363263,5.963604817065361
42734,42734,14.750271017597601,0.004209578881400679,0.0036780801499011113,0.0005294108378253006,158.71336153564653,0.004012926976330059,0.003343344997728697,0.3845531486336937,0.004682956099299643,0.0026742092694823495,1.2542308552695727,0.007031592241026863,0.0003357355766883781,5.357632731309126
43149,43149,14.151419329314304,0.006364402936380741,0.0035284892837916036,0.002821956876941274,845.9991428214421,0.0038632862037537566,0.0031938040214417535,0.3695915662831,0.00453321546379039,0.002524768022974419,1.2093311187865925,0.006881501558503963,0.00018664286255551662,5.20779154018936
43296,43296,37.051005630192414,0.01086084693965183,0.009264623811261434,0.001580321107480168,473.7679548424595,0.00960133441896917,0.008928025499397096,0.9433007193757145,0.010275092971746858,0.008255165314041288,2.931033355121589,0.012636801789474381,0.005903675510161395,10.953524901929807
43594,42407,15.878153642056166,0.005357039368882322,0.003959881475596227,0.0013906796921542936,416.91501443182983,0.004294822316511949,0.0036250523402916656,0.4127379827113263,0.00496503956264457,0.002955728739719501,1.3388135948007978,0.007314335127738107,0.000616598476856136,5.639905622691391
43671,43671,24.479356661960658,0.005246963217466932,0.006111494881704106,-0.0008596495706635517,-257.7163943239602,0.006447153543338429,0.005775948165080244,0.6279352203439338,0.007118807150065126,0.0051051901191098235,1.9846209055057669,0.009473137553627843,0.002761046803309709,7.795119533704675
43790,43423,35.87566830392618,0.015330605815307069,0.008969416042804728,0.006284849718288219,1884.1257380330378,0.009306028163371657,0.0086329161852349,0.9137750173522164,0.009979589643197267,0.0079602528100606,2.8424266683890718,0.012340607666089246,0.005609450811976308,10.657823133475855
44087,44087,11.770637907805682,0.0042496065728244575,0.0029339996493813096,0.0013108986220949246,392.9972949905949,0.0032685982358624755,0.0025995126543665492,0.3101326845142969,0.003938130630234473,0.001930872992396268,1.030894903920742,0.006285025601769337,-0.000405867064174895,4.612307088197732
44298,44715,89.16614688795394,0.02540424149029126,0.02244149950257868,0.0028935226863319105,867.453857504069,0.022782606176211088,0.02210050659091494,2.2612081284632457,0.023465161265086902,0.021418861598471985,6.886075942952076,0.025857704358361277,0.019036670937647243,24.152450746600163
44807,44807,65.58431698067287,0.016618163222771935,0.01645785513638619,0.00015770004197614845,47.277282818815024,0.016796965548103428,0.016118857820867347,1.662743862102421,0.017475526113171123,0.015441202026066265,5.090083565615848,0.01985406730315038,0.013072952682895175,18.158793363741953
45283,45283,48.842737842292564,0.011271130776745557,0.01223112042564507,-0.0009488397854285086,-284.4549261571772,0.012568820715200584,0.01189353276200024,1.2399998731595059,0.01324455962319788,0.011218694861965132,3.821428067904668,0.015613210129999468,0.008860293405405265,13.924985644898594
45657,45466,39.33688806732014,0.01086084693965183,0.009839012950757809,0.0010113665035331402,303.19994665581754,0.01017591518602452,0.009502223075243909,1.0007492163014753,0.010850057185904413,0.00882897995406161,3.1034364013305393,0.013213110091063074,0.0064761518785598675,11.528875222886322
45898,46618,43.53113592296384,0.011277802058649521,0.010893780283222127,0.0003798112716025155,113.86454921458612,0.01123103440969866,0.01055663863385711,1.1062435470426313,0.01190588054454442,0.00988269231657927,3.420025084252795,0.014271401636193485,0.007527406734325342,12.58540760056896
46115,46247,32.71899836231789,0.010333815669238751,0.00817698714963861,0.002137050084089695,640.6705222681787,0.00851333490027927,0.00784075157382544,0.8345189073344569,0.009186367375390319,0.0071686164980082736,2.6045789346994255,0.011545531091433272,0.004819660783265948,9.864068191630428
47582,47582,35.87566830392618,0.013325885603166176,0.008969416042804728,0.004308447233998329,1291.6319943869128,0.009306028163371657,0.0086329161852349,0.9137750173522164,0.009979589643197267,0.0079602528100606,2.8424266683890718,0.012340607666089246,0.005609450811976308,10.657823133475855
48521,48521,16.85776517828977,0.0042496065728244575,0.004204701491385396,4.471605977416932e-05,13.405537462838238,0.004539724009092667,0.0038697907065291907,0.4372240688113201,0.005210104690637208,0.0032003038884644906,1.4122963847645706,0.007559973141747361,0.0008606032184379981,5.885135319730006
49044,49044,30.775137359078713,0.006190949606877702,0.007689323196135129,-0.0014880466192333684,-446.10482433120575,0.008025508252451359,0.00735325026038645,0.7857443759111535,0.008698215175916381,0.006681440302135484,2.4582064751079202,0.011056237744006756,0.004333620797646969,9.3755881823937
49353,49353,12.965820353826285,0.003605827869092024,0.003232396945759328,0.00037215847598001976,111.57029912868349,0.003567095083470796,0.002897810432715444,0.339977392543524,0.004236826680039935,0.002228971834157658,1.1204589282700543,0.0065844199099992185,-0.00010846345950334664,4.911203721922938
49356,49356,34.07218616593571,0.008369123148521635,0.008516605946247513,-0.00014624804554985195,-43.84406074049998,0.008853067000424923,0.008180257104685281,0.8684864531170701,0.00952632619612391,0.007507895610581924,2.706515602819482,0.011886284630110697,0.005158148616606592,10.204255305548884
50558,50558,69.75896043328059,0.016928377831306216,0.017514570789524377,-0.0005762687765097953,-172.76101385470372,0.017854033742449683,0.017175221050372946,1.768433057416021,0.01853329974313095,0.016496860760562858,5.407257037482238,0.02091431367872813,0.01412614937123922,19.217277322414787
51104,51104,48.06179647259539,0.011321165391025281,0.01203438633020782,-0.0007049882736779034,-211.35013241280814,0.012372020985384336,0.011696864279052373,1.2203231813499527,0.013047628558867078,0.011022157538414708,3.7623782791568403,0.015415818702115855,0.008664214453434089,13.727922335079688
51251,51251,28.497056273411538,0.005086852451771819,0.007118112355495527,-0.002018940047580719,-605.2621770455479,0.007454106844596041,0.006782229923406782,0.7286137618971851,0.008126432442707693,0.006110800782062544,2.286757396109461,0.01048311836067946,0.0037643121440642845,8.803421478851877
51275,51233,25.870212734646053,0.005780665769783975,0.006459854015483641,-0.0006750567487473222,-202.37689125529042,0.006795628896603785,0.006124191118134142,0.6627769456656083,0.007467515058737938,0.005453200826837972,2.0891809880499634,0.00982266063288979,0.0031082458676572776,8.14406161085476
51564,51564,28.89348981559084,0.006921454975361656,0.00721749165957731,-0.0002939585541921015,-88.12655497298984,0.007553519303576034,0.006881576083647792,0.7385533503264672,0.00822591124470072,0.006210080687750103,2.316586119487511,0.010582829713158467,0.0038633605055019486,8.902967084030676
51787,51787,26.964973635434237,0.006377745500188667,0.006734136850983281,-0.0003540700918238521,-106.14753869640732,0.007070003238273408,0.006398382477981883,0.6902098052870791,0.007742072504424029,0.005727209326814099,2.171507050837829,0.01009785990845465,0.003381615314925283,8.41880343061715
53201,53247,19.534396563982572,0.0056605826955126405,0.004873937369507529,0.0007825236108068229,234.5946288426727,0.005209183157518648,0.004538803388810014,0.5041588220004583,0.005880010603356786,0.0038688704021524827,1.6131677036776653,0.008231445086047968,0.0015276104766971691,6.555491095625464
53630,53630,28.106062003343975,0.006994839076305249,0.00702010619118155,-2.5091288361090737e-05,-7.522179010579597,0.007356067983490392,0.006684256444979816,0.71881151035346,0.00802832815526105,0.0060128926427392496,2.2573408209811263,0.01038478473593416,0.0036666323497068836,8.705251311248105
53865,53932,29.10717118066605,0.006030838841182589,0.00727106209581454,-0.0012320292460184373,-369.35288911200746,0.0076071076119686104,0.006935128653690193,0.7439112877073821,0.008279535315309408,0.006263597543260551,2.3326652995399297,0.010636579140158977,0.003916752547032368,8.956627164913552
54646,54625,35.05903839326121,0.009149663131285311,0.00876435513592532,0.0003818874308366936,114.48696600432032,0.009100898844124525,0.008427923667907107,0.8932655054746571,0.00977432343067498,0.007755397003478984,2.780877585069193,0.012134861605031182,0.005405072777646216,10.452419078147535
61009,61009,50.605765651324454,0.012838882024176873,0.012675401552183543,0.00016142119922221525,48.39285766781454,0.013013250062695764,0.012337665717014955,1.284435398097575,0.013689285561103324,0.011662531622033446,3.9547791609551313,0.01605897569877014,0.009303095033046995,14.370010230447807
61404,61404,23.593914430440503,0.007048209331536953,0.00588978644857271,0.0011509773408596652,345.0541737485976,0.006225371143895828,0.005554313673591662,0.6057606780985125,0.006896876743896121,0.004883703437000357,1.9180750629510617,0.00925068834322342,0.0025400766805917492,7.573040094193333
62351,62351,10.934526967309194,0.0038593365814426194,0.0027253033268172986,0.0011303120265232416,338.85887642907977,0.0030598322880842845,0.002390885933796119,0.2892595704164929,0.0037292253622731074,0.0017223854062440773,0.9682546496600825,0.0060756319782928805,-0.0006138684079055858,4.403261533690025
62395,62395,61.461053471952326,0.015320598892451125,0.015415222397310479,-9.319134860952781e-05,-27.938063383108,0.015753984966157857,0.015076572808652943,1.5584631931497739,0.016431849496995495,0.014399612120012843,4.777137083982063,0.018807950895788746,0.012033792011154822,17.11441588544884
62409,62409,27.5930685581751,0.0077520295724050545,0.006891534322223343,0.0008542407380941084,256.09486830383634,0.007227453220417887,0.006555727455830358,0.7059521783941289,0.00789962756098599,0.005884449370347851,2.2187499418347167,0.010255783279715202,0.003538488637442521,8.57646429042181
62453,62836,13.765753865094156,0.0030787965986789436,0.003432163325694187,-0.0003522200852386628,-105.59292074408462,0.003766928109414641,0.003097510188868327,0.35995736339328005,0.004436793064771815,0.002428538409338713,1.1804188579807608,0.0067848537539185565,9.063767916631965e-05,5.111304390456264
62589,62589,28.760736288630234,0.008676002116103936,0.0071842114634090735,0.0014800539392235785,443.7086844223511,0.007520228004477197,0.006848306986707236,0.735224775470603,0.008192597728617084,0.006176833778170952,2.306597060149482,0.010549438320439813,0.003830191135588922,8.869631196860006
63620,63620,29.840081159302233,0.008078922385699244,0.007454826051100025,0.0006192864347016264,185.6573787310852,0.007790932874538229,0.007118831322138044,0.7622907491111844,0.008463483253868698,0.006447177699290846,2.387822097424882,0.01082095709176275,0.0040999045506663724,9.140698630376148
63972,63972,33.17416496945389,0.008665995193247992,0.008291210658974675,0.0003716336048175742,111.4129467345235,0.008627596516833536,0.007954936988652383,0.8459431639463006,0.009300705244559138,0.007282725761893382,2.6388631500573907,0.011660136246963694,0.0049335039173262025,9.978482842323176
64102,64192,32.41902878227876,0.009249732359844757,0.008101717220428791,0.0011381410646912407,341.20596000577456,0.008438039859534766,0.007765506747775394,0.826990658627093,0.009111022086418168,0.007093421853186545,2.581986646315782,0.01147000966861938,0.0047446415101623,9.788672305894323
64725,64725,36.37474856426328,0.008746050576095548,0.009094758756974275,-0.000345625068872776,-103.61578481792266,0.009431412694345699,0.008758217096546209,0.9263113799574193,0.010105057849674947,0.008085470157438426,2.8800483159045434,0.012466369178193921,0.005734376122848142,10.7833755958532
65379,65375,53.358056184603406,0.011698092818599194,0.013369365687200471,-0.0016505852592915374,-494.832562642486,0.01370744571785133,0.013031398409107173,1.3538433895365414,0.01438394448848726,0.012355801659609197,4.163072672460042,0.01675525852258142,0.009994748200726334,15.06513564344434
66537,66537,60.478359188180086,0.01469683403443058,0.015166890381799516,-0.00046314080114550835,-138.84610924803218,0.015505570102182887,0.014828323613975321,1.533625848483413,0.016183268853089846,0.014151528484220416,4.702600166410389,0.018558789147684142,0.011786286965148137,16.86566831171847
66549,66549,30.394849687701146,0.007018188562969119,0.007593946543800981,-0.0005715819799493515,-171.35594805652005,0.007930099780582662,0.0072579054169747675,0.7762051194363249,0.008602743033099816,0.006586159044774928,2.4295791486684806,0.010960542417026684,0.004238561758741514,9.280051926990062
67146,67146,32.41902878227876,0.007745358290501091,0.008101717220428791,-0.0003535575073813947,-105.9938697657074,0.008438039859534766,0.007765506747775394,0.826990658627093,0.009111022086418168,0.007093421853186545,2.581986646315782,0.01147000966861938,0.0047446415101623,9.788672305894323
67557,67557,24.819898435070957,0.005810686538351809,0.006196777128728846,-0.000383786444223576,-115.05627581190814,0.006532464242204782,0.005861201969752299,0.636464867875905,0.0072041747811195074,0.0051903870675053514,2.010218393626022,0.009558704747641275,0.002846045052246643,7.880544491844355
67878,67883,31.82731482170786,0.007411794195302939,0.007953257747225053,-0.0005373354712370909,-161.08910618903528,0.008289530857319248,0.007617096787065091,0.8121422344435387,0.00896241397655788,0.006945110867974145,2.537426497700108,0.01132105415923803,0.0045966764212879785,9.63996440095106
67882,67882,36.04126286491434,0.00859594673325638,0.009011002961701613,-0.00041143418381164865,-123.34485831025746,0.009347628956485875,0.008674489234541624,0.9179344030690935,0.010021218198646186,0.008001798134050003,2.854908992666073,0.012382333536147976,0.0056508992424320875,10.69947964382701
67890,67890,17.897814394089608,0.0038760147862025272,0.004464691153720612,-0.0005862315917175573,-175.7477897053261,0.004799800409113062,0.004129693660106981,0.46322737265218383,0.005470354652927101,0.003460033511194987,1.4903323479941388,0.007820831487471657,0.001119727090183399,6.145560048166047
68020,68020,46.00446663934781,0.009109635439861532,0.01151628855358473,-0.002382087870060827,-714.130626997413,0.011853750361112466,0.0111789392924319,1.168504759862986,0.012529012066128269,0.010504577959091575,3.606871099821377,0.014895989845385853,0.0081478419922546,13.208957574834146
68434,68434,77.80365510398032,0.01862621907586481,0.01955400076523951,-0.0009104020777203764,-272.931601243293,0.01989414411227583,0.019213970858894265,1.9724100803656592,0.02057477158283974,0.01853425091454056,6.019392463042998,0.022960557844389048,0.016158787848916698,21.260120075540744
68870,68870,24.705861360384304,0.004950091172740576,0.006168217894929416,-0.001211392552750855,-363.166173346704,0.00650389548048102,0.00583265226069956,0.6336084680206803,0.007175586954001416,0.005161856398425772,2.0016463323420925,0.009530050091078558,0.0028175809234435197,7.851937467089287
69094,69094,24.705861360384304,0.007878783928580352,0.006168217894929416,0.0016986360729443935,509.2377937766757,0.00650389548048102,0.00583265226069956,0.6336084680206803,0.007175586954001416,0.005161856398425772,2.0016463323420925,0.009530050091078558,0.0028175809234435197,7.851937467089287
69342,69342,21.817249589882987,0.002735225580624847,0.00544506957256125,-0.002698807117321508,-809.0800550429932,0.005780505901553034,0.005109745114430102,0.5612815709436044,0.006451714620248158,0.004439431363292234,1.784593179585574,0.008804485569043684,0.0020968407545647006,7.127579029988518
70090,70090,29.1608379852123,0.004816665534661316,0.00728451694146747,-0.002453010480560852,-735.3925664514967,0.007620566946423733,0.006948579012037985,0.745256996750236,0.008293003631866077,0.006277038931483237,2.336703774883279,0.010650078941449053,0.003930162586754751,8.970104525874527
70258,70258,12.268741046383399,0.0015710868883832961,0.00305834864429713,-0.0014838273871793063,-444.8399331757408,0.003392988716058427,0.0027238201778379298,0.322569658615544,0.004062604122553189,0.00205509761443051,1.0682182863494198,0.006409790074382855,-0.000281932163376064,4.736864168434649
70264,70264,24.03255804933244,0.005523821416481398,0.005999613581783391,-0.0004730664986516619,-141.82175784871478,0.006335234917606823,0.005664104178521944,0.6167452237501095,0.007006813835316448,0.004993420721980724,1.9510397048981305,0.009360882433356284,0.002649538078882102,7.6830510118746576
70676,70676,24.934461880978326,0.004159544267120957,0.006225469002212915,-0.0020552535446424934,-616.1486444107509,0.006561165687864403,0.00588988427425322,0.6393345339131056,0.007232895380720222,0.005219050243604409,2.018830266744116,0.009587492487067372,0.0028746413790314957,7.909284378243552
71121,71121,45.540731268325445,0.011314494109121317,0.011399542619369213,-8.40934593360227e-05,-25.21058481664198,0.011736965478148,0.011062232293975594,1.1568282186797576,0.012412149246644652,0.010387948793236436,3.571829777993748,0.014778853836992442,0.008031484833232433,13.092016278240932
71730,71730,38.976245309772,0.00954326876361913,0.009748370092205052,-0.00020314185959533458,-60.9003965730585,0.010085242087224291,0.009411610446853246,0.9916834181816025,0.010759323576312707,0.008738427755779331,3.076229924297891,0.013122164374524133,0.006385810869447061,11.43808068278315
72263,72263,20.644292320739922,0.004479765798511183,0.00515157446185193,-0.0006685889843648738,-200.4379051484718,0.005486912875079349,0.00481634788682941,0.5319271632677829,0.00615792566414772,0.004146229804072195,1.6965005475102208,0.008510009825777057,0.0018043230108119224,6.833592785238326
771919,771919,18.18025623774262,0.005110201938435689,0.0045353070870279635,0.000572135597554856,171.52191838499024,0.004870439901290165,0.004200286042401663,0.4702901441227565,0.005541041286446429,0.0035305788150041526,1.511527738323963,0.00789168336434583,0.0011901078656387056,6.216294150012712
