source_id,APOGEE_ID,two_mass_designation,window_residual_arcsec,unrestricted_residual_arcsec,best_unrestricted_jyear
4668247409117626624,2M04160401-6736114,04160401-6736114,0.5387309007415311,0.5130509811408812,1986.867110329062
6083434254085152640,2M13275447-4807526,13275447-4807526,2.241916609126073,1.9199716276528451,2094.5263810694796
4095638520929799168,2M18153209-1825250,18153209-1825250,1.1919136451262795,1.077075338541018,2195.8703732665267
4067419658090755840,2M17544001-2512339,17544001-2512339,0.9708414759038023,0.9462279065133766,2094.133858324768
4689625729105416704,2M00231829-7209398,00231829-7209398,0.6918488147171397,0.20576233199101437,1892.6643419239563
4152665413053049344,2M18211951-1305166,18211951-1305166,2.1442998261814923,1.3986720919889017,1640.4856754102293
4054428481527670016,2M17331223-3324447,17331223-3324447,1.6745801943994103,1.674079289129467,2013.3690529982684
5337204370984538112,2M11112524-6128593,11112524-6128593,2.543041601258026,2.542977022419776,1997.083703638857
158034077570690816,2M04380185+2858072,04380185+2858072,0.5675641879061711,0.5633954100987799,2027.0595023230806
2126071110028183552,2M19222709+4323078,19222709+4323078,0.7885493109223933,0.1806463048643112,1936.0285530401984
4056875341569007104,2M17471379-2940075,17471379-2940075,1.7220369502936619,0.12782146275723827,1413.080171959784
4659786220476277504,2M05535585-6614152,05535585-6614152,0.8167841445110311,0.362392383570458,2105.6416326318276
4064308138953896320,2M17554068-2555522,17554068-2555522,1.0578469315682917,0.2860322104476921,2794.439323940622
4153397271188585600,2M18254258-1124281,18254258-1124281,1.2735309048656096,0.24251487415028108,1421.134822870059
4067341966412889472,2M17542055-2527262,17542055-2527262,2.7672505013987623,2.68554814347778,2414.14453566836
4054523039519516544,2M17351826-3302485,17351826-3302485,1.557688187003028,0.3251326050392591,2367.2034854169287
4066853684493215488,2M17465905-2623332,17465905-2623332,0.9681176050003386,0.7960758461412663,1873.3085904139195
4054428756420374528,2M17330584-3323420,17330584-3323420,2.422182393886013,0.3007415518551902,2804.0599779195218
1165951099649397504,2M15331805+1010338,15331805+1010338,0.5631341064492107,0.3441739185323064,1744.3950910922445
4054069937701531136,2M17452907-3227078,17452907-3227078,2.168060304650751,0.5656044316930289,2061.3798329578044
2034513780386192384,2M19475427+3145132,19475427+3145132,1.2512844246447,0.8327711432678573,1894.5320917046688
4055519884252881280,2M17483989-3218255,17483989-3218255,1.7902976234827404,1.0095615117792325,2288.318160267992
5966740404951059712,2M17035342-4107028,17035342-4107028,1.3244445780176266,0.10349696356496121,1826.221885565841
6053810971318481792,2M12244731-6306172,12244731-6306172,1.8111205456283836,1.7890616591565882,1965.8252671447472
4094662322105132672,2M18161271-1930046,18161271-1930046,2.9144309192144924,2.3750983800481467,1417.6951060532697
2027938219783295360,2M19513447+2720329,19513447+2720329,1.3222681272622065,1.0169935286840939,1889.3877585027938
4054429374895431296,2M17333941-3323590,17333941-3323590,1.6817955168030694,0.060024294792669464,792.9811871988284
4054057465117066880,2M17455450-3229040,17455450-3229040,2.073303077743013,1.4294033208139658,2054.901080714593
4760542854696181760,2M05150139-6153216,05150139-6153216,2.320101638576329,1.8999962579631866,1875.2006216335583
4095006160006494720,2M18060256-1957575,18060256-1957575,2.4108195423724212,2.116848378437205,1718.856208609075
5867124342245103616,2M13570021-6107474,13570021-6107474,1.9359327118265628,1.8404659581326022,2083.0836994392357
4312453555305088768,2M19110815+1104155,19110815+1104155,0.8294872556391091,0.668111028535417,2109.6103189752357
4056975392831933312,2M17383775-3008485,17383775-3008485,1.1432867098610284,0.44439893019343996,2367.797959948694
4154151403016820352,2M18255163-1115553,18255163-1115553,2.328856863394942,0.5034128870236613,1666.9800356513624
4067066646135390080,2M17455283-2600364,17455283-2600364,1.1588775715805342,0.45324016412144535,2778.348615152414
4057178115285678592,2M17430781-2847565,17430781-2847565,2.869065797043597,1.1507129513569008,4167.3138475437645
6054544379929782784,2M12200153-6314092,12200153-6314092,0.9238627737464494,0.7957449188509117,1850.3361347712848
4104776046680608768,2M18305516-1332028,18305516-1332028,1.4586621262877955,1.3800824555399567,2091.1525139552064
4094982971478248320,2M18041682-2006369,18041682-2006369,1.5096452125336568,1.47752232513143,2092.7877407089027
4063971486544372224,2M18013880-2653102,18013880-2653102,2.2596668436536675,1.8640713115187468,1251.7047662791006
5943217109588391168,2M16461607-4523283,16461607-4523283,1.081868134809478,0.12439703238697732,1361.4118450243814
4054429958995885824,2M17334569-3321182,17334569-3321182,1.9449989968362638,1.482161342067925,1359.8285244966746
6054590628135746944,2M12280365-6233563,12280365-6233563,1.8450137386281085,1.0117751251879408,1513.3747138364054
5866250123124288384,2M13582623-6206490,13582623-6206490,1.322172937879018,0.759724972625556,1745.573843629028
5866262801865648256,2M14005512-6200539,14005512-6200539,2.6803252661554016,2.258523139992636,2208.846077454601
4094917928489852288,2M18052391-2028067,18052391-2028067,1.5137799790592146,1.498851292471978,2037.6188729641228
6053807260466748288,2M12254477-6307346,12254477-6307346,1.220380228790759,1.114323658525715,1905.752254456733
4094946412717325184,2M18072036-2009332,18072036-2009332,2.670835140897002,2.349293904453659,2076.2403666306877
2020717997496373120,2M19443722+2410427,19443722+2410427,2.289085209725905,0.08234918106875615,1802.9922092069219
5992927954438641024,2M16235962-4157043,16235962-4157043,1.2984646732210254,1.1026052174465453,1822.9597599471724
5866350384845306112,2M13582901-6129088,13582901-6129088,1.5022533103248736,0.917635830422219,1803.7918747244275
4055375573346205312,2M17365919-3058095,17365919-3058095,1.709863474938998,0.39997008849776894,105.96003461835835
6054670995526196608,2M12303867-6230222,12303867-6230222,1.3367331920538785,1.308414528467191,2033.9399681816274
5866321007267977088,2M13570765-6141566,13570765-6141566,1.5061636528033724,0.09662656483260268,2197.497781919426
6054609422916545536,2M12233023-6242062,12233023-6242062,2.923601806658173,2.869614436986154,2087.664658788349
5866375265604295296,2M14042329-6132480,14042329-6132480,2.501700492936767,1.3906581799907909,2352.7746422844925
5866330907178416640,2M13583085-6144596,13583085-6144596,1.30743773182596,1.300696645772095,2021.005983930997
4154183559440971392,2M18251636-1049078,18251636-1049078,2.548951587035741,1.6627235609460789,3999.2052011719034
4153310753371101568,2M18281511-1150356,18281511-1150356,2.494443718028398,1.436267543992108,2643.097524078185
5333264339791235712,2M11481893-6256153,11481893-6256153,2.196981889258321,1.6775467719656707,2082.197852173331
4153199191592376832,2M18270161-1214430,18270161-1214430,2.962284960666037,0.1719403468572901,1406.011215636201
4057301436712496640,2M17493507-2855172,17493507-2855172,2.633780614597637,1.6505843728897636,1411.039654245465
4153303473424308608,2M18251971-1128566,18251971-1128566,2.716747779700255,0.9744165665559309,1253.8272437969567
5943265758684176384,2M16463184-4452343,16463184-4452343,2.3402225187777677,0.6564803477284585,1330.2252346503965
4153391464393088896,2M18272864-1119345,18272864-1119345,2.00531790200635,1.5809088190269667,1728.9674900988357
4153404009999723008,2M18271056-1114402,18271056-1114402,2.807328601319306,0.2831583146078857,398.3988538923329
5866311287759028992,2M13550768-6157557,13550768-6157557,1.7435688598054009,0.8422529528283371,1919.6260974583554
5943316787222159616,2M16441730-4442341,16441730-4442341,1.1492059504435088,1.0137823715147554,1908.4822350718434
5943121653942322304,2M16440731-4543596,16440731-4543596,2.366585188428226,2.157607231154779,2167.658207259304
5062267811937244800,2M02393285-3417028,02393285-3417028,0.5530131225395669,0.11208631989076734,1981.2415174048786
4054415596624105216,2M17333548-3329580,17333548-3329580,2.9556610392657703,2.071247900500173,2708.371063893751
6050206909598051840,2M16225221-2324379,16225221-2324379,0.6011602748743702,0.5996151810234099,2011.930062978222
4057555041617342848,2M17433070-2837268,17433070-2837268,1.778720348588522,1.7626681065455836,1634.601991467321
4057200483477261568,2M17481975-2941196,17481975-2941196,2.627131151826201,2.220917759155129,2114.95088535026
4057547516834238336,2M17445104-2833203,17445104-2833203,2.380898805831906,0.4895050880796788,1487.175002465015
4153366381786705408,2M18294631-1119366,18294631-1119366,2.873511688922721,2.460027322448216,5084.514265183478
4257002641291558528,2M18394799-0357051,18394799-0357051,2.027303097320898,1.3230943612950905,2417.099936386654
4056827341014276608,2M17473220-2942431,17473220-2942431,2.4860086317790433,0.7028196931559906,480.839024506588
4094656828864589184,2M18152150-1937391,18152150-1937391,2.5123039869790436,2.408923034669042,1757.5380431665983
6054626357931509248,2M12234529-6231378,12234529-6231378,1.887737085059758,1.8768057871821098,1977.0125950507856
4054418100583613568,2M17335892-3322300,17335892-3322300,2.140980111142606,1.3743989318453755,1668.4661820306278
5867118737311232256,2M13561069-6115380,13561069-6115380,1.1070462337598588,0.6419182144408982,2086.7451059262835
5943318195956872576,2M16451016-4443001,16451016-4443001,1.8299956037248486,1.5617043060490716,1731.7230589126088
5966416598779040768,2M17005404-4121210,17005404-4121210,1.0097830498579898,0.9496225004980917,1952.6317373113498
5970179471165538688,2M16561178-3921257,16561178-3921257,1.7362750266763336,1.5879064063573918,2536.6319944229253
6054227480066476800,2M12190965-6255438,12190965-6255438,2.769142137087625,0.19840859378331688,1682.6561261519303
4054478818561656192,2M17314168-3316357,17314168-3316357,1.645678692395697,0.5590420146333968,2833.0034086071573
4094924456842263168,2M18053878-2023424,18053878-2023424,1.6426666893628117,0.04390579430680626,1368.529944531609
5943171166329414784,2M16435627-4535380,16435627-4535380,1.9859162372972006,1.620246540602306,1712.3941484012796
3606735865269546368,2M13363626-1351428,13363626-1351428,0.5365035063840449,0.09596886569164922,1916.594799181259
5943123513667909888,2M16435676-4540038,16435676-4540038,1.2576501564430405,1.2502555588210587,1971.8667184510325
4057294564762569728,2M17484921-2859266,17484921-2859266,2.9343682302165193,2.934367217024832,1996.8114700003773
5943231467670645760,2M16453807-4515514,16453807-4515514,0.7231693585521065,0.6037161112097232,2077.5358745358153
4057558550604069504,2M17443071-2837274,17443071-2837274,2.5160004170600647,1.0863916348633902,1672.883222554126
6053734245987026176,2M12290810-6320531,12290810-6320531,1.4915005073039194,1.447855596552839,2035.8717403058674
5867211375453618560,2M14000661-6057302,14000661-6057302,2.352980882084758,1.179373736126815,2173.7520007357534
4054564786604018432,2M17345404-3247352,17345404-3247352,2.5256355692812624,1.597825472997751,3083.1234306002543
4154157342958009728,2M18260257-1114084,18260257-1114084,1.0607279366356168,0.8339996019580919,2203.7343729900545
5982389513468985088,2M15481144-5021574,15481144-5021574,1.5873047171214727,0.9568727314775322,2134.966902780459
6054573826195875840,2M12284228-6241323,12284228-6241323,2.2604582405126057,2.0691124033359736,1854.8065904329424
4057259449105552768,2M17472086-2919084,17472086-2919084,2.7775223080176503,0.7322459561690827,2435.682352744819
6054829153399669248,2M12204039-6220211,12204039-6220211,2.507391217407349,0.1758996764665129,1626.9888654864912
4053653390248962560,2M17343899-3349574,17343899-3349574,2.9193929204049645,2.4678416881365184,2972.727274869644
4057167777299860992,2M17421548-2859080,17421548-2859080,1.7157669064576369,1.5536641808899108,2071.4527253053593
4053776157594052736,2M17372556-3310225,17372556-3310225,1.753460097367502,1.1122489420598545,1122.4254727817458
5965574682113393024,2M17044599-4202093,17044599-4202093,1.9345410926942688,0.9826206565552478,2420.564074204354
4057179184736367232,2M17431855-2840426,17431855-2840426,2.887879164365653,2.198470416842296,2362.2774063855577
4067664333838033664,2M17525525-2422175,17525525-2422175,1.4621269988865238,1.009290022786336,1007.6210522128067
4054565336377545984,2M17350328-3245149,17350328-3245149,1.9443409573076436,1.6587700564286252,2176.4677105802816
4067787135484282752,2M17563284-2352501,17563284-2352501,1.938136660247061,0.46660251401031594,1343.6493122527434
4054431470825402112,2M17333632-3316051,17333632-3316051,2.9611542908304562,2.854834186717668,1631.487605262893
4057560264297220992,2M17442890-2831375,17442890-2831375,2.502831571051168,0.36469009707840594,1227.129608275574
5965701057238246144,2M17104185-4211206,17104185-4211206,1.9265029631558475,1.832973487127337,2034.1007757179977
5867172171021462272,2M13561151-6104427,13561151-6104427,1.0614835853214948,1.045626842378061,2025.0581596810623
4056876578527323392,2M17465285-2937311,17465285-2937311,2.469138471301374,1.1078486277535542,2290.9411761031915
5943323517407513600,2M16441574-4436344,16441574-4436344,1.9953342691287108,1.9136070048074678,1662.9355085171692
4054926006233612160,2M17313565-3130506,17313565-3130506,1.728444414245762,0.2834438496625328,2451.361530895066
4094152153015489280,2M18070280-2037130,18070280-2037130,2.7972894003783573,0.5453794972461242,8691.525144406212
5943176668206587520,2M16425930-4526008,16425930-4526008,0.9384712655548026,0.34383188659635117,2441.36502864834
5943254321190619392,2M16470224-4456441,16470224-4456441,1.0234891313461978,0.47930298551129635,2092.675883744808
5867092387704608896,2M13542748-6126453,13542748-6126453,1.3592143214949297,1.2212379061947207,2106.6846079812876
5943273115969704832,2M16453857-4440124,16453857-4440124,1.0708587044995765,1.0336170885790943,2028.2566687965405
4068546451410963200,2M17483121-2351535,17483121-2351535,1.215763146837977,0.7863379599627385,1807.3455497246568
4053638826069553920,2M17353813-3353292,17353813-3353292,1.3595876796887278,1.224194100504552,2069.126564756312
4054828665103422080,2M17324863-3216068,17324863-3216068,0.9993026228373977,0.7973789703154837,1917.7354822880259
4057148291032195072,2M17433967-2908204,17433967-2908204,2.1986466721815328,1.6890670737660494,2239.983981958925
5867104929009627264,2M13565213-6121361,13565213-6121361,2.8317589083454338,1.7961993176945534,2273.9234739094827
5241901005218423680,2M10561653-6128055,10561653-6128055,0.7769273058661269,0.044290600563007695,2137.554483298269
4094150258920681856,2M18061995-2035587,18061995-2035587,1.647817943937538,1.5044485030506334,1891.7915053897943
4067373993987346304,2M17545572-2512487,17545572-2512487,1.5684802794638766,1.4696186294435174,2230.7486006144945
5940107072244377344,2M16465504-4548387,16465504-4548387,2.6931372124739887,0.9607771549435287,2444.2333597812258
4094160399344945664,2M18081954-2039346,18081954-2039346,2.735679311350466,2.3041522205831306,1366.9409840116027
6638380999789033728,2M19105623-5954216,19105623-5954216,0.5536799479166987,0.24247610469576453,1901.0548281183353
5965919379004244608,2M17070270-4153231,17070270-4153231,0.8633354874614684,0.03444458780972844,2189.551644025673
4057263159958271616,2M17480828-2917418,17480828-2917418,1.6296356747611587,0.7797483152461454,2519.643177211226
4053800248114670464,2M17370285-3255301,17370285-3255301,2.2220749731850495,0.4896024385342101,3168.450774702653
2064166956110535552,2M20285596+3853357,20285596+3853357,2.8193147513757446,0.449459388471041,1514.3527696539504
4067815791508754944,2M17535386-2402029,17535386-2402029,2.0365248229981527,2.02534166382604,2111.827337987862
4054573376547724160,2M17353316-3239126,17353316-3239126,2.8522249607270984,2.7543699903256824,1956.5795752683516
5943264457314570880,2M16453225-4452301,16453225-4452301,2.1968950254547397,2.1515204136996617,2018.237129814585
