K,R0,T0,M0,Gamma,gated,negative_T_event,time_reached,minimum,budget_error,Rn_scaled_error,R_final,T_final,M_final,D_final
0.05,0.01,0.01,0.0,0.0,False,False,20.0,0.0,2.7755575615628914e-17,2.7755575615628914e-17,0.009009804864072178,0.005495097567963934,0.005495097567963916,0.0
0.05,0.01,0.01,0.0,0.0,True,False,20.0,0.0,1.0408340855860843e-17,1.3877787807814457e-17,0.008925964043783685,0.005057677661762283,0.006016358294454044,0.0
0.05,0.01,0.01,0.0,1.0,False,False,20.0,0.0,1.3877787807814457e-17,1.9081958235744878e-17,0.009999769724478831,6.675822794577002e-07,1.1514041197844983e-06,0.009998411289121918
0.05,0.01,0.01,0.0,1.0,True,False,20.0,0.0,1.0408340855860843e-17,1.3877787807814457e-17,0.009999170349394067,1.8396241231261004e-06,4.1485972183107385e-06,0.009994841429264488
0.05,0.01,0.01,0.1,0.0,False,False,20.0,0.0,2.3592239273284576e-16,7.979727989493313e-17,0.014606079858305402,0.05269696007084714,0.05269696007084728,0.0
0.05,0.01,0.01,0.1,0.0,True,False,20.0,0.0,6.938893903907228e-17,4.85722573273506e-17,0.014057241817338199,0.049236192307847114,0.05670656587481472,0.0
0.05,0.01,0.01,0.1,1.0,False,False,20.0,0.0,2.0816681711721685e-16,3.122502256758253e-17,0.02999789975915597,1.6221364781589661e-06,3.500646480043735e-06,0.08999697745788572
0.05,0.01,0.01,0.1,1.0,True,False,20.0,0.0,1.249000902703301e-16,3.122502256758253e-17,0.02985006954059772,3.6418625801140356e-05,0.00025113921292274687,0.0898623726206783
0.05,0.22,0.01,0.0,0.0,False,False,20.0,0.0,1.3877787807814457e-16,3.885780586188048e-16,0.09271583853048863,0.06864208073825896,0.0686420807312523,0.0
0.05,0.22,0.01,0.0,0.0,True,False,20.0,0.0,1.3877787807814457e-16,5.273559366969494e-16,0.07175565981404641,0.05494632817538425,0.1032980120105695,0.0
0.05,0.22,0.01,0.0,1.0,False,True,2.468010237376043,-9.999999907458167e-10,8.326672684688674e-17,8.326672684688674e-17,0.1807895108303393,-9.999999907458167e-10,0.010844237862465795,0.03836625230719488
0.05,0.22,0.01,0.0,1.0,True,False,20.0,0.0,1.6653345369377348e-16,3.885780586188048e-16,0.1048808806145072,3.602165828939886e-10,0.05488088901952321,0.07023823000575286
0.05,0.22,0.01,0.1,0.0,False,True,0.18091549204899407,-9.999999996904846e-10,5.551115123125783e-17,1.1102230246251565e-16,0.24567764583455057,-9.999999996904846e-10,0.08432235516544945,0.0
0.05,0.22,0.01,0.1,0.0,True,False,20.0,0.0,6.106226635438361e-16,2.4424906541753444e-15,0.17115516023837044,0.01603733133453684,0.1428075084270934,0.0
0.05,0.22,0.01,0.1,1.0,False,True,0.16709792386308164,-1.0000000009915272e-09,5.551115123125783e-17,1.1102230246251565e-16,0.24373222687639154,-1.0000000009915272e-09,0.08539448772498973,0.0008732863986187768
0.05,0.22,0.01,0.1,1.0,True,False,20.0,0.0,2.220446049250313e-16,7.771561172376096e-16,0.20000000305679055,1.9869137910672626e-09,0.11499999747814801,0.014999997478147821
0.05,1.0,0.01,0.0,0.0,False,False,20.0,0.0,4.440892098500626e-16,2.1249668691325496e-13,0.09890242272073747,0.45554878863963205,0.45554878863963094,0.0
0.05,1.0,0.01,0.0,0.0,True,False,20.0,0.0,1.5543122344752192e-15,3.3673064336881e-13,0.09076370813571095,0.41835531722156316,0.5008809746427264,0.0
0.05,1.0,0.01,0.0,1.0,False,True,3.127550435374665,-1.0000000226755706e-09,4.440892098500626e-16,1.3378187446733136e-13,0.3514559646544135,-1.0000000226755706e-09,0.09226533343703909,0.5662787029085472
0.05,1.0,0.01,0.0,1.0,True,False,20.0,0.0,1.5543122344752192e-15,3.4450220454118607e-13,0.22360679115161772,3.648033768447531e-09,0.1736068043482788,0.6127864008520701
0.05,1.0,0.01,0.1,0.0,False,True,0.018508554188185426,-9.999998854155756e-10,0.0,1.6283271027835629e-15,1.0117406640701578,-9.999998854155756e-10,0.09825933692984212,0.0
0.05,1.0,0.01,0.1,0.0,True,False,20.0,0.0,6.661338147750939e-16,2.6645352591003757e-15,0.25236142204897727,0.3132529591741209,0.5443856187769023,0.0
0.05,1.0,0.01,0.1,1.0,False,True,0.018333796167848512,-9.999999795243242e-10,2.220446049250313e-16,2.0724163126336257e-15,1.011631540537958,-9.999999795243242e-10,0.09827532949420875,9.31309678333053e-05
0.05,1.0,0.01,0.1,1.0,True,False,20.0,0.0,6.661338147750939e-16,1.7763568394002505e-15,0.38729833183942197,2.063194541265616e-09,0.3372983374020618,0.38540332869532135
0.5,0.01,0.01,0.0,0.0,False,False,20.0,0.0,2.42861286636753e-17,1.734723475976807e-17,0.009900009998000517,0.005049995000999762,0.005049995000999744,0.0
0.5,0.01,0.01,0.0,0.0,True,False,20.0,0.0,2.0816681711721685e-17,1.3877787807814457e-17,0.009899020694438059,0.005000509841007604,0.005100469464554357,0.0
0.5,0.01,0.01,0.0,1.0,False,False,20.0,0.0,3.8163916471489756e-17,1.214306433183765e-17,0.009999959344007278,1.2493259319600907e-06,2.032807901112356e-06,0.009996758522159687
0.5,0.01,0.01,0.0,1.0,True,False,20.0,0.0,2.42861286636753e-17,2.0816681711721685e-17,0.009999954353113705,1.3698282276551582e-06,2.2823547328461136e-06,0.00999639346392578
0.5,0.01,0.01,0.1,0.0,False,False,20.0,0.0,1.5265566588595902e-16,1.5612511283791264e-17,0.01081879129016075,0.05459060435491952,0.05459060435491966,0.0
0.5,0.01,0.01,0.1,0.0,True,False,20.0,0.0,6.938893903907228e-17,1.5612511283791264e-17,0.010808228688778352,0.054059179952427074,0.05513259135879461,0.0
0.5,0.01,0.01,0.1,1.0,False,False,20.0,0.0,1.1102230246251565e-16,2.42861286636753e-17,0.011999181809922956,2.0929458323549945e-05,3.409357779497798e-05,0.10794579515395848
0.5,0.01,0.01,0.1,1.0,True,False,20.0,0.0,1.1102230246251565e-16,1.734723475976807e-17,0.011999060564602312,2.3355578099005636e-05,3.9146206182104485e-05,0.1079384376511165
0.5,0.22,0.01,0.0,0.0,False,False,20.0,0.0,2.7755575615628914e-16,2.7755575615628914e-16,0.2172249379360243,0.0063875310319881085,0.00638753103198788,0.0
0.5,0.22,0.01,0.0,0.0,True,False,20.0,0.0,7.494005416219807e-16,7.494005416219807e-16,0.2162153075017024,0.005032554312458312,0.008752138185838726,0.0
0.5,0.22,0.01,0.0,1.0,False,False,20.0,0.0,3.885780586188048e-16,3.608224830031759e-16,0.21999981678863775,2.1610618004430126e-07,4.1638980580168494e-07,0.009999550715376128
0.5,0.22,0.01,0.0,1.0,True,False,20.0,0.0,1.6653345369377348e-16,1.6653345369377348e-16,0.2199940251328754,3.405161469469838e-06,1.3579612266688553e-05,0.009988990093388423
0.5,0.22,0.01,0.1,0.0,False,False,20.0,0.0,1.6653345369377348e-16,1.6653345369377348e-16,0.24283297144376517,0.043583514278115985,0.043583514278118726,0.0
0.5,0.22,0.01,0.1,0.0,True,False,20.0,0.0,3.3306690738754696e-16,3.3306690738754696e-16,0.23586930583293925,0.03449874233737842,0.05963195182968252,0.0
0.5,0.22,0.01,0.1,1.0,False,False,20.0,0.0,1.4988010832439613e-15,1.5543122344752192e-15,0.2639983378033275,1.5439337427704717e-06,3.1481195768809916e-06,0.0659969701433514
0.5,0.22,0.01,0.1,1.0,True,False,20.0,0.0,5.551115123125783e-16,6.661338147750939e-16,0.26385646458591727,5.115949502612704e-05,0.0002719952575501755,0.06582038066150651
0.5,1.0,0.01,0.0,0.0,False,False,20.0,0.0,6.661338147750939e-16,8.881784197001252e-16,0.9049876957829083,0.052518604766904044,0.05249369945018778,0.0
0.5,1.0,0.01,0.0,0.0,True,False,20.0,0.0,2.220446049250313e-15,3.6637359812630166e-15,0.6109877909066431,0.08066525119743753,0.3183469578959172,0.0
0.5,1.0,0.01,0.0,1.0,False,True,2.43457555550138,-9.999999998903844e-10,6.661338147750939e-16,6.661338147750939e-16,0.9942054661413414,-9.999999998903844e-10,0.002914153088067659,0.012880381770591405
0.5,1.0,0.01,0.0,1.0,True,False,20.0,0.0,8.881784197001252e-16,1.1102230246251565e-15,0.9049876957829073,2.490531671629103e-05,0.05249369945018789,0.05249369945018789
0.5,1.0,0.01,0.1,0.0,False,True,0.1610901496310001,-9.999999991483835e-10,2.220446049250313e-16,1.8503717077085943e-16,1.024146072344786,-9.999999991483835e-10,0.08585392865521424,0.0
0.5,1.0,0.01,0.1,0.0,True,False,20.0,0.0,1.1102230246251565e-15,1.4802973661668755e-15,0.7101873976486853,0.05496516914354146,0.34484743320777306,0.0
0.5,1.0,0.01,0.1,1.0,False,True,0.14880220343674624,-9.99999985948222e-10,4.440892098500626e-16,3.7007434154171886e-16,1.0224275903298148,-9.99999985948222e-10,0.08683862375667288,0.0007337869135120682
0.5,1.0,0.01,0.1,1.0,True,False,20.0,0.0,6.661338147750939e-16,9.251858538542972e-16,0.9600041418420421,1.251158182350354e-06,0.12499730349988791,0.024997303499888077
2.0,0.01,0.01,0.0,0.0,False,False,20.0,0.0,1.3877787807814457e-17,2.2551405187698492e-17,0.00997500015624807,0.005012499921875981,0.005012499921875964,0.0
2.0,0.01,0.01,0.0,0.0,True,False,20.0,0.0,3.122502256758253e-17,2.949029909160572e-17,0.009974937815229384,0.005000031405655284,0.005025030779115364,0.0
2.0,0.01,0.01,0.0,1.0,False,False,20.0,0.0,1.734723475976807e-17,2.7755575615628914e-17,0.00999998939186018,1.3094227403080881e-06,2.1216302119877537e-06,0.009996579555187521
2.0,0.01,0.01,0.0,1.0,True,False,20.0,0.0,1.734723475976807e-17,1.734723475976807e-17,0.009999989082824146,1.3396789208477119e-06,2.1834375574801647e-06,0.009996487800697543
2.0,0.01,0.01,0.1,0.0,False,False,20.0,0.0,8.326672684688674e-17,1.5612511283791264e-17,0.010219523948966863,0.054890238025516534,0.054890238025516666,0.0
2.0,0.01,0.01,0.1,0.0,True,False,20.0,0.0,9.71445146547012e-17,1.3877787807814457e-17,0.010218841881606114,0.05475376428035889,0.05502739383803493,0.0
2.0,0.01,0.01,0.1,1.0,False,False,20.0,0.0,1.6653345369377348e-16,1.214306433183765e-17,0.010499809413603694,2.2403737638952045e-05,3.63028296592449e-05,0.10944148401909823
2.0,0.01,0.01,0.1,1.0,True,False,20.0,0.0,9.71445146547012e-17,1.5612511283791264e-17,0.010499803470342389,2.2960369497060956e-05,3.743492116918767e-05,0.10943980123899133
2.0,0.22,0.01,0.0,0.0,False,False,20.0,0.0,3.0531133177191805e-16,3.0531133177191805e-16,0.21941961394405643,0.0052901930279717875,0.00529019302797177,0.0
2.0,0.22,0.01,0.0,0.0,True,False,20.0,0.0,5.551115123125783e-16,5.551115123125783e-16,0.2193840719999444,0.005000862198411946,0.0056150658016442204,0.0
2.0,0.22,0.01,0.0,1.0,False,False,20.0,0.0,1.942890293094024e-16,2.220446049250313e-16,0.2199998297488742,9.256783883186616e-07,1.5477387038525606e-06,0.009997696834033514
2.0,0.22,0.01,0.0,1.0,True,False,20.0,0.0,1.942890293094024e-16,1.942890293094024e-16,0.2199996652226797,1.5851223491179808e-06,3.0434348158846676e-06,0.009995706220155323
2.0,0.22,0.01,0.1,0.0,False,False,20.0,0.0,9.43689570931383e-16,8.326672684688674e-16,0.22509665189216113,0.05245167405391892,0.05245167405391906,0.0
2.0,0.22,0.01,0.1,0.0,True,False,20.0,0.0,2.220446049250313e-16,3.608224830031759e-16,0.22474411558852975,0.049584710151016516,0.05567117426045372,0.0
2.0,0.22,0.01,0.1,1.0,False,False,20.0,0.0,1.6653345369377348e-16,2.498001805406602e-16,0.23099720635959434,1.4440564332615991e-05,2.418765533881915e-05,0.09896416542073425
2.0,0.22,0.01,0.1,1.0,True,False,20.0,0.0,3.885780586188048e-16,1.3877787807814457e-16,0.23099422312956627,2.5811382658064517e-05,5.0017445072530106e-05,0.09892994804270283
2.0,1.0,0.01,0.0,0.0,False,False,20.0,0.0,1.3322676295501878e-15,1.3322676295501878e-15,0.9966813997036318,0.0066593001481851655,0.00665930014818429,0.0
2.0,1.0,0.01,0.0,0.0,True,False,20.0,0.0,1.1102230246251565e-15,1.1102230246251565e-15,0.9950612209779925,0.005012195776900275,0.009926583245108289,0.0
2.0,1.0,0.01,0.0,1.0,False,False,20.0,0.0,8.881784197001252e-16,6.661338147750939e-16,0.9999998485589504,1.514410961717336e-07,3.028821464746343e-07,0.009999697117807656
2.0,1.0,0.01,0.0,1.0,True,False,20.0,0.0,2.4424906541753444e-15,2.55351295663786e-15,0.9999899338727887,4.169749110515096e-06,2.0132457073877556e-05,0.009985763921024614
2.0,1.0,0.01,0.1,0.0,False,False,20.0,0.0,3.774758283725532e-15,3.806478941571965e-15,1.0292133176620013,0.04039334116899683,0.040393341169005864,0.0
2.0,1.0,0.01,0.1,0.0,True,False,20.0,0.0,1.5543122344752192e-15,1.2688263138573218e-15,1.0192868848677137,0.030449188286466273,0.0602639268458191,0.0
2.0,1.0,0.01,0.1,1.0,False,False,20.0,0.0,4.6629367034256575e-15,4.440892098500626e-15,1.0499984717320743,1.4306849564894463e-06,2.9109907537101253e-06,0.05999718659221112
2.0,1.0,0.01,0.1,1.0,True,False,20.0,0.0,2.886579864025407e-15,2.749123680024197e-15,1.0498444832503673,5.622859638727381e-05,0.0002962662606046837,0.05980302189264258
