CID,z,width,bands,err
1246275,0.24651,1.2676300668945313,4,0.07480523389246053
1246281,0.336,1.3701828125,4,0.08008957706235677
1246314,0.38388,1.5171325078124998,3,0.0980510476614554
1246527,0.32184,1.3240344609374999,4,0.07501980492660418
1246529,0.49797,1.6188998697916668,3,0.09967639949916278
1246626,0.39392,1.2770340000000002,3,0.10368979916232611
1246650,0.91042,1.79363065234375,2,0.16329387982312574
1246717,0.535,1.5452932942708333,3,0.11762500150022337
1246758,0.53249,1.528623854980469,3,0.1150440697465658
1246791,0.83213,1.6875634921874996,2,0.1507253634237775
1247022,0.35859,1.4045618198242187,4,0.09658774319482724
1247420,0.15123,1.215761837890625,2,0.11046972789431526
1247537,0.45687,1.536258033203125,3,0.10075989705955662
1247570,0.5806,1.5662963932291667,3,0.11590376315270484
1248039,0.22666,1.1408896328125002,4,0.07109564398889923
1248084,0.28165,1.4248343359375,3,0.09082936169017693
1248243,0.32489,1.4903071743164067,4,0.07818285608160991
1248441,0.24567,1.0692811816406245,2,0.11307228044023336
1248677,0.35067,1.5238564951171878,4,0.08824232184165307
1248907,0.1714,1.256948043619792,3,0.0846919595931729
1248925,0.34408,1.3590433906249997,4,0.0848395847305221
1248936,0.57208,1.4535599062500004,3,0.12466700917072517
1248962,0.48452,1.5233726718750003,3,0.11253900489007236
1249090,0.38724,1.1260487187499992,3,0.09850250944664053
1249137,0.22397,1.2281534912109375,4,0.07095365045309987
1249178,0.76649,2.060444976562502,3,0.32848491477435104
1249182,0.56135,1.9648004003906254,2,0.14495686571747973
1249209,0.48424,1.6135312187500004,3,0.2123719299295402
1249245,0.36932,1.4150531484375002,4,0.08171715733416311
1249264,0.55081,1.470846359375,3,0.10632924233801655
1249304,0.63802,1.806567565755208,3,0.12204543989364382
1249308,0.22896,1.324012375,4,0.07364305136934664
1249371,0.45191,1.4897674189453123,2,0.11979828971218176
1249395,0.55626,1.6684708040364586,3,0.11036469920867248
1249483,0.28398,1.4104031284179692,4,0.07619511745847427
1249851,0.21552,1.1208245820312503,4,0.07046783082934845
1249956,0.44737,1.332032703125,3,0.10369084555480458
1249970,0.26866,1.233970078125,4,0.07641722094839828
1250017,0.18299,1.329015328125,3,0.08746297751384426
1250034,0.16167,1.1196388735351563,3,0.08070247475074045
1250120,0.69207,1.7729831129557292,3,0.1494009074159455
1250275,0.38423,1.361880453125,3,0.09854747156647987
1250279,0.27476,1.335572525390625,4,0.07326017362682599
1250357,0.35941,1.2860629272460935,4,0.08258791563326928
1250397,0.64442,1.5782577890624998,3,0.1303942855786986
1250435,0.49418,1.541602705078125,3,0.1004477539856589
1250454,0.7888,1.7974179166666666,3,0.21825664366256944
1250532,0.52893,1.699988997721354,3,0.12003870170825669
1250578,0.27962,1.361189526855469,4,0.07411556432874826
1250665,0.29564,1.0346562656249996,3,0.09849044464496302
1250803,0.96406,1.8663365068359372,2,0.21558391632185067
1250823,0.66553,1.6763732942708334,3,0.12463557296259219
1250852,0.77796,1.9261233333333336,3,0.12779616596116516
1250858,0.85778,1.5402883007812502,2,0.16695748421454068
1250896,0.8812,2.0116347656249998,2,0.17758529909274837
1250912,0.21995,1.2133528582763673,4,0.0714895520924203
1250916,0.6708,1.6321845052083328,3,0.1187494767708802
1250925,0.55269,1.3353538346354166,3,0.1107794640288644
1250950,0.70234,1.637726444010417,3,0.13486553726454656
1250980,0.82115,1.773101755371094,3,0.14988211159958587
1251022,0.6849,1.7707355631510417,3,0.15550108845071614
1251114,0.62692,1.744702229166667,3,0.13315090281659245
1251126,0.59845,1.7397712955729172,3,0.12192423314119206
1251390,0.43504,1.4595178958333335,3,0.1018048606640443
1251436,0.57464,1.4205590156249996,3,0.14624003347253303
1251536,0.52851,1.3481438297526045,3,0.14665011784402562
1251552,0.35592,1.3539337890625,4,0.08465308299978341
1251600,0.55887,1.551562796875,3,0.1058435200517574
1251603,0.63165,1.408254169921874,3,0.11909783137732532
1251618,0.82318,2.001699708333333,3,0.15915069707111734
1251645,0.7682,1.8013537499999999,3,0.12311091419798907
1251652,0.77295,1.8905695345052083,3,0.13319336814342672
1251975,0.44765,1.5873256054687497,3,0.09857746033667592
1252142,0.55345,1.5715533561197919,3,0.1138135703030236
1252183,0.97319,2.19131998828125,2,0.2835448275482295
1252199,0.6056,1.629433125,3,0.11916679999411685
1252313,0.59808,1.72230575,3,0.11502751104488335
1252364,0.54251,1.6063795546875002,3,0.13072404739669322
1252513,0.47821,1.2469990934244795,3,0.11377099600108363
1252521,0.43376,1.5851635625,3,0.1337099737446696
1252595,0.814,1.629765625,3,0.25666744419700804
1252620,0.95453,1.5476861821289054,2,0.18886423546485803
1252665,0.97567,1.8406144335937498,2,0.1903655038338625
1252671,0.98614,2.2037619804687507,2,0.19371755679452457
1252751,0.56173,1.5567987561848957,3,0.10336226052420198
1252810,0.5814,1.714109934895833,3,0.12995307194799313
1252829,0.45288,1.3379076276041661,3,0.09559203094991338
1252917,0.6941,1.4745066992187494,3,0.17283252503843513
1252918,0.83727,2.084870839843751,2,0.15249046295275814
1252926,0.92582,1.7283482226562499,2,0.1605191813018868
1252939,0.668,1.6968859375000003,3,0.1210258603070843
1252970,0.4625,1.6052508544921873,3,0.10218768592507706
1253046,0.50192,1.5885541875,3,0.0950963112581137
1253101,0.4544,1.8249121875000014,3,0.11524441447826987
1253119,0.3201,1.23733591796875,3,0.09337275570670485
1253131,0.40448,1.1027362500000006,3,0.12686857509561558
1253148,0.43972,1.4437504661458334,3,0.1041474092949668
1253180,0.4621,1.3626277018229167,3,0.09979371149728322
1253243,0.57842,1.2773281640625005,3,0.11868678691784044
1253358,0.71506,1.5645456197916665,3,0.1498692081846414
1253406,0.36229,1.27022899609375,2,0.1203996153576636
1253474,0.4479,1.5945752864583334,3,0.10937262878374034
1253475,0.45532,1.7882623489583338,3,0.20161430988305606
1253572,0.52092,1.7082624895833334,3,0.24858921015067972
1253816,0.90975,1.6949963745117187,2,0.16563215175991672
1253857,0.858,1.99036435546875,2,0.16948117278908384
1253871,0.8493,1.80776298828125,2,0.16008087209161964
1253895,0.49331,2.0264683359375004,2,0.2369466283178606
1253920,0.19599,1.1452227161458335,3,0.08775173397376235
1253997,0.59134,1.493538895833333,3,0.13600144995331273
1254000,0.53356,1.650598783203125,3,0.15325515007025386
1254002,0.53644,1.6449710807291666,3,0.11966527275964899
1254051,0.76214,1.7318532187499995,3,0.22188609246379123
1254070,0.49305,1.5836439192708331,3,0.1029810773304999
1254108,0.96764,1.8246786562500001,2,0.19158406889965335
1254150,0.70484,2.0182819375,3,0.12769580933379848
1254299,0.49625,1.4573338623046876,3,0.152874604271103
1254356,0.35238,1.3055617666015626,4,0.08774942013361792
1254566,0.79259,1.7223335429687499,3,0.13885829818930054
1254670,0.5055,1.3288781901041673,3,0.0980503421206035
1254671,0.47119,1.5071556149088543,3,0.10371429411730299
1254762,0.39875,1.376257080078125,3,0.10299537461504575
1254889,0.60613,1.6112537220052081,3,0.11810075864315606
1255008,0.44489,1.37057599609375,3,0.09905161900700495
1255130,0.62529,1.96241069921875,3,0.21820505560239567
1255139,0.65054,1.778360138671875,2,0.16424079063585076
1255142,0.5779,1.948953046875,3,0.176737527217649
1255169,1.04763,2.07562494140625,2,0.18670445101237898
1255312,0.35658,1.326474257324219,4,0.08305937677274305
1255382,0.58171,1.7113566725260416,3,0.12674144554482242
1255399,0.38239,1.209006254231771,3,0.09632554501750824
1255412,0.37303,1.3956903583984377,4,0.07923069240510357
1255423,0.66801,1.788929865559896,3,0.1256942797161225
1255470,0.46997,1.2716771718749995,3,0.10124718340998506
1255487,0.45131,1.595968568359375,3,0.11220773399342569
1255523,0.55665,1.3720005013020835,3,0.1643519011317155
1255545,0.60314,1.7925735351562502,3,0.12079344258937084
1255576,0.28112,1.30204454296875,4,0.0738807222577693
1255657,0.59011,1.6836945989583336,3,0.17331474166962216
1255730,0.69242,1.6018490859375,2,0.1621497609146948
1255735,0.36573,1.3303419440104165,3,0.09975953580734631
1255737,0.92049,1.8546607041015624,2,0.16450557579358446
1255824,0.82,1.665489583333333,3,0.14991239017653185
1255974,0.34358,1.4240767119140625,4,0.08443018394306086
1256028,0.95596,2.03866807421875,2,0.18366951066625564
1256332,0.47919,1.671792864583333,3,0.10351645899369448
1256335,0.6207,1.5723744401041664,3,0.12878917773117574
1256432,0.51183,1.6145871953125004,3,0.16354936562642944
1256505,0.55738,1.6689111197916666,3,0.12466297356795258
1256570,0.34601,1.173749638183594,4,0.08449852990392466
1256596,0.68203,1.776206158854167,3,0.1287905365239558
1256680,0.29546,1.333033400390625,4,0.07774253277324605
1256701,0.43749,1.3085276809895827,3,0.11981081932244124
1256764,0.55774,1.4563246354166666,3,0.14240636047770777
1256807,0.62074,1.66474055859375,2,0.16069818636991
1256817,0.481,1.3705035156249998,2,0.13568702534553587
1256819,0.58701,1.533283098958333,3,0.12053440709618689
1256823,0.44199,1.5824338177083337,3,0.10503861515530123
1256933,0.35332,1.203119982421875,4,0.08672742861377321
1257016,0.3384,1.2526587500000002,4,0.07967128338459374
1257022,0.38786,1.2825055234374998,3,0.1010299640104488
1257040,0.35277,1.3177617919921876,4,0.08543445378269224
1257102,0.47434,1.5084149153645836,3,0.12011178537725026
1257129,0.58932,1.644470231770833,3,0.1449178583748337
1257144,0.5267,1.707995625,3,0.11578591427714736
1257216,0.65557,1.9686300953776048,3,0.15072495098485375
1257335,0.48464,1.444431,3,0.10390693899923982
1257356,0.33307,1.3230459384765623,4,0.08057484425705343
1257366,0.21182,1.2015834345703122,4,0.07003150427778888
1257419,0.40412,1.4990992109374999,3,0.11276043676967275
1257496,0.59458,1.2266638854166647,3,0.12023719133171562
1257533,0.23003,1.2963363046875,3,0.08273265829991251
1257602,0.52271,1.6675954599609375,3,0.10439342698278
1257605,0.74605,1.968853255208333,3,0.12476084590088604
1257609,0.3344,1.499343046875,4,0.08061523460528479
1257646,0.84169,1.7765833808593754,2,0.1418600372832468
1257695,0.18472,1.19999178125,3,0.08883210440411099
1257775,0.47654,1.4932664296875,1,0.20363288067305288
1257839,0.64538,1.6901566171875,3,0.13319312300046615
1257905,0.61509,1.7480510224609376,3,0.13677377934297266
1257934,0.29739,1.4085677075195315,4,0.07995891974072805
1258061,0.45939,1.1960157109374994,3,0.10109179085469998
1258090,0.36757,1.20944471875,4,0.08050220694037041
1258118,0.62638,1.6085914687500003,3,0.1327703981073477
1258191,0.51814,1.451078932942708,3,0.1219578107735285
1258249,0.62237,1.405525884765625,3,0.1312857027850278
1258289,0.50629,1.753513768880209,3,0.22492086647670118
1258309,0.47736,1.9055635625000003,3,0.13612496758497872
1258330,0.52595,1.6884795703125004,3,0.1045853410047126
1258422,0.52227,1.7292035781250001,2,0.12771399732454408
1258433,0.61572,1.8180005703125,2,0.15712983978901265
1258500,0.49502,1.7251129218749999,3,0.09931745161737314
1258529,0.82542,1.7398534374999999,3,0.17606825621283428
1258591,0.5988,1.6963309635416668,3,0.12271141749976526
1258802,0.55063,1.5230194983723957,3,0.10706398390883855
1258906,0.35013,1.3794003964843753,4,0.08835052634890773
1258940,0.42694,1.4016712708333336,3,0.10439857430987064
1259006,0.52913,1.6362487421875,3,0.11021136218934559
1259246,0.2233,1.1608806396484372,4,0.07248295667074443
1259330,0.60357,1.634158932942708,3,0.16446063070318345
1259352,0.22034,1.2100116015625,3,0.08301920350122358
1259412,0.30581,1.4093566523437502,2,0.12330275000441127
1259500,0.56288,1.635326,3,0.10375529878932538
1259511,0.32816,1.357862015625,4,0.07820753334610273
1259538,0.51363,1.5215134895833333,3,0.09847378032440895
1259561,0.56882,1.6258122890625,3,0.1170282085937791
1259585,0.5653,1.6588511328125,3,0.11257698773304815
1259615,0.32116,1.286582765625,1,0.15818223300328743
1259667,0.65939,1.609370626953125,3,0.1399076275730143
1259771,0.53341,1.7636211627604166,3,0.12965205840451302
1260000,0.55172,1.6256691562500007,3,0.11349581823045447
1260030,0.45918,1.535558953125,3,0.10555285595301467
1260050,0.27372,1.1861517499999998,4,0.07256623596237326
1260058,0.3905,1.377101953125,3,0.10527033654554428
1260105,0.6955,1.736397314453125,3,0.13002435900354806
1260107,0.431,1.24653515625,3,0.10068617253047035
1260113,0.35583,1.2275954926757813,4,0.08790379854572332
1260159,0.43153,1.226819346028645,3,0.10354801312881588
1260241,0.33442,1.2566874287109375,4,0.08019779814762601
1260427,0.81895,1.8031999772135416,3,0.14998276627839877
1260459,0.85824,1.8771127499999998,2,0.16424841969744874
1260461,0.86005,1.7038348632812497,2,0.16569775778319462
1260463,0.62154,1.410745078450521,3,0.12976153296413953
1260522,0.74274,1.9199639505208335,3,0.1291511943751681
1260551,0.55292,1.6212646562500002,3,0.1125447190972307
1260556,0.27487,1.3792624311523436,4,0.08092199006440022
1260568,0.53864,1.25122184765625,3,0.11769244838131841
1260605,0.55594,1.7048989694010421,3,0.11606170762217345
1260639,0.59196,1.3435271796874997,3,0.12925738310347143
1260645,0.67462,2.0153223111979166,3,0.21736247530813957
1260889,0.52993,1.7349167148437505,3,0.10893651384871712
1260949,0.4167,1.5441661067708334,3,0.11692367656895401
1260954,0.69994,1.77730055078125,3,0.13912935301980128
1261144,0.61126,1.597623033854167,3,0.13105229717644534
1261163,0.61917,2.0751940507812514,2,0.2177204312511797
1261173,0.47431,1.5026251985677084,3,0.10673234907946849
1261191,0.66212,2.0696964960937496,3,0.13492698335084227
1261193,0.19293,1.2981656868489588,3,0.08921901662797178
1261233,0.53225,1.410148828125,3,0.11563207314561397
1261236,0.5985,1.679673828125,3,0.11879617327665198
1261259,0.52786,1.60395458984375,3,0.10868366805933677
1261456,0.62298,1.6512976197916671,3,0.1682700733459068
1261503,0.35321,1.3373520703125,4,0.08737636262338003
1261579,0.3232,1.296387109375,4,0.08095589176003715
1261587,0.65455,1.8967002864583336,3,0.13703586618039118
1261784,0.26572,1.3385236210937501,4,0.07993566535547057
1261963,0.28053,1.1674832109375002,4,0.07674033813287003
1262016,0.46812,1.6235342656249998,3,0.10212642746872803
1262055,0.5813,1.4785052050781247,3,0.12117992699148618
1262084,0.45416,1.4631774960937498,3,0.10341623531227795
1262131,0.33852,1.4246692517089845,4,0.08146053582019688
1262135,0.38378,1.3399062460937499,3,0.10121993713456424
1262181,0.47001,1.8400007981770834,3,0.2577592540338131
1262252,0.45401,1.6516644843750001,3,0.12001508020700992
1262267,0.56332,1.3325878098958326,3,0.150453817747896
1262550,0.29304,1.267532765625,4,0.07520941329594101
1262573,0.23837,1.0325393613281253,4,0.12707034774017795
1262588,0.40759,1.122910420898437,3,0.15049086303566636
1262726,0.25478,1.0909478847656247,2,0.13585065836690585
1262736,0.5305,1.4789851236979166,3,0.1115973589321138
1262746,0.23176,1.308023265625,4,0.07163973145538838
1262803,0.6147,1.4083947428385415,3,0.1331010103164445
1262895,0.70615,1.466083809407552,3,0.1248583497364862
1263039,0.6565,1.836978694661459,3,0.2550323644286863
1263062,0.5095,1.5573597981770841,3,0.12177267183510332
1263090,0.65341,1.60238680078125,3,0.1363611081504699
1263125,1.02947,2.35370954296875,2,0.2638066580079383
1263130,0.68084,1.4953566796874995,3,0.12985982802892446
1263139,0.72801,1.75501015625,3,0.16152013981405602
1263197,0.33826,1.1435490510253907,4,0.08037213539215976
1263244,0.45902,1.2388134169921878,2,0.12368358452799498
1263369,0.31343,1.384584813720703,4,0.08598317953296183
1263580,0.58393,1.4587417825520828,3,0.13585991221447377
1263715,0.29279,1.4269927119140624,4,0.07615240458030459
1263785,1.06498,2.14241675,2,0.2439017132032884
1263788,0.75796,1.50387984375,2,0.15211946267469656
1263829,0.50128,1.2297105677083338,3,0.09537993256802625
1263852,0.66144,1.36338675,3,0.15634234389144155
1263856,0.69849,1.3582391061197925,3,0.15517747738026455
1263930,0.43631,1.347008173828125,3,0.11432279169584397
1263936,0.49575,1.7421202799479165,3,0.5146542011869378
1264038,0.66425,1.673784765625,3,0.13058022942376266
1264039,0.42517,1.4403866588541667,3,0.10189210808866306
1264049,0.54508,1.7917294895833338,3,0.1285787349241593
1264068,0.33147,1.3153792370605468,4,0.0906149548735254
1264077,0.56572,1.6477775911458334,3,0.253211965022133
1264375,0.4969,1.3425321874999998,3,0.10037022811272793
1264434,0.31179,1.3595729755859376,4,0.08185567208622231
1264499,0.44958,1.270317160807292,3,0.09740597386362587
1264512,0.36136,1.3604293828125,4,0.09948675722358273
1264606,0.68176,1.8468702916666675,3,0.13274358581101406
1264689,0.73303,1.741153578125,2,0.15096050601972275
1264948,0.50502,1.706718155598959,3,0.1149127798213272
1264963,0.55325,1.3674364013671876,2,0.1610730554525943
1265040,0.431,1.610433984375,3,0.11812314110009925
1265089,0.44588,1.479956078125,3,0.14996164269113008
1265136,1.05386,1.9192760097656254,2,0.2128864744401732
1265165,0.31845,1.1809397851562495,3,0.098098194426203
1265169,0.68453,1.4518104257812494,3,0.1823757204746812
1265231,0.68533,1.7017883007812502,2,0.16892676273227847
1265260,0.6044,1.4092815624999995,3,0.11999027686921039
1265426,0.4208,1.362525,3,0.09001030305279573
1265623,0.71045,1.6525441406249997,3,0.15077499837563754
1265832,0.39978,1.201842359375,2,0.19704142209830994
1265990,0.58691,1.3079609765625004,2,0.2984919126698367
1266015,0.36259,1.3620577382812498,2,0.17613967230867905
1266634,0.49927,1.6343604739583333,3,0.1979288519458461
1266830,0.5717,1.5838254199218749,2,0.2057439021836803
1267094,0.6238,1.7967516145833333,3,0.574537212741058
1271436,0.79583,1.998796203125,3,0.14736080944988422
1273127,0.19024,1.0830719062499998,2,0.1166809978313086
1275873,0.40288,1.1445893333333341,3,0.12852563730404812
1275946,0.233,1.4600634521484377,4,0.07212032308309343
1276546,0.35428,1.37239878515625,4,0.08794309636742693
1277173,0.15035,1.0589061621093747,2,0.10930355997771282
1277710,0.68245,1.8287880989583332,3,0.13024225170792397
1277715,0.34655,1.3690692077636717,4,0.08374825207738278
1277716,0.69377,1.8894467490234377,3,0.1692342208040238
1277945,0.43425,1.392697835286458,3,0.10523207269383243
1277995,0.72265,1.5174124023437499,2,0.16888326498147646
1278493,0.2734,1.303058779296875,4,0.07324761612004994
1278602,0.34896,1.36117836328125,4,0.08675206860199242
1278747,0.32426,1.0369059257812503,4,0.0916474579957553
1279420,0.25736,1.1872883749999998,3,0.10049711711619698
1279488,0.49532,1.5651210703125003,3,0.0991107781819861
1279500,0.23568,1.343198640625,4,0.07363595425480868
1279501,0.56655,1.5688957454427086,3,0.10938183954401975
1279714,0.70074,1.6220143398437503,3,0.1342735051630188
1280135,0.7715,1.5907170410156253,3,0.17296922664586392
1280240,0.05999,1.1933168671875003,1,0.1175947278225415
1280332,0.4934,1.418146640625,3,0.11345536720906801
1280762,0.62682,1.5957875611979162,3,0.12857545793257516
1280780,0.68463,1.7483520071614584,3,0.13791278810767246
1280790,0.63278,1.5449755546874997,3,0.12143955494950408
1280792,0.68123,1.3594320703124996,3,0.12491096092846839
1280807,0.73965,1.842375426432292,3,0.12358582185326121
1281119,0.19947,1.1997823619791668,3,0.08895209878040987
1281135,0.65254,1.8067125143229166,3,0.13594530339653418
1281668,0.30791,1.3765305710449223,4,0.08327943303849779
1281691,0.57935,1.6295272656250004,3,0.16599369578683354
1281879,0.50657,1.6118631572265627,3,0.09690798941657992
1281886,0.38493,1.5095376341145832,3,0.09753935358535311
1282018,0.4248,1.3773066666666667,3,0.10694489365149379
1282114,0.21881,1.1572347031249999,3,0.08873402865316465
1282463,0.64804,1.630282798177083,3,0.1599716916110326
1282736,0.37908,1.3656124218750003,4,0.08295980280425962
1282966,0.58072,1.6205981901041666,3,0.11787848354990717
1283272,0.38405,1.2754255029296873,3,0.10592913127209476
1283373,0.20797,1.1031426229248047,4,0.07150476688970055
1283855,0.56651,1.4994029960937496,3,0.13287353379111635
1283878,0.3139,1.2926004492187502,4,0.08043734335048613
1283923,0.14715,0.9469588818359376,3,0.08068214197436567
1283936,0.3696,1.3298762499999999,4,0.08992817735638015
1284567,0.65602,1.9673862604166679,3,0.17811280311206149
1284601,0.40563,1.4925667513020835,3,0.10573724243097084
1285317,0.56555,1.5876674707031249,3,0.11194349759524007
1285539,0.48469,1.4220546406249999,2,0.2033417290287808
1286337,0.66422,1.5628065937499998,3,0.1324253919905579
1286881,0.52334,1.5003312187500002,3,0.12209364717354093
1287437,0.33727,1.5582329726562494,2,0.13927696339768536
1287883,0.65842,1.4951692812500006,3,0.15409163002578988
1289288,0.29093,1.1460785771484372,4,0.0810455421226921
1289306,0.5438,1.28041927734375,3,0.11845692831164256
1289470,0.61268,1.46695084375,3,0.12235941936455763
1289555,0.56289,1.5496624153645833,3,0.10512996762382287
1289600,0.42019,1.5791292324218755,3,0.09364847286708533
1289664,0.26,1.1301240234374998,4,0.0789090072037087
1289714,0.53638,1.7469320768229164,3,0.13892532465358717
1289812,0.71009,1.59318931640625,3,0.12931412071055262
1289913,0.38598,1.3796185683593751,3,0.10087098859684196
1290007,0.4317,1.4363604817708333,3,0.10216091787243813
1290043,0.73556,1.8393998203124997,3,0.13164815132764737
1290176,0.79602,1.8581089726562496,3,0.12994232322234409
1290323,0.59969,1.6140882514648436,3,0.12075131482498501
1290394,0.57271,1.4580332291666667,3,0.1630997402318079
1290593,0.67594,1.6988532421875,3,0.12438633161532202
1290816,0.21892,1.4444916210937495,4,0.07105525872105574
1290948,0.53736,1.4027909557291667,3,0.11809304855733743
1290967,0.28158,1.1701300986328125,4,0.07318553745354678
1290995,0.5441,1.6807166601562502,3,0.1160399710045044
1291090,0.29292,1.457060234375,4,0.0755421295911899
1291143,0.47937,1.207863227213541,3,0.10777263955777888
1291155,0.51213,1.4243162005208332,3,0.11149315412118303
1291159,0.54102,1.405378135416667,3,0.11919421931932699
1291242,0.28008,1.3567722929687498,4,0.07331107683505272
1291254,0.35116,1.4360693222656251,4,0.08561247744277206
1291346,0.29876,1.3775543994140629,4,0.07912647567660899
1291408,0.34818,1.1445486458333327,3,0.1011279779550542
1291511,0.37325,1.3672599121093751,3,0.08480630562924807
1291783,0.39922,1.3038434804687502,3,0.10934561553365292
1291788,0.3845,1.3854013671875,3,0.10209956998589727
1291794,0.3956,1.33308875,3,0.10508184190790217
1291957,0.37244,1.4276927724609376,4,0.07841052821838593
1292033,0.32565,1.3342805338541668,3,0.08129358000275459
1292145,0.493,1.7678830729166666,3,0.16339879747132433
1292227,0.29279,1.1641106828613283,4,0.07587333424272477
1292332,0.27358,1.3430423466796875,4,0.07300960159390367
1292336,0.23446,1.2168894389648437,4,0.07494456566332658
1292560,0.22582,1.2730302307128905,4,0.07151605905496985
1292767,0.30996,1.3918325,2,0.10166727600540656
1292823,0.34672,1.4239196718749998,4,0.08463374779869463
1292997,0.41562,1.41783190625,1,0.1824949606615606
1293006,0.50562,1.478565890625,3,0.1073377957963212
1293046,0.60863,1.4149346103515628,3,0.12025221957081526
1293319,0.2979,1.6338456982421883,4,0.08053174220068253
1293366,0.32145,1.4215911328125,4,0.07877331345977688
1293465,0.4992,1.2134149999999992,3,0.09828215537595054
1293758,0.14896,1.0118103802083338,3,0.08193367235293435
1293783,0.32927,1.2267188964843747,3,0.10126870123031838
1293789,0.42914,1.5958264785156253,3,0.10114115393172862
1293832,0.81398,2.0634022500000007,3,0.1433954414698201
1293921,0.50552,1.6429379062500002,3,0.09703070020185794
1294137,0.4719,1.3977300390625,1,0.16675863918830552
1294340,0.36186,1.3721670458984376,4,0.0794559969876494
1294341,0.36897,1.3514568095703126,4,0.08870040276279227
1294351,0.33926,1.4014819672851564,4,0.08235088642719887
1294667,0.6295,1.6474287434895831,3,0.1272884226300642
1294743,0.31363,1.2396420993652344,4,0.08155153443750675
1294806,0.52588,1.792511635416667,3,0.120863407549451
1294971,0.58877,1.6927744423828122,3,0.1578906851570006
1295024,0.33494,1.3262381206054688,4,0.09194790562948614
1295027,0.42676,1.3944581907552083,3,0.10360158963487685
1295079,0.54562,1.86893230859375,3,0.1540829818901716
1295249,0.53309,1.3823760742187503,3,0.12291177034300388
1295285,0.52634,1.5833790078124999,3,0.10600360514714159
1295291,0.86329,1.7743106240234376,2,0.1650292858080086
1295315,0.34934,1.4788054833984379,4,0.0858605268747251
1295509,0.68428,1.6292338697916666,3,0.1367260761985722
1295527,0.88568,1.8886263749999999,2,0.1528352998688076
1295550,0.87345,1.9256833959960935,2,1.0638937904742778
1295592,0.35684,1.40838401953125,4,0.08348260587101214
1295685,0.56046,1.6579887500000003,1,0.21794794851378219
1295794,0.67164,1.463555645833333,3,0.11983211005723317
1295800,0.74924,1.6277270390624994,3,0.1400486510184684
1296161,0.86394,2.046511466796875,2,0.16650481879445037
1296173,0.65898,1.5624221796874997,2,0.1721079598590487
1296321,0.18531,1.248704021158854,3,0.08861819256261365
1296657,0.14715,1.2917386979166663,3,0.0840402656398846
1296671,0.64986,1.8491375237630205,3,0.20551325008034316
1296793,0.64526,1.4858754374999996,3,0.1323520717338761
1296802,0.74534,1.6964795703125002,3,0.13314566754667012
1296919,0.67832,1.6145088749999996,3,0.1262883848233786
1296963,0.48917,1.4445724609375006,3,0.11632218532072375
1297026,0.25956,1.1963359921875,4,0.07773198663830631
1297061,0.53445,1.548635670572917,3,0.12620207754816826
1297063,0.4357,1.4528984895833332,3,0.10449408537971866
1297064,0.65109,1.581972104817708,3,0.1435754242695578
1297070,0.73135,1.7114552555338538,3,0.12896896540751368
1297157,0.54947,1.8954779492187506,3,0.11548672041249541
1297318,0.33529,1.452062675292969,4,0.07991890024206257
1297353,0.54459,1.7255966406250003,3,0.11708347129079279
1297377,0.61044,1.5253047604166665,3,0.12059735639600776
1297465,0.27836,1.5069105439453125,4,0.0731007628716481
1297490,0.73743,1.504075957682292,3,0.12603869993906583
1297501,0.21541,1.293984357421875,4,0.07068089640090039
1297532,0.86532,1.8354457343750001,2,0.16405344612581074
1297580,0.63626,1.4719948359375,3,0.1173013477610908
1297742,0.46364,1.6398294765625003,3,0.09975866152676195
1297927,0.28605,1.3900391992187504,4,0.07671796706250335
1298079,0.26136,1.2701057578125,4,0.07879534943237976
1298246,0.61058,1.4950292734374997,3,0.15392288468689025
1298266,0.49038,1.4624353749999999,3,0.1367022464972252
1298369,0.47917,1.7723075963541672,3,0.1536152182231749
1298763,0.61093,1.4334759921875,3,0.14221689409060176
1298893,0.19712,0.9985352499999997,3,0.09034890997482077
1299033,0.69363,1.523219507486979,3,0.1393695235496123
1299090,0.68474,1.4480428046875007,3,0.16922794274909836
1299190,0.69974,1.8699353203125006,3,0.13210040167426026
1299258,0.80255,1.8618135253906252,3,0.1310451440355117
1299266,0.9144,1.9375821874999999,2,0.1769492487776747
1299327,0.98316,2.1090441796875004,2,0.20610974148808725
1299439,0.59271,1.7531216126302083,3,0.1322483405709935
1299643,0.37727,1.4811704956054688,4,0.08163264472269861
1299712,0.73129,1.5715739889322917,3,0.13737138000254803
1299746,0.36621,1.4591696501464848,4,0.08026021878702483
1299758,0.47293,1.4364903255208334,3,0.10292436730764488
1299775,0.16051,1.203349138671875,3,0.08149801265755456
1299785,0.38182,1.3134486979166666,3,0.09856633041849304
1300025,0.41459,1.5740997578125002,3,0.10048694179071958
1300084,0.61958,1.6691374609375,3,0.1341780836919431
1300160,0.41029,1.489802444010417,3,0.10091663639113657
1300179,0.31818,1.302861306640625,4,0.0765776369147434
1300390,0.2686,1.0763587841796867,4,0.07538286884704515
1300441,0.4859,1.58496,3,0.09961281293129197
1300470,0.5152,1.5256564583333334,3,0.10315184485327795
1300516,0.31151,1.4701975869140627,4,0.08226503664249986
1300517,0.40132,1.4551467447916668,3,0.10089073652488968
1300531,0.58567,1.6768253782552083,3,0.1253227932260892
1300590,0.6577,1.7202954427083332,3,0.15122640418148398
1300703,0.29674,1.084183545898438,4,0.07813079868672308
1300777,0.8183,1.7728425,3,0.15275358966842817
1300912,0.33834,1.294817810546875,4,0.07968654052652
1301142,0.71266,1.6906942434895835,3,0.13498919702456771
1301332,0.46861,1.4204690406901044,3,0.10083512710091308
1301397,0.61076,1.8012512460937504,3,0.19071492747515514
1301915,0.62104,1.3518692630208333,3,0.18960694197014683
1301933,0.33065,1.381231593017578,4,0.07955429593515859
1301936,0.34351,1.4642487770996095,4,0.08404061161318344
1301963,0.41577,1.4382600963541667,3,0.0983451209474252
1302027,0.74959,1.5214370852864585,3,0.14413004287211575
1302055,0.54383,1.3602991679687502,3,0.1375973544066951
1302073,0.589,1.7638313802083332,3,0.15503963669255635
1302110,0.45459,1.5141562180989585,3,0.11111220954194183
1302117,0.49349,1.5404532597656253,3,0.15986840442066252
1302123,0.29207,1.1356083984375,2,0.10652920563452352
1302185,0.73783,1.7681515130208334,3,0.13100370418878493
1302187,0.21992,1.15540958203125,4,0.07236710342724503
1302188,0.3495,1.685644986979166,3,0.0982908917229664
1302199,0.87076,2.2933708955078127,2,0.16049114002737452
1302346,0.53152,1.61026465625,3,0.14331505372830844
1302353,0.57305,1.5460132031249998,3,0.12237319791487518
1302359,0.25358,1.287531125,3,0.07974945861436168
1302418,0.47885,1.4615197265625002,3,0.10636948189242292
1302523,0.42505,1.4800317875162763,3,0.1013750118806259
1302550,0.75391,1.8688390634765626,2,0.16311716263288056
1302564,0.5284,1.3936699479166668,3,0.10651647420519282
1302572,0.58858,1.682022840494792,3,0.1236974049885299
1302648,0.23259,1.193559989501953,4,0.07076588970643209
1302705,0.79358,1.8435865517578123,3,0.1783434654705489
1302719,0.64645,1.8296925960286463,3,0.17450684434535998
1302738,0.679,1.747865234375,3,0.15802587386428307
1302901,0.62737,1.6994150260416667,3,0.16584306195675322
1302915,0.36022,1.2748409565429686,4,0.07985849924797198
1303118,0.58967,1.7782880712890623,2,0.149233063909865
1303140,0.49718,1.3986351445312497,3,0.11178627438528209
1303197,0.52682,1.4723475156249997,3,0.10701034346397649
1303215,0.32917,1.5554144638671874,4,0.08534928555119414
1303257,0.77301,1.8165272376302084,3,0.12505301529763635
1303314,0.6062,1.735030625,3,0.11721540383434503
1303317,0.47545,1.5016257893880207,3,0.10210250770697048
1303466,0.65333,1.5521496484374995,3,0.15677072309726472
1303496,0.18021,1.1888156979166666,3,0.08910367266459358
1303658,0.66912,1.644561333333333,3,0.11730856131843177
1303663,0.81961,1.9182314404296876,3,0.24247213293569878
1303699,0.79621,1.8228724921875,3,0.12865270743498078
1303722,1.02547,2.0215140039062502,2,0.19387317702719983
1303753,0.65363,1.9051195625000006,3,0.1357227762716471
1303881,0.77131,1.8914730872395833,3,0.1650947665805005
1303883,0.25993,1.366082793701172,4,0.07750213837971053
1303910,0.68577,1.6871967584635417,3,0.2489719866456269
1303952,0.56387,1.6987232431640624,3,0.10650974850473897
1304183,0.63618,1.6206277682291665,3,0.11791014238255954
1304193,0.45456,1.4189535833333335,3,0.1196330576264511
1304362,0.76303,1.859216141927084,3,0.23356630756890326
1304456,0.43093,1.4726654583333332,3,0.11258836625724843
1304501,0.51991,1.3270021520182294,3,0.10050986671697854
1304503,0.5303,1.4247929882812498,3,0.11003018965004117
1304506,0.75488,1.6862157499999997,3,0.12843290541561084
1304652,0.5824,1.7177693750000003,3,0.12443057380681612
1304678,0.21927,1.0548947817382819,4,0.07173599972606501
1304777,0.40528,1.2254572239583335,3,0.10391340362151978
1304779,0.5605,1.502717814127604,3,0.10542177407122767
1304841,0.74249,1.567333453125,3,0.13983122504513687
1304991,0.65984,1.6330405,3,0.1339204082050587
1305051,0.2998,1.2335406640625,4,0.07830294573407713
1305219,0.61748,1.6452804374999996,3,0.14708138243992638
1305308,0.69112,1.574525203125,3,0.1413583047979399
1305350,0.49382,1.6840486406250001,3,0.2156110992238909
1305409,0.62066,1.6298922753906246,3,0.16018031142668623
1305486,0.9004,1.901513515625,2,0.1619614041915296
1305504,0.49679,1.4878735751953125,2,0.12932288078670282
1305541,0.83438,1.62359349609375,3,0.11612327174501003
1305626,0.3268,1.2905850976562498,4,0.0769712798571731
1305687,0.62859,1.5600959153645835,3,0.1314899154136782
1305785,0.47431,1.4825646002604167,3,0.10878112841135211
1305807,0.5711,1.47505423828125,3,0.12522918453773227
1305835,0.34291,1.0399519957275394,4,0.09223234917705771
1305873,0.60153,1.8199678483072919,3,0.12338438504286704
1305946,0.648,1.5175333333333338,3,0.1783859613837702
1306059,0.6076,1.5755735937500004,3,0.1168017561829406
1306067,0.7228,1.7228,3,0.1681261172803311
1306073,0.32964,1.2007337392578123,4,0.0809215746011609
1306110,0.60994,1.7199944921875001,3,0.11980306704760767
1306141,0.33286,1.3882439775390625,4,0.08051199158435444
1306360,0.45534,1.354243139322917,3,0.10143497912872247
1306366,0.15145,1.1489012174479167,3,0.08362166225750207
1306378,0.36195,1.6602755712890622,4,0.10139717474000585
1306390,0.41009,1.423401396484375,3,0.1251884162633615
1306423,0.44739,1.0725857210286447,3,0.10280866557126662
1306578,0.4215,1.4525953124999997,3,0.09430137922508353
1306626,0.4214,1.46836357421875,3,0.09121091593082518
1306736,0.552,1.2739333333333336,3,0.11679577331348344
1306980,0.54789,1.5999398167317709,3,0.1489235469301895
1306986,0.44916,1.061207791666666,3,0.14578067975276202
1306991,0.42306,1.2711650214843753,3,0.11187084005089794
1307261,0.70487,1.8740250703125,3,0.13130095891930957
1307277,0.41216,1.4196069375,3,0.10271033730315982
1307783,0.7413,1.8767722330729166,3,0.13019866805668598
1307830,0.36,1.1749257812500002,4,0.08078924686839775
1307843,0.9222,2.1414509375,2,0.2393364093344166
1308314,0.407,1.4660601074218753,3,0.10602793996593635
1308326,0.32717,1.3724674526367187,4,0.07953011107112956
1308357,0.34255,1.514990321044922,4,0.08467203526219842
1308453,0.75712,1.4620931458333317,3,0.18408763486770865
1308529,0.72352,1.8329231250000002,2,0.1635328588749
1308568,0.64442,1.67782228125,3,0.12869616771916906
1308582,0.36812,1.32336216796875,4,0.0813603553758558
1308916,0.4382,1.3204099218749996,3,0.09938935400506023
1309013,0.21358,1.1512418085937495,4,0.07023434737971765
1309051,0.59756,1.5099334179687502,3,0.12552267986350907
1309215,0.77536,1.7557108333333336,3,0.12969231911115514
1309227,0.92649,1.7853896582031248,2,0.16804182058233444
1309288,0.26838,1.361609233072917,3,0.09885501710157457
1309293,0.33521,1.3499442509765625,4,0.08085100898444116
1309323,0.48362,1.564031044921875,3,0.13106157306515223
1309376,0.74073,1.688032119140625,3,0.15509067643075972
1309492,0.33403,1.3659151408691406,4,0.0800485485533182
1309509,0.96373,1.9455118017578124,2,0.1914210240220801
1309551,0.65259,1.5497334869791664,3,0.18633930690376752
1309694,0.45456,1.5913984895833335,3,0.14350904641243042
1309696,0.81086,1.8620262265624998,3,0.1738377195422143
1309870,1.01459,1.7143688730468754,2,0.18841819775563154
1309874,0.27092,1.245166494140625,2,0.13190789129302055
1309982,1.0822,1.6856873046875003,2,0.21599386939869486
1310073,0.62819,1.6180138125000003,3,0.13597365683958207
1310182,0.4972,1.4832855924479167,3,0.1000990812280498
1310236,0.69211,1.717778074869792,3,0.15427265938298917
1310294,0.44089,1.583571880859375,3,0.12267787275395958
1310303,0.6967,2.0890618749999996,3,0.17242629336213247
1310304,0.6702,1.7235898567708332,3,0.13492902494503853
1310367,0.23433,1.1015551469726563,4,0.07582690572699285
1310396,0.32358,1.4608497226562502,4,0.07912455771918675
1310432,0.29574,1.300137164550781,4,0.07944828903651167
1310475,0.66511,1.56033598860677,3,0.12352972192602339
1310485,0.43429,1.5982155270182294,3,0.1121876017771955
1310916,0.67983,1.7692896966145835,3,0.12679731679750772
1310964,0.7521,1.778107734375,3,0.19499294482910093
1311001,0.63159,1.7694678528645837,3,0.12199343505330941
1311113,0.61596,1.7297925989583336,3,0.12749913843753666
1311151,0.6783,1.6689032682291665,3,0.1251779395807198
1311247,0.44288,2.0141139374999977,3,0.1547269345804147
1311496,0.69188,1.8351280429687502,3,0.39047765528130146
1311590,0.5604,1.750624544270833,3,0.1152813706746428
1311631,0.64177,1.6999160208333333,3,0.1567243899906039
1311632,0.42538,1.3507470660807293,3,0.1015095646987668
1311755,0.4722,1.552902630208333,3,0.10397902522267692
1311884,0.68269,1.8099872513020834,3,0.13182903649328898
1311903,0.72049,1.7593018349609375,3,0.13147456283989775
1311921,1.046,1.64718984375,2,0.19340202138422957
1312164,0.52438,1.3729840566406248,2,0.4257135961972021
1312171,0.50151,1.46338572265625,3,0.18994244951818387
1312213,0.40797,1.0981891005859377,3,0.11323013417948279
1312274,0.42551,1.3230514687500001,2,0.13685068267120062
1312818,0.72355,1.7531735156250001,3,0.1316200302883685
1312821,0.66183,2.204088591145834,3,0.21352189343777392
1312897,0.28683,1.224247837890625,4,0.07446085528197162
1313026,0.53752,1.528210796875,3,0.12448932448472855
1313057,0.33809,1.4522980722656254,4,0.08072616212713749
1313177,0.6362,1.4740713281249995,3,0.11659776191863275
1313230,0.21883,1.267630810546875,4,0.07012967596846117
1313434,0.69194,1.7714699921875001,3,0.13840024719402247
1313572,0.70256,1.8182808750000001,3,0.1571981226301395
1313594,0.2894,1.3908269238281252,4,0.07741146725878506
1313698,0.43738,1.5848611770833332,3,0.10871543958648733
1314047,0.45813,1.279660963541667,3,0.09811244516197694
1314067,0.43479,1.5569713359375001,3,0.10209415785218844
1314071,0.32813,1.1898695917968751,4,0.07803052016064681
1314162,0.58267,1.6138906386718748,3,0.11833421311252244
1314296,0.70561,1.879724354166667,3,0.138997523943269
1314317,0.78807,1.3973953307291653,3,0.15682814341860254
1314554,0.35253,1.236528098388672,4,0.08584111306667849
1314581,0.57562,1.4697580312500005,3,0.15454395364323958
1314709,0.66048,1.787718604166667,3,0.17753956828403436
1314847,0.52173,1.352566329752604,3,0.10215024255140343
1314897,0.33769,1.3703484472656249,2,0.12680836632246936
1315191,0.58471,1.8651293867187502,3,0.19800480152418773
1315192,0.228,1.3740048828125002,4,0.0701692430754292
1315197,0.2091,1.1143143530273434,4,0.07034382591972134
1315259,0.22896,1.20390673828125,4,0.0698726583576267
1315296,0.41363,1.6786856249999997,3,0.10437292116011171
1315570,0.61334,1.765010765625,3,0.12438105588186327
1315795,0.37862,1.2910426259765624,4,0.09340469264958888
1315806,0.6959,1.3878556640624993,3,0.15114059193394555
1315818,0.55274,1.556025419921875,3,0.11147404296100914
1315832,0.62968,1.6852758541666668,3,0.12500839624464466
1315890,0.56815,1.401023597005208,3,0.12574010117107862
1315910,0.39468,1.2458142539062498,3,0.10332043447664258
1315947,0.73849,1.7407536588541668,3,0.12478038318277718
1315950,0.36,1.1610800781250001,4,0.0807691269168525
1315974,0.81246,1.5841325195312497,3,0.14493328568729305
1316385,0.14784,1.2555994583333334,3,0.0821538305725117
1316461,0.61047,1.494193227213542,3,0.1198410680115954
1316465,0.32961,1.3895658024902344,4,0.08055861280114243
1316487,0.77696,1.68487275,3,0.12869553000349468
1316626,0.61667,1.7358152109375,3,0.12545371953328152
1316701,0.36213,1.2200640976562493,4,0.08088658205619337
1316831,0.43966,1.3918587890624998,3,0.10663142330536651
1316853,0.69445,1.9335042415364585,3,0.13432343685501846
1316989,0.55474,1.55231071875,1,0.1826524752318263
1317164,0.15555,0.9190233593750002,3,0.08021068407082706
1317277,0.2381,1.0366215930175773,4,0.07236220451115753
1317372,0.74535,1.6970574381510417,3,0.1293069913867093
1317496,0.64554,1.8290562773437504,3,0.1878375281503516
1317526,0.43276,1.3200793958333332,3,0.10342909080933221
1317612,0.10525,1.0407590942382814,2,0.09329518335320001
1317666,0.14227,1.1703061842447917,3,0.08235100977961088
1317724,0.4689,1.6593979687499998,3,0.10079969009717382
1317783,0.39534,1.554586811197917,3,0.10754111306595882
1317956,0.87068,1.8244610507812502,2,0.22179113214629234
1318052,0.48127,1.6315186106770831,3,0.10328499888064023
1318126,0.37397,1.3912117133789061,4,0.0801000003187497
1318158,0.78733,1.6110406152343748,3,0.25232991998506066
1318235,0.36101,1.4426838911132813,4,0.0853074943036332
1318266,0.40726,1.2502717180989584,3,0.11947818508732656
1318304,0.39869,1.5591386835937502,3,0.10518819296389524
1318460,0.36704,1.4377949999999997,4,0.07964105605663248
1318661,0.34498,1.091499211181641,4,0.0837183698439141
1318689,0.49392,1.6309599270833335,3,0.15652848672281633
1318847,0.66107,1.8124696093750003,3,0.15447461737838047
1319058,0.66951,1.8812421276041664,3,0.7371042008148444
1319066,0.33449,1.4555584775390626,4,0.08074850731425477
1319366,0.23572,1.46802087890625,4,0.07335075224758424
1319539,0.37277,1.4939598515625003,4,0.07882531998963699
1319653,0.59613,1.683626188802083,3,0.14761023047125635
1319667,0.67818,1.8486201562500002,3,0.1284912778014725
1319711,0.2427,1.2043510546875,3,0.0845428473675236
1319776,0.6604,1.6189980989583335,3,0.15487728922130006
1319821,0.30929,1.3270625888671876,4,0.08136505500354407
1319840,0.49025,1.5503548095703128,3,0.10135875605822552
1319898,0.72925,1.6595621256510416,3,0.12851673552321824
1319926,0.564,1.4445617187500002,3,0.12036953848521163
1320009,0.69229,1.7575136770833335,3,0.13596480890758347
1320030,0.68207,1.5616640126953127,3,0.1327374539339868
1320126,0.52795,1.5247667708333335,3,0.14843831916477646
1320278,0.57622,1.3414288958333334,3,0.12702391633670337
1320447,0.58009,1.421669518229166,3,0.13500368029699608
1320474,0.78908,1.72338721875,3,0.5237935913294064
1320501,0.33781,1.3594100572916668,3,0.2289397943783802
1320704,0.27087,1.0282380810546876,4,0.07752151060760812
1320762,0.51445,1.4661374674479166,3,0.10161415928782769
1320843,0.60989,1.7023329023437501,3,0.21434492572312805
1321006,0.30348,1.17071343359375,4,0.07862493674207775
1321116,0.62816,1.7880080000000005,3,0.1244910776037738
1321166,0.43623,1.4227653437500005,1,0.1743527144814238
1321261,0.59069,2.153230890625001,3,0.6802174735188938
1321276,0.33227,1.3603725703125003,2,0.11239778467774517
1321338,0.31153,1.511525517089844,4,0.08450304276833083
1321450,0.25928,1.3429040625,3,0.09777515884162248
1321492,0.55583,1.4184793828124997,3,0.1145104250529343
1321973,0.37157,1.1953018242187494,4,0.08011731710054518
1322819,0.33807,1.3535545014648438,4,0.10669181135975568
1322912,0.65953,1.2841909882812492,3,0.15510485426784001
1322954,0.54385,1.4724871419270833,3,0.11816917766594781
1322975,0.84705,1.9350734765624997,2,0.16471603128826756
1323016,0.33582,1.4280924622395832,3,0.1192059925460787
1323106,0.34529,1.4199115546874999,2,0.1479262084968686
1323349,0.5061,1.4063797070312498,3,0.09846054221285605
1323600,0.37145,1.5497451965332034,4,0.08845074585569464
1323740,0.77207,1.8081228564453127,3,0.12337931027512654
1324509,0.21105,1.181631182861328,4,0.06919417235554637
1324536,0.58955,1.499413408203125,3,0.16778371827081365
1324542,0.5421,1.5951096875000002,3,0.1174019345152457
1324544,0.53027,1.7046171679687498,3,0.15691406318457465
1324562,0.35349,1.449912944824219,4,0.09775918198560858
1324582,0.38237,1.2534027988281247,3,0.09709498647754193
1324685,0.54244,1.5008664218749999,3,0.11599284855999732
1324790,0.35775,1.4282230590820313,4,0.09860126341651236
1325191,0.79883,1.6377433681640612,3,0.42979648469167664
1326367,0.55856,1.4901193281249998,3,0.11683229774919322
1327978,0.20786,1.274858484375,3,0.08876166612084746
1328016,0.35167,1.2144900148925777,4,0.08593223382604234
1328089,0.5698,1.5390887434895832,3,0.10869410180602951
1328103,0.57589,1.6038989824218752,3,0.12804530287313967
1328105,0.44259,1.5282437812500003,3,0.10394033762733233
1329168,0.67717,1.6444127734375,2,0.1490318165905745
1329312,0.34586,1.173553119140625,4,0.08361726607912127
1329365,0.6123,1.5241798274739582,3,0.12223787688200964
1329615,0.40474,1.3807789401041664,3,0.1040804273394389
1329622,0.48727,1.5622144648437502,1,0.16003022381996757
1329795,0.52669,1.5347409042968747,3,0.13379978187723043
1330031,0.10643,1.1570513334960937,3,0.07135905345676578
1330339,0.57968,1.336557375,3,0.15479048426320002
1330350,0.76374,1.8066852317708333,3,0.1276978171695895
1330403,0.77713,1.7815265455729168,3,0.20938717767037607
1330530,0.33682,1.2706970185546873,4,0.08156197530918285
1330533,0.36495,1.2778411303710933,4,0.07988899834791796
1330559,0.68194,1.65993023828125,3,0.14876179676644966
1330642,0.63521,1.8283265976562504,3,0.11823871491262289
1330817,0.27144,1.2251268046875001,4,0.075626243977937
1330828,0.36807,1.4587179975585938,4,0.0930823524023218
1330903,0.56544,1.5555540833333332,3,0.14787831269076696
1330964,0.4514,1.3044646484375004,3,0.1053096201226557
1330995,0.71965,1.8721345898437505,3,0.17725797188553186
1331123,0.22248,1.065103607421875,4,0.07290984609050134
1331130,0.39292,1.3871161666666663,3,0.10432876723001609
1331344,0.55122,1.6320127083333336,3,0.12588034594945152
1331513,0.40675,1.3277576904296875,3,0.12001519417335137
1331660,0.72139,1.7588773017578125,3,0.203981354408678
1331700,0.36123,1.495990440673828,4,0.10372438233998223
1331707,0.65516,1.807529546875,3,0.13510955381984027
1331719,0.5874,1.4044769531249994,3,0.11956845171632798
1331836,0.35778,1.5156020356445314,4,0.08683787766982194
1331883,0.62011,1.6290754524739584,3,0.12946180657872855
1331887,0.78539,1.5488490722656252,3,0.1360844291226015
1331925,0.61628,1.6137545625000005,3,0.12418259850907863
1331993,0.721,1.9285059895833339,3,0.1383074583243928
1332008,0.61272,1.4345438385416667,3,0.1635706478220578
1332392,0.51318,1.4561894641927082,3,0.10004994851597769
1332614,0.51917,1.535093591796875,3,0.10215950332457198
1332632,0.62383,1.458011161783854,3,0.1283065013208483
1332689,0.48824,1.4018135624999999,3,0.1054155315218117
1332701,0.79232,1.8010715625000002,2,0.16352920191832665
1332709,0.69431,1.7911592304687503,3,0.19509835231276215
1332721,0.42274,1.5287044895833335,3,0.09715995032520407
1332747,0.34357,1.5098761499023434,4,0.08358467177557444
1332795,0.68047,1.7908055465494792,3,0.14590125843548526
1332819,0.34234,1.3428807375488283,4,0.08437983932167739
1333246,0.43879,1.8111331152343755,3,0.1962893035791964
1333248,0.69519,1.7221187994791665,3,0.1289947898719291
1333291,0.3657,1.3384037825520831,3,0.09842836493932866
1333442,0.69344,1.5335774999999998,3,0.13613989890307002
1333489,0.68244,1.571892957682292,3,0.1328789909255771
1333576,0.59011,1.65470821875,1,0.20742950179880318
1333949,0.66047,1.789005080078125,3,0.17819012840179002
1334084,0.13431,1.077077561848958,3,0.07659120175426483
1334087,0.26722,1.4675331614583336,3,0.10020677330428784
1334253,0.62135,1.4856041601562502,3,0.12838043404609964
1334257,0.68067,1.934028814127604,3,0.12647775322369884
1334265,0.58646,1.50806656640625,3,0.1539743009806233
1334302,0.4557,1.4564581770833334,3,0.09779065435515409
1334321,0.80454,1.6986877513020833,3,0.1541744852850552
1334423,0.35888,1.4880664921875002,4,0.09240514214920324
1334448,0.51812,1.2179552578125012,3,0.1114207727362242
1334581,0.82885,1.6052445117187497,3,0.20004089266612493
1334597,0.29,1.4337392578125003,4,0.07714230760127219
1334620,0.1972,1.1638989778645834,3,0.08869559017859424
1334644,0.2891,1.133265560302734,4,0.07751450095372461
1334645,0.248,1.1778,4,0.07767673667858045
1334647,0.74472,1.8364995416666667,3,0.20179777384193756
1334686,0.6604,1.6696424609375002,3,0.13717879000395566
1334707,0.64989,1.8181014414062504,3,0.138171828899292
1334742,0.52919,1.3452093281250002,2,0.13948873337621026
1334858,0.628,1.6019265625,3,0.12746855315964212
1335259,0.72764,1.5475650234374996,3,0.1431916150953002
1335305,0.33501,1.285207869140625,4,0.08152564805283372
1335323,0.20081,1.137095146484375,3,0.08754635840029494
1335387,0.60642,1.5814242721354166,3,0.11663521307727065
1335432,0.42751,1.2430303548177086,3,0.1032797130499305
1335472,0.50705,1.6335695947265627,3,0.10703701360089667
1335564,0.6075,1.63293115234375,3,0.14380050096835995
1335585,0.60687,1.3632241516927082,3,0.11908048177777612
1335671,0.5248,1.6220854166666667,3,0.10675662388034503
1335675,0.60791,1.5721612197265624,3,0.11789439022821552
1335717,0.30528,1.3410349843750002,4,0.0755560220561527
1335756,0.45038,1.39476321484375,3,0.10699145581178633
1335818,0.62317,1.7034830989583336,3,0.12403956292369185
1335854,0.57927,1.7326730494791667,3,0.11538510438192352
1335885,0.39982,1.535245294270834,3,0.1466226847691438
1336002,0.396,1.4558480468750001,3,0.1052596244446161
1336008,0.43867,1.5404821282552088,3,0.10332346152585786
1336009,0.3427,1.3278503149414063,4,0.08446076167953494
1336150,0.34905,1.371825099487305,4,0.09787687072560813
1336244,0.56608,1.3011922500000002,3,0.13142116594585396
1336359,0.42938,1.35865546875,3,0.17754872306269967
1336384,0.58439,1.5966648964843753,3,0.12446798759228876
1336453,0.18579,1.292094220703125,3,0.08655748855502259
1336464,0.38834,1.5159660468749998,3,0.10686388073382229
1336480,0.25695,1.2464549584960938,4,0.07916157961229471
1336558,0.46865,1.356206484375,3,0.10210043426130398
1336662,0.182,1.3219007812500003,3,0.08747883252139667
1336687,0.2348,1.26368033203125,4,0.07413765397733448
1336693,0.64929,1.5951995157877603,3,0.13513409457447825
1336925,0.65056,1.4691703333333326,3,0.13071965726380375
1336942,1.02661,1.6255430893554685,2,0.19030710180326774
1336953,0.60141,1.5868138151041666,3,0.122511559538116
1336957,0.83031,1.763460787109375,3,0.12539033502835759
1336975,0.11088,1.0466572500000002,3,0.07006311037693815
1337228,0.57858,1.579813265625,3,0.14295640918286157
1337267,0.45439,1.4190244619140626,3,0.11292048106490515
1337272,0.504,1.4176864583333335,3,0.09456098173277185
1337311,0.4225,1.4143502604166667,3,0.09512264275097766
1337321,0.56389,1.773528639973959,3,0.12210152991306279
1337541,1.05561,2.416144722656251,2,0.23432516368737782
1337549,0.74939,1.777635359375,3,0.1933164254278508
1337649,0.26238,1.3431279394531253,4,0.07864652901250739
1337687,0.32917,1.4169808891601563,4,0.08110021039599422
1337703,0.53281,1.5042195009765624,3,0.11468619116482655
1337838,0.313,1.5654704101562493,4,0.09455633220486934
1337971,0.41166,1.1741316621093756,3,0.11516414937001547
1338128,0.3128,1.2368396484374997,4,0.08373653105922119
1338170,0.3878,1.3933114453124997,3,0.1671326679037328
1338223,0.60072,1.6003031458333332,3,0.14832215692456147
1338233,0.60279,1.4033282106119787,3,0.14707826196981946
1338266,0.6498,1.5305761718749995,3,0.135285092303095
1338278,0.5656,1.6858739583333335,3,0.11483934411279444
1338324,0.42719,1.3596400566406253,3,0.12390256972855145
1338430,0.5183,1.5742477734375002,3,0.10919581593983281
1338471,0.53228,1.3818452187499997,3,0.12619042026016689
1338485,0.58582,1.8800639453125003,3,0.17021058461636282
1338649,0.61443,1.530134891927083,3,0.16129626076962192
1338665,0.72199,1.6249038450520832,3,0.13537461256814137
1338675,0.33153,1.3572763808593749,4,0.07870876350021094
1338718,0.73429,1.4736384072265634,2,0.3282815604080577
1338749,0.85956,1.8946083476562499,2,0.16978232681490837
1338762,0.42108,1.5950142708333328,3,0.09406416349485246
1338849,0.62065,1.4773132145182295,3,0.13069678247922345
1338940,0.77404,1.904754177734375,3,0.13787917186095988
1338959,0.46283,1.6408266972656247,3,0.09932451299267929
1339002,0.30356,1.2023240537109376,4,0.07734103196022439
1339102,0.64929,1.9877380520833345,3,0.3834557074441998
1339149,0.46998,1.4167219355468752,3,0.10122000093607574
1339176,0.92613,1.8704528046875,2,0.20184407667520074
1339217,0.33245,1.302456862792969,4,0.0776074633567544
1339220,0.60052,1.6544958697916667,3,0.11975276411293106
1339227,0.82152,1.6424513020833336,3,0.15029034452120707
1339232,0.96937,2.41632467578125,2,0.2537259966341199
1339246,0.95867,1.9248140830078126,2,0.1881450538996521
1339276,0.96519,2.09185263671875,2,0.19143287973468215
1339291,0.81924,1.6999708151041666,3,0.1544121994478986
1339327,0.77378,1.9012704374999998,3,0.26133589327921086
1339371,0.63699,1.8254676572265638,3,0.819776107336606
1339392,0.18191,1.0721447255859373,3,0.08793243871335062
1339425,0.53633,1.4625141445312504,3,0.1437780341833497
1339609,1.12212,2.367490125,2,0.1845772974683416
1339702,0.2571,1.0709902734374996,4,0.08373605880431843
1339703,0.49383,1.5074456380208332,3,0.1184019221698976
1339716,0.45791,1.829411285156251,3,0.1329460073154203
1339756,0.27633,1.2295893994140623,4,0.07357416774754032
1339875,0.46064,1.4714806874999997,2,0.12540954974969898
1339909,0.753,1.4927890625,3,0.21243354879151774
1340125,0.65254,1.4108990598958335,3,0.1577800488306094
1340132,0.61054,1.523302416666666,3,0.16568029077955146
1340141,0.65523,1.7459659153645835,3,0.21925249348288953
1340253,0.6938,1.6177113281250002,3,0.2299014270575356
1340460,0.63843,1.4673335338541673,3,0.12005481719361714
1340470,0.58187,1.8154429921875002,2,0.15179751813353443
1340493,0.71784,1.8176558984375,3,0.4573312454239547
1340521,0.65415,1.7911342968750004,3,0.13713868931034182
1340539,0.4482,1.3727729166666665,3,0.11370006481894616
1340700,0.32657,1.3041582216796874,4,0.07677304333099974
1340706,0.29425,1.3515685913085935,4,0.0770969524072234
1340954,0.30566,1.2554864443359377,4,0.07747643583006258
1341000,0.54259,1.8056136464843748,3,0.12555905219437272
1341227,0.83108,1.6478527890624999,3,0.1259221307053681
1341271,0.82656,1.5455004583333334,3,0.14143444982274425
1341370,0.41,1.5552226562499998,3,0.10916092364910927
1341423,0.59825,1.5662537841796873,3,0.11802260670098846
1341426,0.55432,1.731204854166667,3,0.12013894420320459
1341459,0.52341,1.5191452454427086,3,0.10478812700674134
1341502,0.51185,1.4900974707031251,3,0.10009209310354718
1341556,0.71721,1.5515260664062502,3,0.14342341161809483
1341743,0.68487,1.6697324960937499,3,0.13836728756240682
1341823,0.55093,1.212774754557291,3,0.10634994874184772
1341857,0.50373,1.4337811012369792,3,0.21292670220869447
1341894,0.31401,1.28115975,1,0.1636223688830295
1342255,0.21976,1.2159482499999998,1,0.16481522910626145
1342580,0.87622,1.6768716249999998,1,0.21325239267788346
1342647,0.51725,1.3933807617187501,3,0.11779110434012281
1342707,0.65375,1.7318078613281251,3,0.2940853825910232
1342810,0.70232,1.3153081874999997,2,0.16092746993449697
1342906,0.498,1.4305363606770836,3,0.09783409551507964
1343208,0.49558,1.5088221145833332,3,0.09999804379125021
1343337,0.33947,1.48963714453125,3,0.10405908875778143
1343533,0.36947,1.4498461201171873,4,0.1382816099282892
1343542,0.78644,1.6521080859375,2,0.3124593045291852
1343759,0.50677,1.5881905143229165,3,0.09792987418779443
1344347,0.26453,1.4937260625000002,1,0.16776734923836434
1345441,0.71536,1.8317275208333335,3,0.19208139784432243
1345458,0.56932,1.5335607552083335,3,0.10864810375776969
1346137,0.36379,1.4897807558593752,4,0.080626529330462
1346139,0.50379,1.8993180989583334,3,0.33787592918693826
1346149,0.58493,2.0042760625000002,3,0.6592898080458202
1346627,0.68257,1.71937621875,3,0.13024779551291082
1346628,0.53253,1.4353500377604167,3,0.11951630620418362
1347112,0.79389,1.602822028645833,3,0.12919692315588596
1366175,0.40561,1.0998715227864582,3,0.11160874431214428
1366187,0.46406,1.3772267539062497,3,0.09937753473990533
1366195,0.55439,1.6191562500000003,3,0.11022255796177534
1366280,0.73234,1.3848569570312497,3,0.12739399882858174
1366436,0.24,1.20233984375,4,0.0719061238082055
1366475,0.45596,1.4661972187499999,3,0.09955713096376066
1366482,0.32206,1.4139844843749998,4,0.07944407244229078
1366690,0.27223,1.0983544252929685,4,0.07405594411193424
1367180,0.80489,1.8266285839843743,3,0.1336472034488624
1367234,0.25278,1.342211853515625,4,0.07770574637881807
1367331,0.44793,1.362194821940104,3,0.10106099483346188
1367408,0.54366,1.9603276015625006,3,0.19903623293775552
1367556,0.45235,1.4731518880208334,3,0.09746177340559255
1367571,0.43428,1.4515548567708334,3,0.10245790121307491
1368111,0.55205,1.5453810351562502,3,0.10768691439446654
1368131,0.308,1.2530422851562502,4,0.08248216389627402
1368133,0.2772,1.2917930078125002,4,0.07468373358785821
1368143,0.42463,1.5465953938802086,3,0.10078892601015636
1368188,0.2405,1.194178106689453,4,0.07267658742437788
1368482,0.50967,1.4790048281249997,3,0.12441873528882068
1368530,0.34336,1.5427650000000006,4,0.13212136183039982
1370113,0.65674,1.5456435026041666,3,0.1354719998326275
1370135,0.51724,1.5863356627604166,3,0.1237022765435825
1370181,0.69446,1.6086889941406248,3,0.13442051882494774
1370247,0.67022,1.7523174023437502,3,0.16178771158191427
1370308,0.62927,1.5667403994140623,3,0.12765464275810462
1370320,0.33165,1.4117570703125002,3,0.0839458632671785
1370391,0.65749,1.7770537317708337,3,0.1372910357820624
1370402,0.64833,1.6047072041015624,3,0.13481511876466895
1370441,0.93806,2.3000267724609382,2,0.18808025302263146
1370806,0.5895,1.3837756510416666,3,0.15721033663795733
1370898,0.65193,1.6751602656250002,3,0.13458266684209863
1370906,0.61963,1.2299065312499997,3,0.14130021560565764
1370944,0.51057,1.4521042535807291,3,0.10221295186556802
1371022,0.29178,1.465993689453125,4,0.07813010788641316
1371046,0.07411,1.0192506708984375,3,0.06458740735611619
1371048,0.34489,1.1532037739257814,4,0.08413973546430858
1371111,0.885,1.9674687500000003,2,0.1517134985404939
1371126,0.21648,1.1316590312500003,4,0.07049015621809589
1371206,0.52839,1.335749177083333,3,0.1085995411171371
1372115,0.89915,1.8080872412109374,2,0.1627218699980855
1373028,0.25617,1.0933831259765623,2,0.13506674135812508
1373040,0.26262,1.3214970556640626,4,0.07925631228605388
1373042,0.2382,1.0122647753906244,4,0.07278100358924341
1373123,0.7002,1.64839703125,3,0.17997401323015808
1375087,0.63016,1.655525119791667,3,0.12298618679388666
1376168,0.49348,1.3922617265624997,3,0.11504676315982693
1380167,0.75399,1.7920730511067706,3,0.12600476003233688
1385052,0.8025,1.8714432779947918,3,0.13038217600639565
1385187,0.52319,1.8206880468749997,3,0.10759415199054605
1386047,0.493,1.4162115885416664,3,0.0983719616131981
1387101,0.482,1.4548878906249998,3,0.12702367986333835
1387162,0.61809,1.595862331380208,3,0.12648987436787854
1387174,0.699,1.8744305989583332,3,0.19725553258034842
1389074,0.5039,1.56391892578125,3,0.09349949674607592
1389177,0.44945,1.4237118823242187,3,0.10992869022059264
1389210,0.54921,1.474371860677083,3,0.11488066295747183
1390173,0.65938,1.7570954433593753,3,0.14494654232778942
1390343,0.8927,1.6964987255859378,2,0.15757194300169416
1391191,0.65126,1.6652892597656248,3,0.14402481748444582
1392367,0.59463,1.4288341595052076,3,0.12910072184648427
1392400,0.45258,1.4651576783854168,3,0.09615123909906788
1395159,0.95845,1.85517236328125,2,0.22079734938249224
1400026,0.71027,1.67263515234375,3,0.11698470140680317
1403033,0.47539,1.4420592493489581,3,0.12244538118557947
1408024,0.4033,1.5043449088541667,3,0.11816746073910223
1408068,0.42828,1.4423675273437502,2,0.13277351291692147
1409129,0.79436,2.17145596875,3,0.13069422731577687
1411114,0.83777,1.9891228027343744,3,0.14875377240309845
1413048,0.61185,1.388751490885416,3,0.1681072478139064
1420185,0.64519,1.7001367753906251,3,0.1322275170336852
1430116,1.02222,2.3231832109374992,2,0.2443985829087739
1430136,0.41337,1.4780114339192707,3,0.10081156390072098
1430255,0.65938,1.6971103688151041,3,0.20449045466211047
1431064,0.39596,1.3305243750000002,3,0.1060916589325628
1431072,0.42373,1.290626075520833,3,0.13213344556054815
1431096,0.47786,1.3902563847656253,3,0.10419463970683844
1431108,0.61115,1.7745726367187504,3,0.12146880573758974
1431163,0.36812,1.4051955175781248,4,0.08315278670323285
1432017,0.34627,1.0799741127929678,4,0.08530655873794599
1432026,0.15055,0.9249343359375003,3,0.08289071583382747
1432027,0.35088,1.376604765625,4,0.08697072328362983
1432078,0.54586,2.045647809895833,3,0.64217219720775
1432102,0.71926,1.81865471875,2,0.16604839965932866
1432141,0.566,2.1901570312500014,3,0.24128191848752667
1433040,0.72012,1.685851984375,3,0.17593170564574334
1433108,0.68403,1.7786470501302085,3,0.17386661769726228
1433114,0.68506,1.8662917135416668,3,0.1368208528188906
1433226,0.5975,1.462658935546875,3,0.40729431018582446
1434203,0.3768,1.5082279296875,4,0.08596180254591372
1434248,0.23835,1.1747092102050782,4,0.07285644103358094
1434258,0.6626,1.896159580078125,3,0.13311966372497583
1434262,0.79106,1.872683828125,3,0.1362505550959294
1435033,0.58096,1.4183352083333336,3,0.1629928554842585
1435067,0.39235,1.1589092879231757,3,0.10410547237500682
1435094,1.01778,2.10408738671875,2,0.21853318039264424
1439028,0.5555,1.5793996093749998,3,0.10779495150822399
1440057,0.51352,1.48994515234375,3,0.09599493581189561
1442085,0.63476,1.4331289570312498,3,0.12130322147296431
1443078,0.61215,1.731959194335938,3,0.1215087472580414
1444028,0.55484,1.5038218125,3,0.10610192630180353
1447133,0.36593,1.2042593789062497,2,0.116465891906676
1447146,1.00089,2.0180851484375,2,0.22492832529479956
1448122,0.57752,1.5979579218750002,3,0.11521428540257848
1449074,0.33234,1.3433344072265627,4,0.08063718800626879
1449102,0.69896,1.676285078125,3,0.1325774508333373
1449115,0.86746,2.2849029628906257,2,0.16794315298580795
1450026,0.35926,1.399480291015625,4,0.08650631321276848
1450127,0.60139,1.433848741536458,3,0.12198420416759714
1450148,0.44845,1.540864127604167,3,0.1006198753153733
1452059,0.5655,1.3680798502604166,3,0.1512742162655007
1456020,0.8834,1.6757477929687496,2,0.17530596339776452
1466032,0.57717,1.597192666015625,2,0.14386104017452775
1469040,0.32764,1.3538297734375,4,0.07673269368623548
1470063,0.53605,1.8594605273437501,2,0.18318009329191187
1472020,0.53169,1.6535471080729167,3,0.15327463012615938
1473025,0.64709,1.782095619140625,3,0.13307766642642388
1473027,0.50617,1.5343616585286457,3,0.0958814969743791
1474020,0.54211,1.5980817659505206,3,0.11677835763924038
1479069,0.17353,1.3196673377278645,3,0.08453514151844448
1479130,0.8639,1.7553241845703125,2,0.17075670986534103
1480038,0.3353,1.4317636889648435,4,0.08651226680970664
1484053,0.46427,1.574948220703125,3,0.10411552329572604
1487043,0.69363,1.8546130598958335,3,0.13576590583162204
1487055,0.58308,1.3507712552083333,3,0.124845185874827
1488029,0.47938,1.6069957877604164,3,0.10210735676623744
1488098,0.75217,1.747264836588542,3,0.12843802803946341
1490034,0.53058,1.7784522493489583,3,0.12055897273795922
1495047,0.41152,1.4093144999999998,3,0.09754147219354338
1500031,0.36704,1.4106945,4,0.0838535459751297
1500076,0.60024,1.6666562109375,3,0.14274538043611382
1500086,0.64266,1.3986137682291666,3,0.1294149229722767
1501097,0.43707,1.824218154947917,3,0.11619889484932516
1501131,0.85389,2.0247954843750002,2,0.21512553109717672
1501158,0.58162,1.4104837734374995,2,0.14802605813749725
1502029,0.51921,1.5581793190104165,3,0.10299563881323286
1502065,0.27405,1.4306934521484376,4,0.07433105060514589
1502132,0.80326,1.8901358072916665,3,0.13130807763058308
1503024,0.27798,1.1129907851562493,2,0.0862633984810512
1504096,0.50709,1.362905836263021,3,0.14092282240326817
1504139,0.55708,1.669501986979167,3,0.10851847107690404
1508029,0.8535,1.7394663085937498,2,0.14147361326233437
1509040,0.68629,1.7022087532552084,3,0.17956181893881537
1511024,0.3728,1.3414293750000004,3,0.12088619167336691
1512067,0.45444,1.2373155911458336,3,0.10263892412035334
1512101,0.57,1.541073567708333,3,0.11124469164908236
1514043,0.52831,1.3803295932617192,2,0.1382742357828632
1514059,0.5248,1.7247314583333333,3,0.1572794382748832
1516019,0.42539,1.2893469179687498,3,0.10191832315556577
1519027,0.51525,1.4380077636718747,3,0.10869988797446699
1519038,0.11992,1.104171125,1,0.11848277742405318
1528034,0.64009,1.4804588444010418,3,0.147613415000787
1531033,0.61002,1.470348668619791,3,0.1545691194207492
1531078,0.67847,1.857135263671875,3,0.13117024483758458
1531089,0.29241,1.2175663349609376,4,0.07728106317472523
1531108,0.345,1.3641603393554687,4,0.08439446395771415
1531112,0.33582,1.2985761904296873,4,0.08018077417037622
1531113,0.45817,1.3566866842447916,3,0.10596387242551836
1531145,0.45793,1.42660728515625,2,0.12290790858493068
1532056,0.47379,1.5498782467447916,3,0.10446383530224103
1532057,0.50504,1.6043961562500002,3,0.0964539539602729
1533035,0.58247,1.5278665429687501,3,0.1319975198099186
1533036,0.65446,1.6164645074869792,3,0.151964034111908
1534078,0.61356,1.5883481250000002,3,0.12441708843644127
1535064,0.8022,1.7927548763020835,3,0.13713737773799975
1536021,0.53524,1.4868639479166668,3,0.11813027204764458
1536026,0.44236,1.5202061223958332,3,0.103717970749284
1536028,0.45221,1.3504323916015621,3,0.09273575939703309
1536112,0.75956,1.7751394375,3,0.13380387278093422
1537020,0.40697,1.4451212373046876,3,0.1106305976707368
1537077,0.74518,1.6572392890625,3,0.1280793387291035
1538019,0.29162,1.4511489448242183,4,0.09238631004886827
1547048,0.54579,1.4853572594401039,3,0.1249252376704764
1547071,0.29961,1.3512009633789064,4,0.07918308014282652
1547086,0.27627,1.3295517797851564,4,0.07384874699941925
1548070,0.67716,1.4267324960937504,3,0.12275958956904565
1549078,0.60616,1.6804030729166672,3,0.18357844073839716
1550021,0.20676,1.1724074082031253,4,0.06870084785287886
1550103,0.53223,1.8388256318359373,2,0.17707720029483165
1551020,0.46394,1.5785009296874997,3,0.1051082505759146
1551083,0.80373,1.7140132213541666,3,0.12981208891541304
1551108,0.868,1.8658109374999996,2,0.1574085885115168
1552028,0.453,1.5201397623697916,3,0.09549595992905126
1552143,0.76058,1.731695484375,3,0.21265285975661266
1555053,0.73139,1.743112953125,3,0.1584016734663062
1559048,0.98157,2.0088552900390626,2,0.2318040215584831
1559051,0.70648,2.0302223645833344,3,0.12533908385026685
1559124,0.65311,1.594078044596354,3,0.13707473611823903
1559147,0.6336,1.820570625,3,0.12210380148289723
1559178,0.43651,1.3729145052083327,3,0.1410354353999634
1560034,0.26982,1.2678979091796874,4,0.07625342175717578
1560099,0.68072,1.6899114375000002,2,0.15120331464697143
1562077,0.47898,1.6877318645833335,3,0.10300743469736301
1562098,0.57747,1.61629055078125,3,0.11510050478373629
1563063,0.71612,1.8501360117187502,3,0.14405869959199671
1564017,0.65916,1.723322828125,3,0.13690109991091573
1565032,0.46219,1.5135951171875002,3,0.10038467160360394
1566028,0.32165,1.3756646997070312,4,0.07670659242795914
1567044,0.42324,1.2869388255208332,3,0.09761482118175256
1569050,0.33086,1.3916844609374999,4,0.08287339696878457
1570024,0.55123,1.592055828613281,3,0.10679042121541858
1574017,0.53399,1.6036487255859377,3,0.127884252299015
1574019,0.60551,1.65672744140625,3,0.11658111176964914
1574028,0.65712,1.4725819947916665,3,0.1358059616005247
1574062,0.55144,1.5637626354166667,3,0.11660058840714747
1574104,0.27399,1.28145478515625,3,0.08040187901011252
1575019,0.65338,1.528353901692708,3,0.13501204622056542
1575072,0.59156,1.7858422265625002,3,0.12033193787807278
1576034,0.768,1.8132359375,3,0.37548282982424785
1578063,0.64434,1.8100586406250005,3,0.1983628786429277
1578103,0.16092,1.1243011367187499,3,0.08076520668813421
1579110,0.62336,1.70701165625,3,0.17774267973904148
1579146,0.80472,1.8162344895833336,3,0.13321241832202652
1581017,0.83888,1.9897256250000002,2,0.13960737551992383
1581048,0.40244,1.4752554882812499,3,0.10249847261115765
1588019,0.68831,1.8069643388671874,3,0.13988173700666737
1590044,0.63048,1.563817145833333,3,0.12343319028250294
1590122,0.78017,1.8003359882812502,3,0.15920967611403214
1590133,0.69426,2.177940345052084,3,0.17891357153739149
1592028,0.32608,1.3638940000000002,4,0.07743132638005769
1592067,0.69314,1.66018108984375,3,0.13460071354551242
1593067,0.34822,1.445156228027344,4,0.09013271111126998
1594042,0.62112,1.3988492500000003,3,0.12856850143054158
1595028,0.46641,1.5385609998372398,3,0.1254477314391488
1595110,0.59325,1.6080829915364585,3,0.2784152402918593
1595118,0.91014,1.6244117827148425,2,0.15958717124449448
1595127,0.56799,1.5592619306640623,3,0.1085355052699724
1596033,0.47043,1.4892890305989583,3,0.16284917887031916
1598039,0.62354,1.676759556640625,3,0.12783385793255023
1599030,0.36872,1.4001310546875,4,0.0815640285518577
1600036,0.8153,1.5514551269531243,3,0.1492842563446612
1602033,0.61096,1.7158402083333335,3,0.12216965439843831
1617030,0.73681,1.4823944726562495,3,0.12738184668009842
1617068,0.9323,1.8066250195312505,2,0.16629504737820622
1618036,0.39319,1.2770908333333333,3,0.10284997983101431
1618042,0.4295,1.42214775390625,3,0.10184094949791574
1620051,0.38353,1.3231807096354167,3,0.09621264761436461
1625037,0.31956,1.3342504140625002,4,0.07894267768907967
1625059,0.59391,1.4814231223958332,3,0.3311768821280995
1632070,0.42627,1.7325094830729162,3,0.20542340508661394
1634024,0.5776,1.4832110416666662,3,0.1137864603862936
1635042,0.55948,1.6731920833333334,3,0.11181508232714689
1636043,0.54055,1.77644671875,3,0.1450173309322115
1636093,0.47891,1.9048668906250004,3,0.3039336102618554
1638030,0.37235,1.32499677734375,3,0.08985457484683335
1639025,0.6631,1.7616300130208333,3,0.133107654724771
1641173,0.4448,1.5080099999999999,2,0.12190418484163952
1641279,0.2249,1.3317597656249998,3,0.0783046299162224
1641288,0.54642,1.4517823177083338,3,0.15502525132589998
1641368,0.60833,1.6247693105468748,3,0.11868457206859116
1642117,0.81384,1.8542262812499999,3,0.1748138819440418
1642138,0.66033,1.7184847877604164,3,0.13385542113662638
1642158,0.68826,1.8025692708333334,3,0.1744683904822274
1642178,0.6874,1.5618886393229163,3,0.13848814110689855
1643063,0.57319,1.468182640136718,2,0.1458100972279086
1643213,0.6559,1.7927058007812502,3,0.13549869400636314
1643292,0.49292,1.63910175,3,0.10844328827116657
1643312,0.34083,1.253001706787109,4,0.08067777716582199
1643313,0.39093,1.4621970514322917,3,0.10708536421441554
1643338,0.56915,1.47863783203125,3,0.1092337911134486
1644061,0.61349,1.47293989453125,3,0.12342832491050305
1644163,0.56317,1.4930512415364585,3,0.15478347928072742
1644180,0.6122,1.73647375,3,0.12191468350317243
1644211,0.45849,1.4070725302734377,3,0.11272005603308606
1644213,0.54622,1.492867356770833,3,0.14369691008420662
1644290,0.53786,1.6530993789062502,3,0.1345564866952422
1645092,0.51459,1.2201521263020834,3,0.1609626261671623
1645125,0.44537,1.6149374960937504,3,0.10145485371119044
1645145,0.82775,1.92841904296875,3,0.19786318333353525
1645158,0.36097,1.2476444381510419,3,0.08757431173918757
1645195,0.52692,1.6649988984375002,3,0.1280199493030974
1645208,0.69581,1.8843805390624997,3,0.13159578627100627
1646092,0.7213,1.3463485262044264,3,0.1310370260629931
1646094,0.59293,1.5918929361979168,3,0.22537643569260613
1647048,0.71023,1.7498681432291672,3,0.13682753538512984
1650024,0.31102,1.2736354453124998,4,0.08214145202153714
1652139,0.78334,1.7779992682291665,3,0.13125792831822883
1653101,0.3305,1.469461889648438,4,0.08035125888841793
1654105,0.56331,1.6947053912760417,3,0.10433786846777837
1655086,0.42839,1.47804887109375,3,0.1038594194081842
1660018,0.4355,1.733814843750001,2,0.15385559970105098
1662023,0.31374,1.2834623984375,2,0.09785194801401975
1673068,0.52838,1.4219108203125,3,0.10656901502144639
1673097,0.59963,1.2492943671875003,3,0.1285839684222768
1699061,0.53629,1.1315135917968748,3,0.1516760566248578
1699105,0.46642,1.7568398984374998,3,0.13977217722493954
1700109,0.74189,2.0477413886718754,2,0.8130135857748283
1701055,0.26446,1.2950836406250001,1,0.1901109670518631
1701088,0.72463,1.8732895130208334,3,0.149947869165171
1702083,0.38932,1.3374014010416673,3,0.10579153301458537
1702096,0.3886,1.1667494531249993,3,0.11659019437300226
1703072,0.49475,1.4970855468750004,3,0.13797362938394256
1721068,0.29425,1.249507373046875,4,0.07584749737421999
1770206,0.58524,1.5348756041666665,3,0.12620052362021347
1770225,0.582,1.4133460286458328,3,0.1179847799603675
1770254,0.7362,1.5123929687499995,3,0.12588976547059208
1770386,0.36892,1.2512951479492187,4,0.08069009409854509
1770442,0.34691,1.1539164748535153,4,0.08713518578451449
1770680,0.61041,1.8398095494791662,3,0.13704576120000392
1770702,0.33943,1.3368139257812501,4,0.08146434145696624
1773049,0.35118,1.4886731210937503,4,0.08480193147788599
1773078,0.27235,1.4601272399902347,4,0.07999342433154617
1773189,0.5787,1.4858897070312498,2,0.1502907107029624
1773237,0.3929,1.3344090820312502,3,0.10389539030142302
1774102,0.31733,1.4379137226562502,3,0.09878280955881491
1776304,0.45517,1.4402014544270834,3,0.11702258876516643
1776329,0.42548,1.2761572578124998,3,0.11816728873078054
1777122,0.45551,1.2354778242187496,3,0.09975844276111896
1777124,0.30853,1.447337686767578,4,0.0814648883283619
1780045,0.24326,1.410930123046875,4,0.07610843339206691
1780122,0.51096,1.3745210989583327,3,0.09970322179483539
1780287,0.5262,1.6079749088541666,3,0.10486906437649611
1782065,0.20216,1.10526715625,3,0.08806757129119724
1783052,0.4796,1.4139042187500002,3,0.12356451536473868
1784110,0.46114,1.647968057291667,3,0.13265581481350855
1790098,0.394,1.3899613932291668,3,0.10403326732662271
1791116,0.31286,1.4341456992187505,4,0.08250910386817781
1792093,0.27761,1.4433000468750004,4,0.07354732865062194
1795052,0.68058,1.8364931835937501,3,0.12728755347106127
1797044,0.46789,1.5605887825520834,3,0.10062707854733628
1810037,0.49761,1.3712491562499995,3,0.10507619109896554
1810087,0.55997,1.5198028037109372,3,0.10835963739325732
1810306,0.64245,1.7328596012369795,3,0.14887879228163362
1811099,0.49058,1.6184826328125002,3,0.12762111926070532
1811128,0.92613,2.534064781250002,2,0.2146851430874717
1814082,0.64981,1.6575434843749999,3,0.17271047568726572
1815065,0.13617,1.0049112978515624,2,0.10621171227160948
1817269,0.5307,1.6110218880208336,3,0.11133577823556474
1826039,0.83988,1.93205367578125,2,0.14146942158430575
1833067,0.55688,1.8123056249999998,3,0.11906722922642188
1833321,0.62542,1.6592300058593752,3,0.14812999474762026
1833339,0.13092,1.017459861979167,3,0.07553352903547333
1833468,0.78516,1.7488989375,2,0.16607243518741907
1833564,0.65526,2.0587296250000007,2,0.16702632353462168
1834104,0.23972,1.3547330859375002,3,0.0797127324919295
1835110,0.34598,1.4411121313476563,4,0.0842303258510786
1837096,0.37987,1.1951686510416655,3,0.09659480016512441
1839117,0.608,1.7089710937500004,3,0.11961895890993578
1840041,0.23993,1.1408203608398435,4,0.0726763881081821
1842087,1.0843,2.4213703906249995,2,0.1778534719019
1847028,0.58138,1.8096299648437502,3,0.17360648154735303
1847079,0.33134,1.3664436914062499,4,0.07988771533844055
1847100,0.38,1.5330937499999997,3,0.10207916771378238
1847148,0.5074,1.5786482031250002,2,0.1491128763491187
1847151,0.40786,1.4415899791666664,3,0.10441852721321486
1847165,0.3885,1.5759836588541667,3,0.10312160336246533
1847216,0.48023,1.44919913671875,3,0.10840527431412111
1847303,0.48082,1.604510889322917,3,0.10603482754403497
1847317,0.81844,1.465466115885416,3,0.15059050616596467
1848092,0.58883,1.5812789199218749,3,0.14172624427060096
1849051,0.3065,1.5378806396484377,4,0.08197430188332534
1849109,0.6253,1.6565679785156249,3,0.1313494292944849
1849244,0.57826,1.5774893652343749,3,0.11554550771257348
1849276,0.61542,1.6796792200520836,3,0.12539281084913192
1850045,0.31413,1.234114369628906,4,0.08080772207236284
1850154,0.56884,1.5625074427083334,3,0.10790570366050956
1854103,0.46733,1.3526948437499995,3,0.09992216195938441
1856065,0.79034,2.0651851640624996,3,0.16836408118030144
1860025,0.23625,1.1614592895507814,4,0.07351799117994796
1861164,0.435,1.4939041341145831,3,0.1022190287575983
1861178,0.29201,1.3794477861328125,4,0.07836345754376901
1861210,0.54285,1.551237237955729,3,0.11309414709355135
1861451,0.7819,1.698141419270833,3,0.13197319161735618
1861472,0.83925,1.911454931640625,2,0.14169851808143005
1861474,0.691,1.7978985026041665,3,0.1335577842231573
1862039,0.28792,1.0785072265625,4,0.07428792038466375
1862183,0.44918,1.4405943632812501,3,0.10114296089930579
1864046,0.74939,1.8776330429687498,3,0.1309537003360222
1864084,0.60665,1.7257889550781254,3,0.11788481545674556
1867019,0.22191,1.3177297001953123,4,0.07078213063596459
1871017,0.3377,1.39831453125,4,0.08036408103509025
1872097,0.84207,1.5902244921875006,2,0.1426756631747411
1876204,0.51067,1.6277075846354168,3,0.10061463583117398
1876263,0.64763,1.6968658183593757,2,0.20391959623890055
1876287,0.56558,1.3969437949218753,3,0.10755674189516523
1876301,0.60195,1.5685760416666665,3,0.14671339271534464
1876304,0.68356,1.9702913125000006,3,0.1490520349491683
1876305,0.53784,1.5117587942708335,3,0.11849331759003034
1876308,0.4225,1.4027276204427082,3,0.09556126602211311
1876421,0.34423,1.2776420441894534,4,0.08444942802697111
1876431,0.466,1.4429028645833333,3,0.12038276269698643
1876462,0.841,1.5002172363281239,2,0.14784746234355545
1876533,0.491,1.349471484375,3,0.10267295982624468
1876602,0.73117,2.1484090195312495,3,0.22078096374718273
1878148,0.2254,1.3234080664062504,4,0.07129818315496059
1878288,0.48501,1.336799041015625,3,0.1481252957305844
1878334,0.36142,1.3579300317382812,4,0.1058321924583322
1878335,0.565,1.7590966796875005,3,0.10659654333406081
1878692,0.886,1.5616595703125,2,0.15348231471416807
1878719,0.45854,1.40916234375,3,0.09957373498317801
1879187,0.59271,1.5356793684895829,3,0.13080823986418935
1879188,0.64846,1.84067301171875,3,0.15869039914540875
1879208,0.19515,1.277627799479167,3,0.0892831355963467
1879256,0.25028,1.125190951171875,4,0.07494920405000759
1879263,0.463,1.539769401041667,3,0.10781566434509227
1879313,0.61028,1.62196920703125,3,0.14354792459574242
1879412,0.82132,1.6052754010416663,3,0.15010128413548468
1879414,0.39,1.445111328125,2,0.14074651168611285
1879426,0.2299,1.3546015307617187,4,0.07182124121859712
1879483,0.87716,1.713183474609375,2,0.16491793403035027
1879532,0.37822,1.420347232421875,4,0.09025257382618569
1880304,0.44469,1.604960296875,3,0.14143060068085464
1880429,0.49816,1.5907708671874998,2,0.1537099734633623
1880486,0.63527,1.7429039824218748,3,0.1515990188640252
1880513,0.64577,1.7439697529296874,3,0.1301240438101061
1880545,0.55227,1.644739208984375,3,0.12446757975447544
1880632,0.4065,1.3427679687499998,2,0.14106215302684794
1880686,0.31457,1.3764472207031249,4,0.08364677529807112
1881037,0.76652,1.9247132460937497,3,0.12018101432597487
1882097,0.481,1.4473496744791665,3,0.1309341082561766
1883111,0.43385,1.2900916015625004,3,0.10900086445091563
1883166,0.51473,1.382289740234375,3,0.10539375936863754
1887027,0.21348,1.1560352314453126,4,0.06954666147245353
1889022,0.5124,1.6927852083333332,3,0.11344866974054013
1889090,0.514,1.8674638020833332,3,0.11497315545708164
1889155,0.77966,1.9621446679687498,2,0.16600563860354695
1889211,0.46407,1.406879765625,3,0.09816165136573302
1889226,0.59338,1.6895948404947916,3,0.11958370813781287
1889253,0.53717,1.3112480419921877,3,0.13326603514777755
1890041,0.6538,2.0329035026041677,3,0.1717091955713269
1890212,0.72913,1.8744061891276045,3,0.1298935309505611
1891030,0.61497,1.6985573144531256,3,0.22095140541023806
1891055,0.70781,1.5174603437499998,3,0.13599539011211517
1891070,0.79478,1.7087801249999999,3,0.14071909512912367
1891082,0.55,1.7907747395833333,3,0.15107779678787067
1891107,0.6287,1.601395947265625,3,0.1906481510056006
1891147,0.3238,1.3894728906249998,1,0.14076774125999902
1891261,0.50614,1.7818734427083338,3,0.12012011395496713
1891266,0.70905,1.6157532275390625,2,0.1422201980795248
1892103,0.26685,1.3797406860351566,4,0.07881087342314257
1892149,0.64141,1.5811394765625,3,0.13012444313978822
1892217,0.40949,1.46087765625,3,0.10242631425119118
1894320,0.71945,1.5969839648437498,3,0.1706598077848723
1895036,0.45302,1.63086359375,3,0.11119323918067792
1895233,0.57098,1.726697255859375,3,0.11134842501294474
1896111,0.49364,1.4514855117187502,2,0.12521792289096828
1896164,0.42181,1.4764237955729167,3,0.09371969834857159
1896213,0.68757,1.6329656842447917,3,0.1375961351136067
1896244,0.59211,1.7975502356770836,3,0.17430803227675992
1896254,0.55339,1.6773780299479168,3,0.11124867543469892
1897267,0.31971,1.4505855375976564,4,0.07776134937275779
1898053,0.81614,1.6859596523437501,3,0.2589480117294412
1898108,0.51325,1.42340078125,3,0.09812365737641339
1898252,0.74631,1.7308478802083334,3,0.1513292266927106
1899029,0.62548,1.7555395651041668,3,0.12644212509684408
1899053,0.53859,1.2513063984374997,3,0.11910925635405968
1899065,0.54877,1.8915966927083339,3,0.1904583646100018
1899158,0.64881,1.5060419466145831,3,0.13791205965603479
1899442,0.432,1.3119208333333328,3,0.10348300330923522
1900056,0.47944,1.2985553437499988,3,0.11445969050450328
1900124,0.68669,2.0042621015624995,3,0.3662673778891421
1900662,0.44894,1.6271803730468755,3,0.11262977508303067
1900856,0.72477,1.7339777565104166,3,0.19952857934169607
1900865,0.45463,1.3008331822916668,3,0.09710168683873839
1901059,0.25229,1.3701049295654295,4,0.0781327987276872
1901115,0.29979,1.2385132790527345,4,0.07737847011080062
1901241,0.68264,1.9381033125,3,0.1621587865602553
1901257,0.521,1.2772042968749995,3,0.11689579182122505
1901375,1.033,2.3512518554687505,2,0.19987649464218224
1901738,0.47096,1.4226941249999998,3,0.10110386460348181
1901798,0.47697,1.316772602864584,3,0.11280577477801529
1901803,0.50383,1.5785319720052087,3,0.14792748780984163
1901832,0.91849,1.6509505742187498,2,0.17018379759158284
1901899,0.98922,2.2444773320312508,2,0.18992983877334566
1902212,0.28219,1.2825656416015625,4,0.07279319585775092
1904061,0.6247,1.6970499218750001,3,0.1328403643292505
1904092,0.36896,1.3624093125,4,0.08151323405077657
1904152,0.4414,1.3327319531250001,3,0.10391863838178954
1904182,0.76798,1.5004809427083339,3,0.1245584494160365
1904287,0.69973,1.6823564576822916,3,0.13228088505414295
1904293,0.44682,1.4713104427083332,3,0.10216703610108452
1904300,0.91159,1.8643602861328117,2,0.18512054618828294
1904321,0.61233,1.4634833893229164,3,0.15220557858648723
1904352,0.64396,1.5373594687499998,3,0.1281882555782588
1905127,0.66712,1.7820601093750001,3,0.17183099962662116
1905171,0.30404,1.396239703125,4,0.07931227545381657
1905244,0.36285,1.3396921972656248,3,0.09858792336719135
1906545,0.5493,1.5813753515625004,2,0.14682277709335176
1908380,0.4377,1.0830486132812511,3,0.1013002035215082
1909375,0.33805,1.440755791015625,4,0.08089863018506725
1910032,0.66579,1.7344929925130206,3,0.12152633375969168
1910065,0.57988,1.6299712473958337,3,0.24258790472697944
1910132,0.26371,1.2570870406901042,3,0.09484730473690034
1912020,0.55496,1.5846216718749997,3,0.11151319653712326
1912066,0.87417,2.0189423115234373,2,0.1701035367996615
1912110,0.53873,1.7628275917968754,3,0.12329559364249314
1913214,0.31721,1.1263817739257806,4,0.07886425328128434
1915067,0.45804,1.6038440000000003,3,0.09997404114962494
1915087,0.56216,1.4692033437499994,3,0.15386330685485705
1915184,0.52582,1.7117793125000003,3,0.10483918392604448
1916124,0.4319,1.54143662109375,3,0.10146898366785752
1916143,0.45481,1.588925296875,3,0.09844471066691102
1916193,0.62696,1.7588327343749999,3,0.12896326988849113
1916207,0.40944,1.3754886458333333,3,0.10514457446305171
1918076,0.37077,1.4178902187500002,4,0.07966147768182362
1919017,0.21939,1.1509183935546874,4,0.07068400648603469
1919042,0.34909,1.3142758366699216,4,0.08671112900580859
1920362,0.39883,1.3915899619140626,3,0.10865378333643087
1920365,0.366,1.4266962890625001,4,0.07995432550674834
1921033,0.23797,1.3804453559570313,4,0.07849746381380225
1921361,0.34506,1.4660694262695309,4,0.08377832895573246
1922067,0.1987,1.3859968750000007,3,0.09120011552609175
1922297,0.43327,1.4127413932291664,3,0.10510506532372205
1922405,0.51671,1.6357954335937503,3,0.09651189913327733
1923060,0.38361,1.4234248190104168,3,0.09797561216873878
1923155,0.39257,1.4632411142578128,3,0.10169261829974259
1923415,0.36255,1.4179035937500002,4,0.08712262983268917
1924089,0.46418,1.6020188203125,3,0.10981215580007658
1924103,0.46499,1.44209953125,3,0.09665482464523904
1924188,1.04215,2.0014665429687497,2,0.1981108698878834
1925122,0.38377,1.295482591145833,3,0.1031845586589693
1927203,0.68132,1.8100460624999999,3,0.15621979911724446
1927242,0.24666,0.9809331223958333,3,0.09391278709193257
1927254,0.5815,1.567188248697917,3,0.13053711220624237
1928157,0.54505,1.4888206412760419,3,0.11805516162298656
1929022,0.7542,1.6347408072916665,3,0.16061309321412645
1929024,0.31613,1.3888341865234377,3,0.08687698135461856
1929034,0.60889,1.653197322265625,3,0.1331991212568942
1929216,0.33695,1.5523765136718752,4,0.0800070279522457
1933168,0.43547,1.3648179609375,3,0.10158825760723167
1933196,0.75074,1.514344507812499,3,0.13311826419143666
1933258,0.6909,1.2893112499999995,2,0.23387484608790804
1934253,0.538,1.5984035481770835,3,0.11719372832301617
1934353,0.51441,1.3700677968750001,2,0.13246407395973428
1936125,0.89603,1.677727327148438,2,0.161542310024337
1936171,0.47389,1.2622102252604164,3,0.10501637606580388
1936215,0.61124,1.6947391562499998,3,0.30009045463402384
1936293,0.8324,1.96028625,3,0.2235656827126137
1936353,0.6929,1.5791582812499998,3,0.37157582859681315
1942106,0.56638,2.0066184414062502,3,0.34459260205005876
1943111,0.31615,1.2662802539062499,4,0.08187133451608736
1945116,0.54525,1.4072237630208333,3,0.11951524899792233
1946246,0.84007,1.8199442343749999,1,0.19562783024570557
1946322,0.59098,1.6723934296875,3,0.12126108014468338
1948209,0.37996,1.4565046562500004,2,0.12983746185355988
1948295,0.78386,1.72660459765625,3,0.215483839949229
1950024,1.02,1.672812500000001,1,0.27727996372705815
1950043,0.68891,1.7780835683593752,3,0.1518432665960422
1959025,0.61194,1.2026583593749989,3,0.2009698282938426
