model,split,pgc,tile,group,catalog_group_entries,distance_mpc,observed_cz,predicted_cz,sigma_cz
exponential,train,3455,3,3455,12,66.58861776861269,4677.0,4992.620808078358,352.3115753155366
exponential,train,7584,11,7584,4,66.43546819760064,4744.0,4981.2309186910825,353.28895096455705
exponential,train,7889,9,7889,1,73.34998004015486,5078.0,5495.053781308394,405.87676535354495
exponential,train,8160,10,8160,1,23.593914430440503,1466.0,1778.3877287661414,330.5605077723832
exponential,train,8997,11,8997,2,44.60669020551353,3711.0,3353.4887458614685,324.77146714603646
exponential,train,9201,11,9201,15,76.20790100254106,5501.0,5707.180158930852,385.54841452002097
exponential,train,9997,10,9997,8,83.98466611579151,6428.0,6283.672647052222,386.3691357356882
exponential,train,10123,11,10123,2,10.587660331136965,432.0,799.3409484303883,305.71183678282773
exponential,train,10175,9,9843,4,19.534396563982572,1373.0,1473.1472373884578,351.26644337987807
exponential,train,10302,11,10302,7,52.57750822566941,4982.0,3948.859297775823,357.87894083441813
exponential,train,10959,11,10959,3,64.74407045688145,5091.0,4855.412082577006,366.62445319251447
exponential,train,11420,13,11420,1,21.517905703397552,1488.0,1622.3283118982777,334.9736417077342
exponential,train,11545,13,11545,2,52.74727156616839,3804.0,3961.527028215246,333.2061221962641
exponential,train,11638,13,11638,3,36.88077172261549,2490.0,2775.3049249593155,419.07624700459377
exponential,train,12636,12,12651,3,20.174370856119253,1317.0,1521.2881699397049,303.9619842215318
exponential,train,12825,12,12923,1,19.444644164481286,1214.0,1466.3951600487446,303.6835829130516
exponential,train,12838,13,12838,8,22.84546488551827,1390.0,1722.1339291980598,332.0581576341524
exponential,train,13505,13,13505,5,29.1608379852123,1669.0,2196.473401889127,398.32880983287157
exponential,train,13738,13,13419,13,26.841080835452267,1558.0,2022.3255118169607,330.73459245152577
exponential,train,13814,13,13814,7,50.04952959591683,3893.0,3760.1599293727595,333.76462093837006
exponential,train,15406,17,15406,11,70.0809531646794,4640.0,5252.235827557395,360.0274389030954
exponential,train,15570,19,15570,6,62.08690342300644,4146.0,4657.648737026064,360.60862673492977
exponential,train,16219,17,16219,5,61.376200516479365,4415.0,4604.732242188728,342.9950291348665
exponential,train,16386,17,16386,3,51.07401503571944,3877.0,3836.6459528483033,328.33803573756103
exponential,train,19603,27,19603,1,67.5149577160642,4960.0,5061.504728806776,359.8976889003774
exponential,train,19622,27,19622,1,55.76991723756762,4056.0,4186.989456907357,349.863308654309
exponential,train,21293,28,21293,1,13.514500541175595,1255.0,1019.9358162451338,314.31642158979145
exponential,train,23313,35,23313,1,12.78792262935846,1143.0,965.1889577457985,324.71487411092596
exponential,train,24848,32,24848,1,93.19658525658426,6766.0,6965.180089244482,687.4028343772316
exponential,train,25144,35,25144,4,69.40647689943378,5066.0,5202.113195187596,376.8344420899391
exponential,train,26601,37,26601,1,39.5184588928437,2927.0,2972.824161803688,405.2663904412322
exponential,train,26981,36,26981,3,24.254928571094204,2648.0,1828.0611710804158,361.35308232762276
exponential,train,27762,37,27762,1,22.428488158692854,2261.0,1690.7892467933382,353.166600975947
exponential,train,28576,37,28576,1,12.382262309589926,1257.0,934.6185705158558,318.6570197800794
exponential,train,28806,37,28806,4,36.542646775065236,2911.0,2749.975708898292,482.7426695750358
exponential,train,28845,36,28845,4,36.04126286491434,2893.0,2712.4127617357467,397.73920602128726
exponential,train,29597,40,29311,2,21.517905703397552,1960.0,1622.3283118982777,331.72597867312817
exponential,train,29730,42,29814,3,22.636016404497504,1670.0,1706.389819735263,319.42942417166347
exponential,train,29822,43,29822,10,89.4128627502953,7176.0,6685.435789825948,425.3404987123758
exponential,train,30099,42,30083,6,34.103582265334964,1714.0,2567.2010936220217,367.29234130369207
exponential,train,30440,42,30445,2,23.92213847512053,1474.0,1803.0539031814567,359.82877393576405
exponential,train,30671,40,30671,4,43.93392456444762,3079.0,3303.184435531837,395.160787536346
exponential,train,30949,40,30308,14,35.87566830392618,3111.0,2700.0056445930522,431.0127896713798
exponential,train,32512,43,32495,2,57.86287388179515,3343.0,4343.008767366852,347.18913770192455
exponential,train,32543,43,32543,1,16.025072388814195,917.0,1209.0283094821618,328.3057240658113
exponential,train,33371,46,33371,1,33.63566357483622,1837.0,2532.124446552332,319.64013041930866
exponential,train,33615,46,33615,1,25.633033198658953,1534.0,1931.5959060091122,389.41062393263405
exponential,train,34160,45,34160,2,20.739582044538317,1728.0,1563.7988173412032,326.67515124941906
exponential,train,34415,46,34415,1,20.361042011319707,978.0,1535.3287353083701,363.0832333984977
exponential,train,34433,46,34426,8,22.95091476024225,1588.0,1730.0602200275962,319.9537562803806
exponential,train,34566,47,34566,4,22.32543861616743,1856.0,1683.0423793742298,344.8390699273301
exponential,train,34778,46,34778,2,27.34009378505607,1615.0,2059.7956375392023,324.1963559746519
exponential,train,36487,46,36487,121,85.58546212208236,6568.0,6402.207802644675,422.5905793720448
exponential,train,36918,45,37061,8,28.760736288630234,2023.0,2166.444242920757,409.24456626009345
exponential,train,37235,47,37235,2,12.612465753175393,1190.0,951.9669831710235,310.1731205041895
exponential,train,37339,46,37339,1,19.17785364482655,1506.0,1446.3236071637864,360.188800076588
exponential,train,37618,47,37618,1,10.204694319421995,863.0,770.4649974770407,315.98207264602956
exponential,train,37760,47,38795,7,13.452407051486315,1164.0,1015.2575271482042,327.2313024697181
exponential,train,38201,50,38201,18,83.06154404079231,6274.0,6215.2971941354435,499.62703667835353
exponential,train,38411,49,38411,8,27.089438298597827,2217.0,2040.9748746550247,339.64574724317106
exponential,train,39328,50,39659,27,21.419039907221233,2938.0,1614.8942873266421,315.11432425602925
exponential,train,40375,50,40375,17,22.636016404497504,1562.0,1706.389819735263,303.6618827671815
exponential,train,40887,48,40498,3,27.848384078049996,3236.0,2097.957636196967,341.74557052017144
exponential,train,41339,50,41361,6,16.398344276265377,1219.0,1237.1324822617948,302.6283822946901
exponential,train,41939,49,41939,1,14.216739313080032,1365.0,1072.8393119212565,315.79920612873127
exponential,train,42174,50,42174,1,17.171174432444527,1376.0,1295.3116631680248,313.0045024143899
exponential,train,42734,50,42734,4,14.750271017597601,1262.0,1113.0269837607661,307.28439337524213
exponential,train,43149,49,43149,1,14.151419329314304,1908.0,1067.9187905567178,314.1660876066885
exponential,train,43296,48,43296,49,37.051005630192414,3256.0,2788.056490888175,370.4145708675953
exponential,train,43594,49,42407,5,15.878153642056166,1606.0,1197.9658707023286,312.66689436603156
exponential,train,43671,49,43671,1,24.479356661960658,1573.0,1844.9244920529006,340.4414561439903
exponential,train,43790,48,43423,18,35.87566830392618,4596.0,2700.0056445930522,405.17385904302887
exponential,train,44087,49,44087,1,11.770637907805682,1274.0,888.5209609657286,307.03991903680117
exponential,train,44298,50,44715,263,89.16614688795394,7616.0,6667.186518934288,418.36208964044596
exponential,train,44807,55,44807,1,65.58431698067287,4982.0,4917.922304028019,344.08317719304046
exponential,train,45283,52,45283,1,48.842737842292564,3379.0,3670.0388583273416,414.2042361856416
exponential,train,45898,52,46618,4,43.53113592296384,3381.0,3273.0630043032834,445.8551344097674
exponential,train,47582,52,47582,2,35.87566830392618,3995.0,2700.0056445930522,467.83633532681756
exponential,train,48521,55,48521,1,16.85776517828977,1274.0,1271.7193503956132,336.2858332942068
exponential,train,49044,55,49044,5,30.775137359078713,1856.0,2317.602635517316,309.61300314856857
exponential,train,49356,55,49356,12,34.07218616593571,2509.0,2564.84767019948,313.03424622643115
exponential,train,51104,59,51104,4,48.06179647259539,3394.0,3611.705445483956,322.75715913643216
exponential,train,51251,59,51251,1,28.497056273411538,1525.0,2146.6524306933748,375.94208434047954
exponential,train,51564,59,51564,2,28.89348981559084,2075.0,2176.408230313521,383.9893960049832
exponential,train,53630,61,53630,1,28.106062003343975,2097.0,2117.3020436948063,411.5813493036955
exponential,train,54646,61,54625,4,35.05903839326121,2743.0,2638.812542824384,409.1993779109878
exponential,train,61009,70,61009,2,50.605765651324454,3849.0,3801.689756288255,339.2165544821135
exponential,train,61404,74,61404,1,23.593914430440503,2113.0,1778.3877287661414,345.55096139785866
exponential,train,62351,72,62351,1,10.934526967309194,1157.0,825.4925894214517,312.44837630517554
exponential,train,62453,72,62836,5,13.765753865094156,923.0,1038.8651714182947,321.1513076609261
exponential,train,62589,72,62589,2,28.760736288630234,2601.0,2166.444242920757,359.90440554304394
exponential,train,64102,80,64192,11,32.41902878227876,2773.0,2440.9028056705865,367.76142680188946
exponential,train,64725,80,64725,1,36.37474856426328,2622.0,2737.3975359337787,360.9949750808524
exponential,train,65379,82,65375,2,53.358056184603406,3507.0,4007.0994281371304,347.8131536623775
exponential,train,66549,84,66549,2,30.394849687701146,2104.0,2289.0720246798937,378.6549505422349
exponential,train,67146,84,67146,1,32.41902878227876,2322.0,2440.9028056705865,381.1506633353849
exponential,train,67557,84,67557,2,24.819898435070957,1742.0,1870.5106992141343,317.2051609625289
exponential,train,67890,89,67890,1,17.897814394089608,1162.0,1350.003406391066,340.6045315443206
exponential,train,69094,89,69094,2,24.705861360384304,2362.0,1861.9428974103723,349.6064953176414
exponential,train,70264,94,70264,4,24.03255804933244,1656.0,1811.3515296455203,390.19194250141686
exponential,train,70676,93,70676,2,24.934461880978326,1247.0,1879.1178046864632,333.92806056093576
exponential,train,71121,94,71121,23,45.540731268325445,3392.0,3423.3155657631787,325.7669189515304
exponential,train,72263,94,72263,2,20.644292320739922,1343.0,1556.6323075510334,323.6894169665906
exponential,train,771919,13,771919,2,18.18025623774262,1532.0,1371.259184261639,303.6013886732946
exponential,validation,1037,2,1037,2,65.37323852287952,5107.0,4902.220288681106,366.4958607909336
exponential,validation,5222,6,5222,5,27.076966023304927,2093.0,2040.0383487085946,311.6105032050115
exponential,validation,5283,6,5283,4,71.15411150074344,5212.0,5331.969202647914,353.74128627843544
exponential,validation,6415,6,6415,5,60.9256259749656,4893.0,4571.17931742257,347.5704791129073
exponential,validation,7252,6,7252,6,68.07693586937411,5285.0,5103.286742297652,353.2220772914422
exponential,validation,11425,15,11425,3,52.504919867476204,4768.0,3943.442599610797,362.72726967150606
exponential,validation,12384,15,12429,51,69.40647689943378,3634.0,5202.113195187596,381.1892500978968
exponential,validation,14526,16,14526,1,17.897814394089608,1142.0,1350.003406391066,329.5809162117196
exponential,validation,14695,16,14638,4,23.48551024058882,1328.0,1770.2406679004837,337.4192310083875
exponential,validation,15153,16,14765,8,15.588344677043889,1506.0,1176.143139058922,312.21940891916836
exponential,validation,20338,31,20136,10,78.16278045883308,6007.0,5852.1959369701435,405.14773952763704
exponential,validation,22555,34,22555,5,69.47043207498584,4929.0,5206.866269972302,352.6941164688562
exponential,validation,23304,33,23222,2,23.812226232768396,2105.0,1794.7941754762385,342.29307553732656
exponential,validation,24790,34,24790,3,64.68446641717226,4101.0,4850.977354802793,349.61299717310635
exponential,validation,25075,33,25067,5,27.466289924159614,2129.0,2069.2707824075214,394.6496702376633
exponential,validation,25646,38,25646,1,54.35005651294472,4077.0,4081.1010572538203,337.65448382624214
exponential,validation,27635,38,27635,2,31.376175101187464,2302.0,2362.6892951272985,313.51003874934247
exponential,validation,28424,38,28424,1,22.32543861616743,1812.0,1683.0423793742298,369.9133346466265
exponential,validation,37930,51,37930,2,22.151339841371943,1514.0,1669.9538547588738,305.9058732417605
exponential,validation,38524,51,38524,5,24.366884234595855,1466.0,1836.4735341175299,366.6507236208047
exponential,validation,39158,51,39158,1,15.516722739072343,1357.0,1170.749735424799,315.24850528966067
exponential,validation,40228,51,39241,5,14.282360800191839,976.0,1077.7824646392123,311.5992806299716
exponential,validation,40378,51,39791,7,29.89509927814587,1733.0,2251.5748031784005,311.17509096786966
exponential,validation,42139,51,42139,3,22.740499508958955,2030.0,1714.2438506055933,346.399922702667
exponential,validation,49353,54,49353,1,12.965820353826285,1081.0,978.5942767839567,328.96679135036334
exponential,validation,53865,62,53932,12,29.10717118066605,1808.0,2192.4456755885076,310.0925070406801
exponential,validation,62395,75,62395,1,61.461053471952326,4593.0,4611.050577790004,351.5957780536658
exponential,validation,62409,75,62409,2,27.5930685581751,2324.0,2078.789365134733,408.10127775256933
exponential,validation,63620,76,63620,1,29.840081159302233,2422.0,2247.4464069921364,342.3740980676802
exponential,validation,63972,83,63972,1,33.17416496945389,2598.0,2497.5251155965443,391.79205119026375
exponential,validation,67878,88,67883,4,31.82731482170786,2222.0,2396.5270159442853,365.54684134196367
exponential,validation,67882,88,67882,1,36.04126286491434,2577.0,2712.4127617357467,423.17011739171113
exponential,validation,68020,88,68020,2,46.00446663934781,2731.0,3457.977478342584,561.8338767956856
exponential,validation,70090,88,70090,5,29.1608379852123,1444.0,2196.473401889127,411.8690604934209
exponential,validation,70258,95,70258,2,12.268741046383399,471.0,926.0631021617043,313.0432056116277
exponential,test,4224,7,4224,47,59.92389025834776,4984.0,4496.570025925049,344.11060808038155
exponential,test,5037,7,5098,32,63.09573444801933,3828.0,4732.747276586454,347.40315561699447
exponential,test,5324,5,5324,33,73.85841781207968,5221.0,5532.802657848723,385.6997505780971
exponential,test,5766,5,5663,7,22.019122114844762,1578.0,1660.0135165560955,309.53519922550566
exponential,test,6962,7,6962,53,60.14506519775487,4587.0,4513.044689115779,347.4932677002855
exponential,test,6983,5,6983,2,27.5930685581751,1387.0,2078.789365134733,341.03427824868845
exponential,test,19476,25,19476,1,32.568668220166984,2744.0,2452.124042304697,434.93688986161203
exponential,test,20047,29,20047,1,26.230103243087683,2356.0,1976.4418375168593,333.2715304343343
exponential,test,25915,39,25915,2,22.532013356294826,1492.0,1698.5716728111927,353.6186795588892
exponential,test,25955,39,25955,2,23.593914430440503,2284.0,1778.3877287661414,387.3127379594976
exponential,test,26939,39,26939,1,22.120757764641272,1721.0,1667.6546747460516,340.39234996598043
exponential,test,27765,39,27765,1,15.516722739072343,1474.0,1170.749735424799,333.3296344410016
exponential,test,31586,41,31478,67,53.06400191947755,3337.0,3985.160034599615,335.1916415203939
exponential,test,33871,44,33871,6,47.07604832565828,3347.0,3538.0579013178362,465.8394360733635
exponential,test,45657,53,45466,3,39.33688806732014,3256.0,2959.231594204765,317.211345693361
exponential,test,46115,53,46247,9,32.71899836231789,3098.0,2463.396657726449,435.98199830791896
exponential,test,50558,58,50558,7,69.75896043328059,5075.0,5228.308459138466,355.63409612717976
exponential,test,51275,58,51233,5,25.870212734646053,1733.0,1949.4112539508715,325.1073871302595
exponential,test,51787,58,51787,4,26.964973635434237,1912.0,2031.628865474765,374.276195748104
exponential,test,53201,58,53247,3,19.534396563982572,1697.0,1473.1472373884578,358.49365555018
exponential,test,66537,86,66537,1,60.478359188180086,4406.0,4537.869107073835,355.5553558569451
exponential,test,68434,91,68434,4,77.80365510398032,5584.0,5825.5605625192675,407.90588584522914
exponential,test,68870,90,68870,1,24.705861360384304,1484.0,1861.9428974103723,354.07173376436845
exponential,test,69342,90,69342,2,21.817249589882987,820.0,1644.83579137549,335.8959919909218
exponential,test,71730,92,71730,1,38.976245309772,2861.0,2932.2317361634164,361.432119144443
rolling,train,3455,3,3455,12,66.58861776861269,4677.0,4986.141902769731,351.40930016166647
rolling,train,7584,11,7584,4,66.43546819760064,4744.0,4974.858275681691,352.37446964534
rolling,train,7889,9,7889,1,73.34998004015486,5078.0,5483.483294735055,403.8723692668516
rolling,train,8160,10,8160,1,23.593914430440503,1466.0,1785.4577115646841,330.6192067306425
rolling,train,8997,11,8997,2,44.60669020551353,3711.0,3358.0778761080123,324.57478892449495
rolling,train,9201,11,9201,15,76.20790100254106,5501.0,5693.223645651184,383.79347884608774
rolling,train,9997,10,9997,8,83.98466611579151,6428.0,6262.527492405272,384.32776525315415
rolling,train,10123,11,10123,2,10.587660331136965,432.0,803.8323626277556,305.7602577232418
rolling,train,10175,9,9843,4,19.534396563982572,1373.0,1479.7557123285521,351.458420190365
rolling,train,10302,11,10302,7,52.57750822566941,4982.0,3950.417565074043,357.23726187544554
rolling,train,10959,11,10959,3,64.74407045688145,5091.0,4850.186155007464,365.5475567334698
rolling,train,11420,13,11420,1,21.517905703397552,1488.0,1629.200925227173,335.0746808349149
rolling,train,11545,13,11545,2,52.74727156616839,3804.0,3963.008477844512,332.8231350385929
rolling,train,11638,13,11638,3,36.88077172261549,2490.0,2781.7442997183853,418.6142012896993
rolling,train,12636,12,12651,3,20.174370856119253,1317.0,1527.9899556063517,303.9766269196152
rolling,train,12825,12,12923,1,19.444644164481286,1214.0,1472.9899318830956,303.6985406729545
rolling,train,12838,13,12838,8,22.84546488551827,1390.0,1729.1420596075286,332.1309655568676
rolling,train,13505,13,13505,5,29.1608379852123,1669.0,2203.6758920104476,398.26485391771786
rolling,train,13738,13,13419,13,26.841080835452267,1558.0,2029.542779841558,330.74640993936003
rolling,train,13814,13,13814,7,50.04952959591683,3893.0,3762.8017848746304,333.41656757880185
rolling,train,15406,17,15406,11,70.0809531646794,4640.0,5243.224560928823,358.913254037717
rolling,train,15570,19,15570,6,62.08690342300644,4146.0,4654.1245395664955,359.69047978806424
rolling,train,16219,17,16219,5,61.376200516479365,4415.0,4601.642471311588,342.34209870315345
rolling,train,16386,17,16386,3,51.07401503571944,3877.0,3838.8623128035406,328.03044865796835
rolling,train,19603,27,19603,1,67.5149577160642,4960.0,5054.374493358369,358.85086155720984
rolling,train,19622,27,19622,1,55.76991723756762,4056.0,4187.018131402527,349.2348504888105
rolling,train,21293,28,21293,1,13.514500541175595,1255.0,1025.2874742876352,314.4153502250944
rolling,train,23313,35,23313,1,12.78792262935846,1143.0,970.342344761446,324.89171610701555
rolling,train,24848,32,24848,1,93.19658525658426,6766.0,6934.21900816961,678.821450923599
rolling,train,25144,35,25144,4,69.40647689943378,5066.0,5193.607278203931,375.45827133720934
rolling,train,26601,37,26601,1,39.5184588928437,2927.0,2978.7532249811575,404.734802486662
rolling,train,26981,36,26981,3,24.254928571094204,2648.0,1835.1770723538286,361.44769497026243
rolling,train,27762,37,27762,1,22.428488158692854,2261.0,1697.7583703390428,353.29412804382
rolling,train,28576,37,28576,1,12.382262309589926,1257.0,939.6568743728859,318.7954670526651
rolling,train,28806,37,28806,4,36.542646775065236,2911.0,2756.471352930998,482.09689833656205
rolling,train,28845,36,28845,4,36.04126286491434,2893.0,2718.9880085606633,397.38654001397003
rolling,train,29597,40,29311,2,21.517905703397552,1960.0,1629.200925227173,331.8180603392462
rolling,train,29730,42,29814,3,22.636016404497504,1670.0,1713.3787639177444,319.47634594532445
rolling,train,29822,43,29822,10,89.4128627502953,7176.0,6658.675814532682,422.23319693289756
rolling,train,30099,42,30083,6,34.103582265334964,1714.0,2574.040836571736,367.09870800034025
rolling,train,30440,42,30445,2,23.92213847512053,1474.0,1810.1477068465174,359.93028428147005
rolling,train,30671,40,30671,4,43.93392456444762,3079.0,3307.9774734012717,394.4965504886758
rolling,train,30949,40,30308,14,35.87566830392618,3111.0,2706.6061751828015,430.5646843334493
rolling,train,32512,43,32495,2,57.86287388179515,3343.0,4341.937474672709,346.54894216980483
rolling,train,32543,43,32543,1,16.025072388814195,917.0,1214.9876554627713,328.46289195925027
rolling,train,33371,46,33371,1,33.63566357483622,1837.0,2539.0177663683,319.5841925378845
rolling,train,33615,46,33615,1,25.633033198658953,1534.0,1938.7813223142593,389.48987618454174
rolling,train,34160,45,34160,2,20.739582044538317,1728.0,1570.5766027859381,326.7630896983388
rolling,train,34415,46,34415,1,20.361042011319707,978.0,1542.0562858643416,363.29208447967534
rolling,train,34433,46,34426,8,22.95091476024225,1588.0,1737.0776991870705,319.9988739860436
rolling,train,34566,47,34566,4,22.32543861616743,1856.0,1690.0013610522767,344.9499707086897
rolling,train,34778,46,34778,2,27.34009378505607,1615.0,2067.018148392282,324.2000015711104
rolling,train,36487,46,36487,121,85.58546212208236,6568.0,6379.457557394222,419.72397498312694
rolling,train,36918,45,37061,8,28.760736288630234,2023.0,2173.6563945019684,409.19299388962077
rolling,train,37235,47,37235,2,12.612465753175393,1190.0,957.0709800903584,310.2484521708262
rolling,train,37339,46,37339,1,19.17785364482655,1506.0,1452.8767497890453,360.4214579252051
rolling,train,37618,47,37618,1,10.204694319421995,863.0,774.8317147187324,316.11839450793974
rolling,train,37760,47,38795,7,13.452407051486315,1164.0,1020.5926345603793,327.4166451454304
rolling,train,38201,50,38201,18,83.06154404079231,6274.0,6195.058265719024,495.43624494243653
rolling,train,38411,49,38411,8,27.089438298597827,2217.0,2048.1953298367584,339.6562156159637
rolling,train,39328,50,39659,27,21.419039907221233,2938.0,1621.7554860301786,315.1600214864254
rolling,train,40375,50,40375,17,22.636016404497504,1562.0,1713.3787639177444,303.6709490841983
rolling,train,40887,48,40498,3,27.848384078049996,3236.0,2105.1807373962197,341.7418627264946
rolling,train,41339,50,41361,6,16.398344276265377,1219.0,1243.1719513518894,302.64307872410916
rolling,train,41939,49,41939,1,14.216739313080032,1365.0,1078.37303127606,315.90265770674637
rolling,train,42174,50,42174,1,17.171174432444527,1376.0,1301.5086254527982,313.07105685824956
rolling,train,42734,50,42734,4,14.750271017597601,1262.0,1118.6927467285232,307.3307981341082
rolling,train,43149,49,43149,1,14.151419329314304,1908.0,1073.4359715196142,314.2595393045113
rolling,train,43296,48,43296,49,37.051005630192414,3256.0,2794.466748046929,370.1211389771536
rolling,train,43594,49,42407,5,15.878153642056166,1606.0,1203.8929554397223,312.7398350564914
rolling,train,43671,49,43671,1,24.479356661960658,1573.0,1852.0541282294723,340.5013206655125
rolling,train,43790,48,43423,18,35.87566830392618,4596.0,2706.6061751828015,404.8047401684102
rolling,train,44087,49,44087,1,11.770637907805682,1274.0,893.3798036815936,307.09528526825943
rolling,train,44298,50,44715,263,89.16614688795394,7616.0,6640.692305100964,415.4191596783935
rolling,train,44807,55,44807,1,65.58431698067287,4982.0,4912.132875263976,343.3338128619509
rolling,train,45283,52,45283,1,48.842737842292564,3379.0,3673.1580271223997,413.19108442540676
rolling,train,45898,52,46618,4,43.53113592296384,3381.0,3277.974233036211,444.9104261968411
rolling,train,47582,52,47582,2,35.87566830392618,3995.0,2706.6061751828015,467.28078369962003
rolling,train,48521,55,48521,1,16.85776517828977,1274.0,1277.8538077725336,336.4706270457904
rolling,train,49044,55,49044,5,30.775137359078713,1856.0,2324.7361082328725,309.5984646780169
rolling,train,49356,55,49356,12,34.07218616593571,2509.0,2571.6911335194586,312.99402143088173
rolling,train,51104,59,51104,4,48.06179647259539,3394.0,3615.1196899550887,322.53962085885934
rolling,train,51251,59,51251,1,28.497056273411538,1525.0,2153.86933041947,375.91376880826135
rolling,train,51564,59,51564,2,28.89348981559084,2075.0,2183.617504453948,383.94374752690464
rolling,train,53630,61,53630,1,28.106062003343975,2097.0,2124.5236146226002,411.55995384354213
rolling,train,54646,61,54625,4,35.05903839326121,2743.0,2645.5304397240793,408.8554269982183
rolling,train,61009,70,61009,2,50.605765651324454,3849.0,3804.102901484301,338.80556980424564
rolling,train,61404,74,61404,1,23.593914430440503,2113.0,1785.4577115646841,345.6366444087712
rolling,train,62351,72,62351,1,10.934526967309194,1157.0,830.0945180684672,312.5506166187072
rolling,train,62453,72,62836,5,13.765753865094156,923.0,1044.2830488155505,321.29333732425323
rolling,train,62589,72,62589,2,28.760736288630234,2601.0,2173.6563945019684,359.8744865158923
rolling,train,64102,80,64192,11,32.41902878227876,2773.0,2447.9166420496463,367.6172774487877
rolling,train,64725,80,64725,1,36.37474856426328,2622.0,2743.9203468745172,360.7562173891781
rolling,train,65379,82,65375,2,53.358056184603406,3507.0,4008.3002909553943,347.25967170880017
rolling,train,66549,84,66549,2,30.394849687701146,2104.0,2296.2260860412266,378.5598331611044
rolling,train,67146,84,67146,1,32.41902878227876,2322.0,2447.9166420496463,380.98075085834654
rolling,train,67557,84,67557,2,24.819898435070957,1742.0,1877.6593815069864,317.22867433881163
rolling,train,67890,89,67890,1,17.897814394089608,1162.0,1356.3381343006542,340.790118414644
rolling,train,69094,89,69094,2,24.705861360384304,2362.0,1869.0854426388748,349.67384090619095
rolling,train,70264,94,70264,4,24.03255804933244,1656.0,1818.4528945576042,390.3351712705474
rolling,train,70676,93,70676,2,24.934461880978326,1247.0,1886.2724081928613,333.9714671775102
rolling,train,71121,94,71121,23,45.540731268325445,3392.0,3427.6081407506085,325.55154484445535
rolling,train,72263,94,72263,2,20.644292320739922,1343.0,1563.3977011641232,323.7689454560067
rolling,train,771919,13,771919,2,18.18025623774262,1532.0,1377.6447662219407,303.6182850741648
rolling,validation,1037,2,1037,2,65.37323852287952,5107.0,4896.573561785393,365.4031839165201
rolling,validation,5222,6,5222,5,27.076966023304927,2093.0,2047.2586711464821,311.61376859506714
rolling,validation,5283,6,5283,4,71.15411150074344,5212.0,5322.13786253506,352.7112952049359
rolling,validation,6415,6,6415,5,60.9256259749656,4893.0,4568.360423694779,346.861781609164
rolling,validation,7252,6,7252,6,68.07693586937411,5285.0,5095.754188184543,352.27124619872075
rolling,validation,11425,15,11425,3,52.504919867476204,4768.0,3945.0335576903885,362.0380123486016
rolling,validation,12384,15,12429,51,69.40647689943378,3634.0,5193.607278203931,379.7423401990498
rolling,validation,14526,16,14526,1,17.897814394089608,1142.0,1356.3381343006542,329.7182451649552
rolling,validation,14695,16,14638,4,23.48551024058882,1328.0,1777.302340946446,337.4923133089925
rolling,validation,15153,16,14765,8,15.588344677043889,1506.0,1182.0053845801717,312.29157305093446
rolling,validation,20338,31,20136,10,78.16278045883308,6007.0,5836.527866560818,402.95396975830255
rolling,validation,22555,34,22555,5,69.47043207498584,4929.0,5198.3127684519,351.72068377560583
rolling,validation,23304,33,23222,2,23.812226232768396,2105.0,1801.8802264421847,342.36867534824466
rolling,validation,24790,34,24790,3,64.68446641717226,4101.0,4845.790937478515,348.79502954781117
rolling,validation,25075,33,25067,5,27.466289924159614,2129.0,2076.493886981086,394.6575123874912
rolling,validation,25646,38,25646,1,54.35005651294472,4077.0,4081.832190916475,337.19590256507166
rolling,validation,27635,38,27635,2,31.376175101187464,2302.0,2369.784793728126,313.48582949847764
rolling,validation,28424,38,28424,1,22.32543861616743,1812.0,1690.0013610522767,370.0807877986442
rolling,validation,37930,51,37930,2,22.151339841371943,1514.0,1676.8952499636362,305.92185498426437
rolling,validation,38524,51,38524,5,24.366884234595855,1466.0,1843.596404537062,366.7494618154735
rolling,validation,39158,51,39158,1,15.516722739072343,1357.0,1176.5957111186858,315.33866942969934
rolling,validation,40228,51,39241,5,14.282360800191839,976.0,1083.332716902665,311.67535578648705
rolling,validation,40378,51,39791,7,29.89509927814587,1733.0,2258.7518649094727,311.16298062941195
rolling,validation,42139,51,42139,3,22.740499508958955,2030.0,1721.242468487673,346.5054905544483
rolling,validation,49353,54,49353,1,12.965820353826285,1081.0,983.7971406881812,329.1702668735681
rolling,validation,53865,62,53932,12,29.10717118066605,1808.0,2199.649633545664,310.08540316724145
rolling,validation,62395,75,62395,1,61.461053471952326,4593.0,4607.909400292355,350.8191648750374
rolling,validation,62409,75,62409,2,27.5930685581751,2324.0,2086.012768704983,408.10423257975555
rolling,validation,63620,76,63620,1,29.840081159302233,2422.0,2254.6257192034545,342.3313060728994
rolling,validation,63972,83,63972,1,33.17416496945389,2598.0,2504.467346971267,391.57217553855736
rolling,validation,67878,88,67883,4,31.82731482170786,2222.0,2403.5896418679563,365.4243375031521
rolling,validation,67882,88,67882,1,36.04126286491434,2577.0,2718.9880085606633,422.7371446480365
rolling,validation,68020,88,68020,2,46.00446663934781,2731.0,3462.117014067144,560.0392894657402
rolling,validation,70090,88,70090,5,29.1608379852123,1444.0,2203.6758920104476,411.79732475225165
rolling,validation,70258,95,70258,2,12.268741046383399,471.0,931.0686376051779,313.14157771218294
rolling,test,4224,7,4224,47,59.92389025834776,4984.0,4494.340709772707,343.46979429402967
rolling,test,5037,7,5098,32,63.09573444801933,3828.0,4728.5913786878955,346.6520314959429
rolling,test,5324,5,5324,33,73.85841781207968,5221.0,5520.817802452233,384.02400930551164
rolling,test,5766,5,5663,7,22.019122114844762,1578.0,1666.941176272228,309.5614710670683
rolling,test,6962,7,6962,53,60.14506519775487,4587.0,4510.686701153902,346.80181650199535
rolling,test,6983,5,6983,2,27.5930685581751,1387.0,2086.012768704983,341.0354933280741
rolling,test,19476,25,19476,1,32.568668220166984,2744.0,2459.1245209944213,434.66136378674116
rolling,test,20047,29,20047,1,26.230103243087683,2356.0,1983.6463880490471,333.29383520397477
rolling,test,25915,39,25915,2,22.532013356294826,1492.0,1705.5507846986554,353.7446593566188
rolling,test,25955,39,25955,2,23.593914430440503,2284.0,1785.4577115646841,387.4687346390235
rolling,test,26939,39,26939,1,22.120757764641272,1721.0,1674.5929220568667,340.4967378677312
rolling,test,27765,39,27765,1,15.516722739072343,1474.0,1176.5957111186858,333.5214715498984
rolling,test,31586,41,31478,67,53.06400191947755,3337.0,3986.4968040041736,334.7818780951153
rolling,test,33871,44,33871,6,47.07604832565828,3347.0,3541.829090356093,464.5515528389444
rolling,test,45657,53,45466,3,39.33688806732014,3256.0,2965.1998326934877,317.1156876899309
rolling,test,46115,53,46247,9,32.71899836231789,3098.0,2470.383303004758,435.6961539920266
rolling,test,50558,58,50558,7,69.75896043328059,5075.0,5219.53941461203,354.60336741172057
rolling,test,51275,58,51233,5,25.870212734646053,1733.0,1956.605065252305,325.1287218816832
rolling,test,51787,58,51787,4,26.964973635434237,1912.0,2038.8478665725388,374.2990746418392
rolling,test,53201,58,53247,3,19.534396563982572,1697.0,1479.7557123285521,358.71065551724854
rolling,test,66537,86,66537,1,60.478359188180086,4406.0,4535.315612085639,354.7469262501427
rolling,test,68434,91,68434,4,77.80365510398032,5584.0,5810.211744014976,405.67629527814853
rolling,test,68870,90,68870,1,24.705861360384304,1484.0,1869.0854426388748,354.1447133230221
rolling,test,69342,90,69342,2,21.817249589882987,820.0,1651.7418471411083,335.99448585496856
rolling,test,71730,92,71730,1,38.976245309772,2861.0,2938.276014034648,361.12072560568606
energy_only,train,3455,3,3455,12,66.58861776861269,4677.0,4999.099002904287,353.2347519016261
energy_only,train,7584,11,7584,4,66.43546819760064,4744.0,4987.6011352465275,354.22446404457514
energy_only,train,7889,9,7889,1,73.34998004015486,5078.0,5506.717328000551,407.9345721392441
energy_only,train,8160,10,8160,1,23.593914430440503,1466.0,1771.280806234171,330.49876870929955
energy_only,train,8997,11,8997,2,44.60669020551353,3711.0,3348.7985394132543,324.9683756752401
energy_only,train,9201,11,9201,15,76.20790100254106,5501.0,5721.280695378656,387.3550958992003
energy_only,train,9997,10,9997,8,83.98466611579151,6428.0,6305.1384545453,388.4823587617812
energy_only,train,10123,11,10123,2,10.587660331136965,432.0,794.8531789297083,305.6633625994433
energy_only,train,10175,9,9843,4,19.534396563982572,1373.0,1466.5173977865377,351.0701650098987
energy_only,train,10302,11,10302,7,52.57750822566941,4982.0,3947.2068405359687,358.5271366224662
energy_only,train,10959,11,10959,3,64.74407045688145,5091.0,4860.617760037976,367.7240713988883
energy_only,train,11420,13,11420,1,21.517905703397552,1488.0,1615.4269028544388,334.86933893933724
energy_only,train,11545,13,11545,2,52.74727156616839,3804.0,3959.951844617152,333.59332133664685
energy_only,train,11638,13,11638,3,36.88077172261549,2490.0,2768.7791633775255,419.53093006763424
energy_only,train,12636,12,12651,3,20.174370856119253,1317.0,1514.5626691337611,303.9469803509051
energy_only,train,12825,12,12923,1,19.444644164481286,1214.0,1459.779349150065,303.6683030827674
energy_only,train,12838,13,12838,8,22.84546488551827,1390.0,1715.0918274849284,331.9822211373276
energy_only,train,13505,13,13505,5,29.1608379852123,1669.0,2189.211629721416,398.3837257673796
energy_only,train,13738,13,13419,13,26.841080835452267,1558.0,2015.0582301895279,330.71962981609596
energy_only,train,13814,13,13814,7,50.04952959591683,3893.0,3757.418730404282,334.115459906227
energy_only,train,15406,17,15406,11,70.0809531646794,4640.0,5261.2903042268945,361.1702815361555
energy_only,train,15570,19,15570,6,62.08690342300644,4146.0,4661.128714569188,361.5442476945894
energy_only,train,16219,17,16219,5,61.376200516479365,4415.0,4607.772182965841,343.66037738156757
energy_only,train,16386,17,16386,3,51.07401503571944,3877.0,3834.3319759273154,328.64848873482515
energy_only,train,19603,27,19603,1,67.5149577160642,4960.0,5068.645002150207,360.969261589697
energy_only,train,19622,27,19622,1,55.76991723756762,4056.0,4186.877644430738,350.5002981418493
energy_only,train,21293,28,21293,1,13.514500541175595,1255.0,1014.5816310548229,314.21688415678153
energy_only,train,23313,35,23313,1,12.78792262935846,1143.0,960.0347948403813,324.53713490958137
energy_only,train,24848,32,24848,1,93.19658525658426,6766.0,6996.751021888253,696.2851896041384
energy_only,train,25144,35,25144,4,69.40647689943378,5066.0,5210.653109061068,378.24439760346667
energy_only,train,26601,37,26601,1,39.5184588928437,2927.0,2966.8018655011983,405.79324409156413
energy_only,train,26981,36,26981,3,24.254928571094204,2648.0,1820.9056865096009,361.25253313788113
energy_only,train,27762,37,27762,1,22.428488158692854,2261.0,1683.787791369182,353.03407356383184
energy_only,train,28576,37,28576,1,12.382262309589926,1257.0,929.5804084007203,318.5179826217113
energy_only,train,28806,37,28806,4,36.542646775065236,2911.0,2743.394667893055,483.3772592262797
energy_only,train,28845,36,28845,4,36.04126286491434,2893.0,2705.7536281105336,398.08527161844586
energy_only,train,29597,40,29311,2,21.517905703397552,1960.0,1615.4269028544388,331.6309250219377
energy_only,train,29730,42,29814,3,22.636016404497504,1670.0,1699.367729157169,319.3805854257807
energy_only,train,29822,43,29822,10,89.4128627502953,7176.0,6712.6756336455355,428.5642771646496
energy_only,train,30099,42,30083,6,34.103582265334964,1714.0,2560.283735004781,367.4806285862589
energy_only,train,30440,42,30445,2,23.92213847512053,1474.0,1795.9218493141452,359.7214936811467
energy_only,train,30671,40,30671,4,43.93392456444762,3079.0,3298.2908888908673,395.8243957205766
energy_only,train,30949,40,30308,14,35.87566830392618,3111.0,2693.321736750276,431.4521520621918
energy_only,train,32512,43,32495,2,57.86287388179515,3343.0,4344.007172546726,347.8393561033447
energy_only,train,32543,43,32543,1,16.025072388814195,917.0,1203.0594224019922,328.1467373284692
energy_only,train,33371,46,33371,1,33.63566357483622,1837.0,2525.155118729996,319.69437573611543
energy_only,train,33615,46,33615,1,25.633033198658953,1534.0,1924.365354606452,389.32288601210735
energy_only,train,34160,45,34160,2,20.739582044538317,1728.0,1556.9952017638395,326.58477720549257
energy_only,train,34415,46,34415,1,20.361042011319707,978.0,1528.5767749604831,362.86893174217016
energy_only,train,34433,46,34426,8,22.95091476024225,1588.0,1723.0083532244942,319.9066544610291
energy_only,train,34566,47,34566,4,22.32543861616743,1856.0,1676.0514691708236,344.7239229620118
energy_only,train,34778,46,34778,2,27.34009378505607,1615.0,2052.5211032364427,324.1902154931814
energy_only,train,36487,46,36487,121,85.58546212208236,6568.0,6425.322433418387,425.55732183061514
energy_only,train,36918,45,37061,8,28.760736288630234,2023.0,2159.1743907650066,409.2861457950604
energy_only,train,37235,47,37235,2,12.612465753175393,1190.0,946.8626126696007,310.097452597596
energy_only,train,37339,46,37339,1,19.17785364482655,1506.0,1439.750387131056,359.95123039964176
energy_only,train,37618,47,37618,1,10.204694319421995,863.0,766.102547494877,315.84564210835555
energy_only,train,37760,47,38795,7,13.452407051486315,1164.0,1009.9200475009926,327.044793462593
energy_only,train,38201,50,38201,18,83.06154404079231,6274.0,6235.832742747649,503.9485486450504
energy_only,train,38411,49,38411,8,27.089438298597827,2217.0,2033.703404890657,339.63127544882
energy_only,train,39328,50,39659,27,21.419039907221233,2938.0,1608.0046727440129,315.0671875081532
energy_only,train,40375,50,40375,17,22.636016404497504,1562.0,1699.367729157169,303.6524471759842
energy_only,train,40887,48,40498,3,27.848384078049996,3236.0,2090.6804712207954,341.7450957799414
energy_only,train,41339,50,41361,6,16.398344276265377,1219.0,1231.0823149361631,302.61350890240215
energy_only,train,41939,49,41939,1,14.216739313080032,1365.0,1067.3012477772113,315.69497745054616
energy_only,train,42174,50,42174,1,17.171174432444527,1376.0,1289.1015238073112,312.93700127223656
energy_only,train,42734,50,42734,4,14.750271017597601,1262.0,1107.3554172816532,307.2375982250913
energy_only,train,43149,49,43149,1,14.151419329314304,1908.0,1062.3974388669465,314.0719487897955
energy_only,train,43296,48,43296,49,37.051005630192414,3256.0,2781.5593575397434,370.70357884928006
energy_only,train,43594,49,42407,5,15.878153642056166,1606.0,1192.029692808262,312.5931530164533
energy_only,train,43671,49,43671,1,24.479356661960658,1573.0,1837.7543714258513,340.377561621215
energy_only,train,43790,48,43423,18,35.87566830392618,4596.0,2693.321736750276,405.5358221558096
energy_only,train,44087,49,44087,1,11.770637907805682,1274.0,883.66355836038,306.98438756263823
energy_only,train,44298,50,44715,263,89.16614688795394,7616.0,6694.152681063968,421.41558941045685
energy_only,train,44807,55,44807,1,65.58431698067287,4982.0,4923.700080554999,344.8495151243881
energy_only,train,45283,52,45283,1,48.842737842292564,3379.0,3666.818915439116,415.2225703896301
energy_only,train,45898,52,46618,4,43.53113592296384,3381.0,3268.0516803027226,446.7979264432555
energy_only,train,47582,52,47582,2,35.87566830392618,3995.0,2693.321736750276,468.3809679405179
energy_only,train,48521,55,48521,1,16.85776517828977,1274.0,1265.5727342989135,336.0985030244044
energy_only,train,49044,55,49044,5,30.775137359078713,1856.0,2310.4036135593765,309.62658879748767
energy_only,train,49356,55,49356,12,34.07218616593571,2509.0,2557.9266980309594,313.07336825796625
energy_only,train,51104,59,51104,4,48.06179647259539,3394.0,3608.189834921976,322.9759836229376
energy_only,train,51251,59,51251,1,28.497056273411538,1525.0,2139.378877467681,375.9631670336968
energy_only,train,51564,59,51564,2,28.89348981559084,2075.0,2169.140729841612,384.02716476354715
energy_only,train,53630,61,53630,1,28.106062003343975,2097.0,2110.0253781074885,411.59247799057397
energy_only,train,54646,61,54625,4,35.05903839326121,2743.0,2632.0138560316636,409.53547060110617
energy_only,train,61009,70,61009,2,50.605765651324454,3849.0,3799.178145317708,339.6310293939556
energy_only,train,61404,74,61404,1,23.593914430440503,2113.0,1771.280806234171,345.460834229938
energy_only,train,62351,72,62351,1,10.934526967309194,1157.0,820.8937023932737,312.34595182554955
energy_only,train,62453,72,62836,5,13.765753865094156,923.0,1033.444130284305,321.00831864214723
energy_only,train,62589,72,62589,2,28.760736288630234,2601.0,2159.1743907650066,359.9285282934339
energy_only,train,64102,80,64192,11,32.41902878227876,2773.0,2433.8172877957786,367.89971747016534
energy_only,train,64725,80,64725,1,36.37474856426328,2622.0,2730.7898281813546,361.22961326424553
energy_only,train,65379,82,65375,2,53.358056184603406,3507.0,4005.806590911367,348.372845885413
energy_only,train,66549,84,66549,2,30.394849687701146,2104.0,2281.8538716138214,378.7428723014996
energy_only,train,67146,84,67146,1,32.41902878227876,2322.0,2433.8172877957786,381.3136614395261
energy_only,train,67557,84,67557,2,24.819898435070957,1742.0,1863.320162362419,317.17986892236144
energy_only,train,67890,89,67890,1,17.897814394089608,1162.0,1343.6530754003634,340.4158518335023
energy_only,train,69094,89,69094,2,24.705861360384304,2362.0,1854.7589567577165,349.5342509660135
energy_only,train,70264,94,70264,4,24.03255804933244,1656.0,1804.2114726662714,390.0402940991977
energy_only,train,70676,93,70676,2,24.934461880978326,1247.0,1871.9208850745383,333.8812245637225
energy_only,train,71121,94,71121,23,45.540731268325445,3392.0,3418.9213915141604,325.9828311291065
energy_only,train,72263,94,72263,2,20.644292320739922,1343.0,1549.8414427800549,323.6077274414655
energy_only,train,771919,13,771919,2,18.18025623774262,1532.0,1364.8570330182438,303.5842042988807
energy_only,validation,1037,2,1037,2,65.37323852287952,5107.0,4907.853156230711,367.6121711815825
energy_only,validation,5222,6,5222,5,27.076966023304927,2093.0,2032.7670619265007,311.60601595476817
energy_only,validation,5283,6,5283,4,71.15411150074344,5212.0,5341.859156519932,354.7989330668138
energy_only,validation,6415,6,6415,5,60.9256259749656,4893.0,4573.944993719294,348.2922516811855
energy_only,validation,7252,6,7252,6,68.07693586937411,5285.0,5110.836167556932,354.19607525468865
energy_only,validation,11425,15,11425,3,52.504919867476204,4768.0,3941.75726097054,363.4233964091644
energy_only,validation,12384,15,12429,51,69.40647689943378,3634.0,5210.653109061068,382.67146596272164
energy_only,validation,14526,16,14526,1,17.897814394089608,1142.0,1343.6530754003634,329.44131669584186
energy_only,validation,14695,16,14638,4,23.48551024058882,1328.0,1763.1424868707775,337.3424678998425
energy_only,validation,15153,16,14765,8,15.588344677043889,1506.0,1170.272671212354,312.1465008759532
energy_only,validation,20338,31,20136,10,78.16278045883308,6007.0,5868.0470620245205,407.4078344421825
energy_only,validation,22555,34,22555,5,69.47043207498584,4929.0,5215.454626668551,353.69240130479915
energy_only,validation,23304,33,23222,2,23.812226232768396,2105.0,1787.6703136585172,342.21331530724916
energy_only,validation,24790,34,24790,3,64.68446641717226,4101.0,4856.142931090449,350.4486825884563
energy_only,validation,25075,33,25067,5,27.466289924159614,2129.0,2061.995147074531,394.63291261731774
energy_only,validation,25646,38,25646,1,54.35005651294472,4077.0,4080.2812121970746,338.1188102348894
energy_only,validation,27635,38,27635,2,31.376175101187464,2302.0,2355.5259715478564,313.53294336799416
energy_only,validation,28424,38,28424,1,22.32543861616743,1812.0,1676.0514691708236,369.7394467921561
energy_only,validation,37930,51,37930,2,22.151339841371943,1514.0,1662.9812107435164,305.8893068083248
energy_only,validation,38524,51,38524,5,24.366884234595855,1466.0,1829.3106310582673,366.54556686188806
energy_only,validation,39158,51,39158,1,15.516722739072343,1357.0,1164.895749961765,315.157421207986
energy_only,validation,40228,51,39241,5,14.282360800191839,976.0,1072.2276917123525,311.5226305524638
energy_only,validation,40378,51,39791,7,29.89509927814587,1733.0,2244.335583851498,311.18606910537903
energy_only,validation,42139,51,42139,3,22.740499508958955,2030.0,1707.211675170726,346.2899189411559
energy_only,validation,49353,54,49353,1,12.965820353826285,1081.0,973.3902207884046,328.762204330001
energy_only,validation,53865,62,53932,12,29.10717118066605,1808.0,2185.1826471624304,310.0985694721567
energy_only,validation,62395,75,62395,1,61.461053471952326,4593.0,4614.142577726955,352.38698047367666
energy_only,validation,62409,75,62409,2,27.5930685581751,2324.0,2071.5129216233954,408.08829427705365
energy_only,validation,63620,76,63620,1,29.840081159302233,2422.0,2240.2051513200236,342.412780192386
energy_only,validation,63972,83,63972,1,33.17416496945389,2598.0,2490.508493489112,392.0044495786175
energy_only,validation,67878,88,67883,4,31.82731482170786,2222.0,2389.394881474728,365.66352756156994
energy_only,validation,67882,88,67882,1,36.04126286491434,2577.0,2705.7536281105336,423.5949293092769
energy_only,validation,68020,88,68020,2,46.00446663934781,2731.0,3453.7362020616306,563.6295801302698
energy_only,validation,70090,88,70090,5,29.1608379852123,1444.0,2189.211629721416,411.9306558193438
energy_only,validation,70258,95,70258,2,12.268741046383399,471.0,921.0579572862302,312.9444452352486
energy_only,test,4224,7,4224,47,59.92389025834776,4984.0,4498.73905596064,344.7627423456308
energy_only,test,5037,7,5098,32,63.09573444801933,3828.0,4736.867490536,348.1695825286353
energy_only,test,5324,5,5324,33,73.85841781207968,5221.0,5544.889124098052,387.42190939987523
energy_only,test,5766,5,5663,7,22.019122114844762,1578.0,1653.0551227199207,309.50799223159163
energy_only,test,6962,7,6962,53,60.14506519775487,4587.0,4515.343897429092,348.1969915236321
energy_only,test,6983,5,6983,2,27.5930685581751,1387.0,2071.5129216233954,341.0289392572727
energy_only,test,19476,25,19476,1,32.568668220166984,2744.0,2445.051339349761,435.2015679699986
energy_only,test,20047,29,20047,1,26.230103243087683,2356.0,1969.189739746008,333.24583266161443
energy_only,test,25915,39,25915,2,22.532013356294826,1492.0,1691.5598230874537,353.48764525936485
energy_only,test,25955,39,25955,2,23.593914430440503,2284.0,1771.280806234171,387.14862406575793
energy_only,test,26939,39,26939,1,22.120757764641272,1721.0,1660.685297791209,340.2841401428379
energy_only,test,27765,39,27765,1,15.516722739072343,1474.0,1164.895749961765,333.1357836086553
energy_only,test,31586,41,31478,67,53.06400191947755,3337.0,3983.7304202825335,335.60602424385644
energy_only,test,33871,44,33871,6,47.07604832565828,3347.0,3534.1849579710893,467.1305632612486
energy_only,test,45657,53,45466,3,39.33688806732014,3256.0,2953.1705402628786,317.30620667034566
energy_only,test,46115,53,46247,9,32.71899836231789,3098.0,2456.33724578007,436.2569891381011
energy_only,test,50558,58,50558,7,69.75896043328059,5075.0,5237.11627074723,356.69125413335746
energy_only,test,51275,58,51233,5,25.870212734646053,1733.0,1942.1713493977918,325.0834647174801
energy_only,test,51787,58,51787,4,26.964973635434237,1912.0,2024.3593512859447,374.2461379966447
energy_only,test,53201,58,53247,3,19.534396563982572,1697.0,1466.5173977865377,358.27178014583916
energy_only,test,66537,86,66537,1,60.478359188180086,4406.0,4540.366150371739,356.3781588333685
energy_only,test,68434,91,68434,4,77.80365510398032,5584.0,5841.085004369679,410.20209367972024
energy_only,test,68870,90,68870,1,24.705861360384304,1484.0,1854.7589567577165,353.99344452983223
energy_only,test,69342,90,69342,2,21.817249589882987,820.0,1637.899784696931,335.7941167083655
energy_only,test,71730,92,71730,1,38.976245309772,2861.0,2926.0954972099653,361.74047617611313
directional_rate,train,3455,3,3455,12,66.58861776861269,4677.0,4685.127900679659,346.52426485234395
directional_rate,train,7584,11,7584,4,66.43546819760064,4744.0,4673.116346570748,347.37538709547414
directional_rate,train,7889,9,7889,1,73.34998004015486,5078.0,5335.939941842394,400.63211572484346
directional_rate,train,8160,10,8160,1,23.593914430440503,1466.0,1691.552264082244,327.77934501665396
directional_rate,train,8997,11,8997,2,44.60669020551353,3711.0,3145.598817137897,321.9103932209321
directional_rate,train,9201,11,9201,15,76.20790100254106,5501.0,5340.720568861177,376.0551579919542
directional_rate,train,9997,10,9997,8,83.98466611579151,6428.0,6039.958592540511,380.5441755123156
directional_rate,train,10123,11,10123,2,10.587660331136965,432.0,748.7302729351602,305.0180268578819
directional_rate,train,10175,9,9843,4,19.534396563982572,1373.0,1432.2972880044706,348.6636552194793
directional_rate,train,10302,11,10302,7,52.57750822566941,4982.0,3709.915294147558,351.6169998505007
directional_rate,train,10959,11,10959,3,64.74407045688145,5091.0,4550.530446340232,359.233842614869
directional_rate,train,11420,13,11420,1,21.517905703397552,1488.0,1592.6145595549576,333.7714826286847
directional_rate,train,11545,13,11545,2,52.74727156616839,3804.0,3876.5177045251085,331.87212868287435
directional_rate,train,11638,13,11638,3,36.88077172261549,2490.0,2728.2801000680756,415.64464715476674
directional_rate,train,12636,12,12651,3,20.174370856119253,1317.0,1540.7599215339785,304.0631157304383
directional_rate,train,12825,12,12923,1,19.444644164481286,1214.0,1476.857782678942,303.73588237276533
directional_rate,train,12838,13,12838,8,22.84546488551827,1390.0,1708.5882586852367,331.58106675987034
directional_rate,train,13505,13,13505,5,29.1608379852123,1669.0,2175.003746925012,396.65446234724556
directional_rate,train,13738,13,13419,13,26.841080835452267,1558.0,2012.0774823993295,330.43916741918656
directional_rate,train,13814,13,13814,7,50.04952959591683,3893.0,3662.3714307507307,332.12448773973443
directional_rate,train,15406,17,15406,11,70.0809531646794,4640.0,5155.921666283641,358.03867248616694
directional_rate,train,15570,19,15570,6,62.08690342300644,4146.0,4397.061768221864,354.5609692004565
directional_rate,train,16219,17,16219,5,61.376200516479365,4415.0,4526.115414992857,341.6377778672238
directional_rate,train,16386,17,16386,3,51.07401503571944,3877.0,3781.307877856382,327.56526541927707
directional_rate,train,19603,27,19603,1,67.5149577160642,4960.0,4912.457201270887,356.721749054566
directional_rate,train,19622,27,19622,1,55.76991723756762,4056.0,3981.616489506881,345.4312394604957
directional_rate,train,21293,28,21293,1,13.514500541175595,1255.0,1082.344182470057,316.07274953887514
directional_rate,train,23313,35,23313,1,12.78792262935846,1143.0,932.1906910153349,323.11553149744293
directional_rate,train,24848,32,24848,1,93.19658525658426,6766.0,7491.474566248674,729.2382316119158
directional_rate,train,25144,35,25144,4,69.40647689943378,5066.0,5076.2029476704,373.54665216948854
directional_rate,train,26601,37,26601,1,39.5184588928437,2927.0,3150.209386622248,416.31358567282075
directional_rate,train,26981,36,26981,3,24.254928571094204,2648.0,1950.1481157579892,368.99633659714556
directional_rate,train,27762,37,27762,1,22.428488158692854,2261.0,1765.9462185551567,357.5935921466266
directional_rate,train,28576,37,28576,1,12.382262309589926,1257.0,999.5807741266873,321.2471900872939
directional_rate,train,28806,37,28806,4,36.542646775065236,2911.0,2939.4765520513783,503.32197971120377
directional_rate,train,28845,36,28845,4,36.04126286491434,2893.0,2913.1856266488244,410.6271300768051
directional_rate,train,29597,40,29311,2,21.517905703397552,1960.0,1758.0843502012312,336.9365202231564
directional_rate,train,29730,42,29814,3,22.636016404497504,1670.0,1778.6284983833386,321.0492564741435
directional_rate,train,29822,43,29822,10,89.4128627502953,7176.0,6679.599908770385,425.1559079130952
directional_rate,train,30099,42,30083,6,34.103582265334964,1714.0,2620.069435898709,369.8163464661732
directional_rate,train,30440,42,30445,2,23.92213847512053,1474.0,1846.1055462579163,362.4618455548621
directional_rate,train,30671,40,30671,4,43.93392456444762,3079.0,3570.271602473615,408.92014380722026
directional_rate,train,30949,40,30308,14,35.87566830392618,3111.0,2913.6453130681025,448.83215585985545
directional_rate,train,32512,43,32495,2,57.86287388179515,3343.0,4220.419808087223,344.7489756797663
directional_rate,train,32543,43,32543,1,16.025072388814195,917.0,1222.663813484461,328.9182964359039
directional_rate,train,33371,46,33371,1,33.63566357483622,1837.0,2579.895527880481,320.36131318897895
directional_rate,train,33615,46,33615,1,25.633033198658953,1534.0,1988.7304698715488,394.1178375429812
directional_rate,train,34160,45,34160,2,20.739582044538317,1728.0,1688.3059771407138,330.87242536125575
directional_rate,train,34415,46,34415,1,20.361042011319707,978.0,1586.7271634547642,366.97333221085034
directional_rate,train,34433,46,34426,8,22.95091476024225,1588.0,1787.705885712671,321.256917370116
directional_rate,train,34566,47,34566,4,22.32543861616743,1856.0,1651.114750802699,343.2641833480254
directional_rate,train,34778,46,34778,2,27.34009378505607,1615.0,2167.445256060688,326.6761504377096
directional_rate,train,36487,46,36487,121,85.58546212208236,6568.0,6616.768596429435,429.59985156220193
directional_rate,train,36918,45,37061,8,28.760736288630234,2023.0,2350.0123534502895,425.5738381912702
directional_rate,train,37235,47,37235,2,12.612465753175393,1190.0,962.8806250821958,310.40341120708786
directional_rate,train,37339,46,37339,1,19.17785364482655,1506.0,1532.222861082826,366.8562248820825
directional_rate,train,37618,47,37618,1,10.204694319421995,863.0,760.5872789987659,315.5854491354649
directional_rate,train,37760,47,38795,7,13.452407051486315,1164.0,1008.2334989980781,326.8718317276221
directional_rate,train,38201,50,38201,18,83.06154404079231,6274.0,6574.417746664392,518.0783743750072
directional_rate,train,38411,49,38411,8,27.089438298597827,2217.0,2217.279446684003,346.2837059930258
directional_rate,train,39328,50,39659,27,21.419039907221233,2938.0,1699.6277719629416,316.69448792609876
directional_rate,train,40375,50,40375,17,22.636016404497504,1562.0,1797.0817774629068,304.05760512592656
directional_rate,train,40887,48,40498,3,27.848384078049996,3236.0,2290.417308913535,349.1570905987481
directional_rate,train,41339,50,41361,6,16.398344276265377,1219.0,1300.7641470562687,302.90378007128174
directional_rate,train,41939,49,41939,1,14.216739313080032,1365.0,1144.4184011105835,317.91205498535663
directional_rate,train,42174,50,42174,1,17.171174432444527,1376.0,1368.2277256812824,314.4716959713168
directional_rate,train,42734,50,42734,4,14.750271017597601,1262.0,1179.5207822437987,308.1670857567575
directional_rate,train,43149,49,43149,1,14.151419329314304,1908.0,1138.4956442583739,316.0474740365795
directional_rate,train,43296,48,43296,49,37.051005630192414,3256.0,3047.2293449066406,382.54936915046267
directional_rate,train,43594,49,42407,5,15.878153642056166,1606.0,1286.843141488706,314.5666817368105
directional_rate,train,43671,49,43671,1,24.479356661960658,1573.0,1963.9044608366025,345.4523416952771
directional_rate,train,43790,48,43423,18,35.87566830392618,4596.0,2951.2939571647394,422.54128963695354
directional_rate,train,44087,49,44087,1,11.770637907805682,1274.0,955.9327876357299,308.1322261527681
directional_rate,train,44298,50,44715,263,89.16614688795394,7616.0,6850.667117887886,423.93340098186576
directional_rate,train,44807,55,44807,1,65.58431698067287,4982.0,4986.569310645001,345.231864259107
directional_rate,train,45283,52,45283,1,48.842737842292564,3379.0,4013.7501040357724,432.95543679029
directional_rate,train,45898,52,46618,4,43.53113592296384,3381.0,3579.803065674936,469.045436197364
directional_rate,train,47582,52,47582,2,35.87566830392618,3995.0,2944.940780321521,493.14386873638546
directional_rate,train,48521,55,48521,1,16.85776517828977,1274.0,1292.6957456302575,337.4232509195191
directional_rate,train,49044,55,49044,5,30.775137359078713,1856.0,2278.0829628335837,309.2940186125733
directional_rate,train,49356,55,49356,12,34.07218616593571,2509.0,2589.883766478123,313.28346556085995
directional_rate,train,51104,59,51104,4,48.06179647259539,3394.0,3663.1411545866913,323.38259721904285
directional_rate,train,51251,59,51251,1,28.497056273411538,1525.0,2167.5398246249606,377.27004854305034
directional_rate,train,51564,59,51564,2,28.89348981559084,2075.0,2147.6158357690474,382.0251078916847
directional_rate,train,53630,61,53630,1,28.106062003343975,2097.0,2259.1598329083436,424.6800156515214
directional_rate,train,54646,61,54625,4,35.05903839326121,2743.0,2848.816673580487,424.4990745217247
directional_rate,train,61009,70,61009,2,50.605765651324454,3849.0,3821.7106472669984,339.60412880233366
directional_rate,train,61404,74,61404,1,23.593914430440503,2113.0,1791.834369709211,346.19432294652216
directional_rate,train,62351,72,62351,1,10.934526967309194,1157.0,884.6694539747726,314.25233585364964
directional_rate,train,62453,72,62836,5,13.765753865094156,923.0,1113.9900259313604,324.19635240162495
directional_rate,train,62589,72,62589,2,28.760736288630234,2601.0,2310.02891609807,367.3196722697331
directional_rate,train,64102,80,64192,11,32.41902878227876,2773.0,2567.11333551622,374.20334752012883
directional_rate,train,64725,80,64725,1,36.37474856426328,2622.0,2866.656762449082,366.3280713529415
directional_rate,train,65379,82,65375,2,53.358056184603406,3507.0,3977.1921016340975,347.1545673127529
directional_rate,train,66549,84,66549,2,30.394849687701146,2104.0,2383.8509759190893,384.5432889432187
directional_rate,train,67146,84,67146,1,32.41902878227876,2322.0,2518.4098174342153,385.7811485495358
directional_rate,train,67557,84,67557,2,24.819898435070957,1742.0,1939.2431610002088,318.45138894975054
directional_rate,train,67890,89,67890,1,17.897814394089608,1162.0,1352.722163034555,340.7581061086947
directional_rate,train,69094,89,69094,2,24.705861360384304,2362.0,1842.7501132156742,348.6628331478609
directional_rate,train,70264,94,70264,4,24.03255804933244,1656.0,1729.7101900469047,383.1187387384966
directional_rate,train,70676,93,70676,2,24.934461880978326,1247.0,1883.9654386327738,334.0938777220096
directional_rate,train,71121,94,71121,23,45.540731268325445,3392.0,3285.635833804607,323.82064934193477
directional_rate,train,72263,94,72263,2,20.644292320739922,1343.0,1487.717668721218,321.71205025749185
directional_rate,train,771919,13,771919,2,18.18025623774262,1532.0,1365.9886895578181,303.573981987276
directional_rate,validation,1037,2,1037,2,65.37323852287952,5107.0,4646.032161277872,360.3339969636861
directional_rate,validation,5222,6,5222,5,27.076966023304927,2093.0,1941.2489098120468,310.53516963671126
directional_rate,validation,5283,6,5283,4,71.15411150074344,5212.0,5113.554030054661,349.7655753914431
directional_rate,validation,6415,6,6415,5,60.9256259749656,4893.0,4348.069477704619,343.35323397496546
directional_rate,validation,7252,6,7252,6,68.07693586937411,5285.0,4877.491862188142,348.9703451625293
directional_rate,validation,11425,15,11425,3,52.504919867476204,4768.0,3705.107894211268,355.9861172259044
directional_rate,validation,12384,15,12429,51,69.40647689943378,3634.0,4884.413010883884,372.5663638310831
directional_rate,validation,14526,16,14526,1,17.897814394089608,1142.0,1391.7204816429582,331.34519308513507
directional_rate,validation,14695,16,14638,4,23.48551024058882,1328.0,1789.4431289507256,338.1870285501534
directional_rate,validation,15153,16,14765,8,15.588344677043889,1506.0,1224.9153106507583,313.2298796386777
directional_rate,validation,20338,31,20136,10,78.16278045883308,6007.0,5633.975363235609,398.45413242792773
directional_rate,validation,22555,34,22555,5,69.47043207498584,4929.0,5253.443530080385,353.56191822300036
directional_rate,validation,23304,33,23222,2,23.812226232768396,2105.0,1882.6093143729556,346.23571966789495
directional_rate,validation,24790,34,24790,3,64.68446641717226,4101.0,4890.281742406798,350.35628615277375
directional_rate,validation,25075,33,25067,5,27.466289924159614,2129.0,2140.3585303252144,400.40860005561393
directional_rate,validation,25646,38,25646,1,54.35005651294472,4077.0,4201.5863441550855,339.7636762511125
directional_rate,validation,27635,38,27635,2,31.376175101187464,2302.0,2443.4727700624862,314.4243813431874
directional_rate,validation,28424,38,28424,1,22.32543861616743,1812.0,1695.7091772129202,370.865928459406
directional_rate,validation,37930,51,37930,2,22.151339841371943,1514.0,1635.4843344392389,305.6674545377573
directional_rate,validation,38524,51,38524,5,24.366884234595855,1466.0,1791.7735948094462,363.73380675412403
directional_rate,validation,39158,51,39158,1,15.516722739072343,1357.0,1191.9253871480225,315.79009738316256
directional_rate,validation,40228,51,39241,5,14.282360800191839,976.0,1077.2209959191407,311.5874442667813
directional_rate,validation,40378,51,39791,7,29.89509927814587,1733.0,2171.413348186014,310.40930063907587
directional_rate,validation,42139,51,42139,3,22.740499508958955,2030.0,1655.9159895362568,343.49955997580446
directional_rate,validation,49353,54,49353,1,12.965820353826285,1081.0,1034.5965815234526,332.2052294043657
directional_rate,validation,53865,62,53932,12,29.10717118066605,1808.0,2316.64666596196,311.24260379303854
directional_rate,validation,62395,75,62395,1,61.461053471952326,4593.0,4487.678069102849,349.08047625156547
directional_rate,validation,62409,75,62409,2,27.5930685581751,2324.0,2023.1053309465588,403.13014502890866
directional_rate,validation,63620,76,63620,1,29.840081159302233,2422.0,2381.371804542033,347.19937947871387
directional_rate,validation,63972,83,63972,1,33.17416496945389,2598.0,2379.3550773509087,384.2607130271837
directional_rate,validation,67878,88,67883,4,31.82731482170786,2222.0,2434.7474401175364,367.45264575164964
directional_rate,validation,67882,88,67882,1,36.04126286491434,2577.0,2819.8362448274747,431.548858400939
directional_rate,validation,68020,88,68020,2,46.00446663934781,2731.0,3586.80503555442,576.7871304192593
directional_rate,validation,70090,88,70090,5,29.1608379852123,1444.0,2228.3571111702486,414.676187231446
directional_rate,validation,70258,95,70258,2,12.268741046383399,471.0,875.8312173509377,311.6942628083253
directional_rate,test,4224,7,4224,47,59.92389025834776,4984.0,4213.279827772901,339.06860313332146
directional_rate,test,5037,7,5098,32,63.09573444801933,3828.0,4433.77597708479,341.9939661307255
directional_rate,test,5324,5,5324,33,73.85841781207968,5221.0,5323.727444131578,380.05668330201866
directional_rate,test,5766,5,5663,7,22.019122114844762,1578.0,1607.2653972294306,308.94900649677135
directional_rate,test,6962,7,6962,53,60.14506519775487,4587.0,4224.956622129104,342.01714384211095
directional_rate,test,6983,5,6983,2,27.5930685581751,1387.0,2029.8938896462596,339.2425783235603
directional_rate,test,19476,25,19476,1,32.568668220166984,2744.0,2518.346800128355,441.1080243976241
directional_rate,test,20047,29,20047,1,26.230103243087683,2356.0,2048.6316868894323,335.60667123049757
directional_rate,test,25915,39,25915,2,22.532013356294826,1492.0,1646.894170536504,350.6446992871915
directional_rate,test,25955,39,25955,2,23.593914430440503,2284.0,1768.5854803575346,386.46259952879797
directional_rate,test,26939,39,26939,1,22.120757764641272,1721.0,1616.0940643367433,338.07733164112415
directional_rate,test,27765,39,27765,1,15.516722739072343,1474.0,1139.7896453875749,331.67608970682477
directional_rate,test,31586,41,31478,67,53.06400191947755,3337.0,4283.76551891924,340.29995343228774
directional_rate,test,33871,44,33871,6,47.07604832565828,3347.0,3838.433718181336,489.22642956834443
directional_rate,test,45657,53,45466,3,39.33688806732014,3256.0,3210.8733924760786,320.150505639623
directional_rate,test,46115,53,46247,9,32.71899836231789,3098.0,2660.115066838106,454.56344968608005
directional_rate,test,50558,58,50558,7,69.75896043328059,5075.0,5440.217930375932,359.81353751703944
directional_rate,test,51275,58,51233,5,25.870212734646053,1733.0,2062.976656669606,327.97894397485646
directional_rate,test,51787,58,51787,4,26.964973635434237,1912.0,2148.98517804116,382.1181688755276
directional_rate,test,53201,58,53247,3,19.534396563982572,1697.0,1554.3856926062076,364.51555753123927
directional_rate,test,66537,86,66537,1,60.478359188180086,4406.0,4368.283108184417,351.8049113989196
directional_rate,test,68434,91,68434,4,77.80365510398032,5584.0,5521.893510356172,398.3680577055504
directional_rate,test,68870,90,68870,1,24.705861360384304,1484.0,1786.901466956675,350.1164042877441
directional_rate,test,69342,90,69342,2,21.817249589882987,820.0,1566.6322488699436,332.73488975732886
directional_rate,test,71730,92,71730,1,38.976245309772,2861.0,2998.158667917858,363.9667398444445
endpoint_proxy,train,3455,3,3455,12,66.58861776861269,4677.0,5108.223395536243,354.5544246698888
endpoint_proxy,train,7584,11,7584,4,66.43546819760064,4744.0,4951.235162679601,352.7015151522725
endpoint_proxy,train,7889,9,7889,1,73.34998004015486,5078.0,5266.289844192472,398.3624691669408
endpoint_proxy,train,8160,10,8160,1,23.593914430440503,1466.0,1703.9252557838383,328.16860848585566
endpoint_proxy,train,8997,11,8997,2,44.60669020551353,3711.0,3272.7859602184085,323.642428962763
endpoint_proxy,train,9201,11,9201,15,76.20790100254106,5501.0,5873.543321798114,389.97935487990736
endpoint_proxy,train,9997,10,9997,8,83.98466611579151,6428.0,6360.7330257964,388.2387220000842
endpoint_proxy,train,10123,11,10123,2,10.587660331136965,432.0,780.0259461575531,305.44190704495065
endpoint_proxy,train,10175,9,9843,4,19.534396563982572,1373.0,1464.2261051565101,350.6934860343301
endpoint_proxy,train,10302,11,10302,7,52.57750822566941,4982.0,3983.4134095926656,358.8068188760639
endpoint_proxy,train,10959,11,10959,3,64.74407045688145,5091.0,4789.73138741459,365.0055865283727
endpoint_proxy,train,11420,13,11420,1,21.517905703397552,1488.0,1554.3834883214802,332.25097629433617
endpoint_proxy,train,11545,13,11545,2,52.74727156616839,3804.0,3866.28277753869,331.71307733355377
endpoint_proxy,train,11638,13,11638,3,36.88077172261549,2490.0,2737.638291326042,416.3251849834034
endpoint_proxy,train,12636,12,12651,3,20.174370856119253,1317.0,1500.5993469824837,303.85589423066494
endpoint_proxy,train,12825,12,12923,1,19.444644164481286,1214.0,1404.9658925153963,303.3837907216286
endpoint_proxy,train,12838,13,12838,8,22.84546488551827,1390.0,1743.4106902850442,332.81368305996597
endpoint_proxy,train,13505,13,13505,5,29.1608379852123,1669.0,2196.113542219178,398.3006697628604
endpoint_proxy,train,13738,13,13419,13,26.841080835452267,1558.0,2073.7694126328306,332.2359609488265
endpoint_proxy,train,13814,13,13814,7,50.04952959591683,3893.0,3793.0729201838835,334.3243421175383
endpoint_proxy,train,15406,17,15406,11,70.0809531646794,4640.0,5361.505835125713,362.313572313931
endpoint_proxy,train,15570,19,15570,6,62.08690342300644,4146.0,4679.31424840853,361.1220559568874
endpoint_proxy,train,16219,17,16219,5,61.376200516479365,4415.0,4603.98075381551,342.9819727441706
endpoint_proxy,train,16386,17,16386,3,51.07401503571944,3877.0,3784.662815886821,327.6118532410142
endpoint_proxy,train,19603,27,19603,1,67.5149577160642,4960.0,4850.650622300303,355.423855922021
endpoint_proxy,train,19622,27,19622,1,55.76991723756762,4056.0,4012.3323739421794,346.0837528194126
endpoint_proxy,train,21293,28,21293,1,13.514500541175595,1255.0,977.1791860112708,313.16774452351103
endpoint_proxy,train,23313,35,23313,1,12.78792262935846,1143.0,924.7238576867995,322.7602435175185
endpoint_proxy,train,24848,32,24848,1,93.19658525658426,6766.0,6675.856603946333,664.6218421429531
endpoint_proxy,train,25144,35,25144,4,69.40647689943378,5066.0,5170.798277153484,376.01210055257735
endpoint_proxy,train,26601,37,26601,1,39.5184588928437,2927.0,2848.5819645377674,397.7342929210391
endpoint_proxy,train,26981,36,26981,3,24.254928571094204,2648.0,1803.2127247167925,359.8384094162104
endpoint_proxy,train,27762,37,27762,1,22.428488158692854,2261.0,1619.9848362623081,349.12246526456454
endpoint_proxy,train,28576,37,28576,1,12.382262309589926,1257.0,895.4332223481089,317.16888406710376
endpoint_proxy,train,28806,37,28806,4,36.542646775065236,2911.0,2733.3568404799275,480.9620327001948
endpoint_proxy,train,28845,36,28845,4,36.04126286491434,2893.0,2696.019901691476,396.7092739801952
endpoint_proxy,train,29597,40,29311,2,21.517905703397552,1960.0,1583.1788099536084,330.2861658529477
endpoint_proxy,train,29730,42,29814,3,22.636016404497504,1670.0,1683.1906589213743,318.921661770032
endpoint_proxy,train,29822,43,29822,10,89.4128627502953,7176.0,6807.143928957744,429.20733647583216
endpoint_proxy,train,30099,42,30083,6,34.103582265334964,1714.0,2579.1831821910705,367.861439176099
endpoint_proxy,train,30440,42,30445,2,23.92213847512053,1474.0,1759.5557844675036,357.211922899449
endpoint_proxy,train,30671,40,30671,4,43.93392456444762,3079.0,3283.2401604072647,394.15712263217085
endpoint_proxy,train,30949,40,30308,14,35.87566830392618,3111.0,2774.0386480448374,437.11755526324265
endpoint_proxy,train,32512,43,32495,2,57.86287388179515,3343.0,4238.655193322931,345.10870307597617
endpoint_proxy,train,32543,43,32543,1,16.025072388814195,917.0,1158.3599069922864,326.07968571037634
endpoint_proxy,train,33371,46,33371,1,33.63566357483622,1837.0,2426.227560420231,318.08338297016235
endpoint_proxy,train,33615,46,33615,1,25.633033198658953,1534.0,1850.737951922516,382.8877161718806
endpoint_proxy,train,34160,45,34160,2,20.739582044538317,1728.0,1526.0581879818862,325.45581688613015
endpoint_proxy,train,34415,46,34415,1,20.361042011319707,978.0,1471.0187347640667,358.33886819121074
endpoint_proxy,train,34433,46,34426,8,22.95091476024225,1588.0,1751.4346280916232,320.4326309472392
endpoint_proxy,train,34566,47,34566,4,22.32543861616743,1856.0,1672.8536510324814,344.33402818038473
endpoint_proxy,train,34778,46,34778,2,27.34009378505607,1615.0,2010.1240954906013,323.08818227730336
endpoint_proxy,train,36487,46,36487,121,85.58546212208236,6568.0,6959.943964212187,441.0286040177302
endpoint_proxy,train,36918,45,37061,8,28.760736288630234,2023.0,2193.1906999274743,411.58123728145506
endpoint_proxy,train,37235,47,37235,2,12.612465753175393,1190.0,928.9696443726002,309.6958594151576
endpoint_proxy,train,37339,46,37339,1,19.17785364482655,1506.0,1385.7332465377108,355.64545726288793
endpoint_proxy,train,37618,47,37618,1,10.204694319421995,863.0,738.1536371967632,314.7018117442293
endpoint_proxy,train,37760,47,38795,7,13.452407051486315,1164.0,1024.1843765404462,327.69116157066753
endpoint_proxy,train,38201,50,38201,18,83.06154404079231,6274.0,6427.039411567513,510.4656298159031
endpoint_proxy,train,38411,49,38411,8,27.089438298597827,2217.0,2066.177546780038,340.56900458643685
endpoint_proxy,train,39328,50,39659,27,21.419039907221233,2938.0,1688.3609378895305,316.48022127618344
endpoint_proxy,train,40375,50,40375,17,22.636016404497504,1562.0,1762.2912923112249,303.9034614039891
endpoint_proxy,train,40887,48,40498,3,27.848384078049996,3236.0,2069.452974130908,340.6896328166502
endpoint_proxy,train,41339,50,41361,6,16.398344276265377,1219.0,1242.91929639615,302.6528704434233
endpoint_proxy,train,41939,49,41939,1,14.216739313080032,1365.0,1027.8686847124434,314.53444903396377
endpoint_proxy,train,42174,50,42174,1,17.171174432444527,1376.0,1241.0346644586343,311.9600041892256
endpoint_proxy,train,42734,50,42734,4,14.750271017597601,1262.0,1106.2827028865327,307.19757188145036
endpoint_proxy,train,43149,49,43149,1,14.151419329314304,1908.0,1023.1540702613802,313.0293959962071
endpoint_proxy,train,43296,48,43296,49,37.051005630192414,3256.0,2960.901648210105,378.4332097424536
endpoint_proxy,train,43594,49,42407,5,15.878153642056166,1606.0,1197.7692798356356,312.6628295571436
endpoint_proxy,train,43671,49,43671,1,24.479356661960658,1573.0,1767.6841506868136,337.3174988603854
endpoint_proxy,train,43790,48,43423,18,35.87566830392618,4596.0,2792.525264821268,411.4752558281384
endpoint_proxy,train,44087,49,44087,1,11.770637907805682,1274.0,851.2656061441994,306.46881585492946
endpoint_proxy,train,44298,50,44715,263,89.16614688795394,7616.0,7396.903210388782,440.9299996809952
endpoint_proxy,train,44807,55,44807,1,65.58431698067287,4982.0,4713.004681375933,340.72484735814214
endpoint_proxy,train,45283,52,45283,1,48.842737842292564,3379.0,3516.823907435344,406.1207220410263
endpoint_proxy,train,45898,52,46618,4,43.53113592296384,3381.0,3253.299642223688,444.39159433142544
endpoint_proxy,train,47582,52,47582,2,35.87566830392618,3995.0,2634.9619032452874,461.2619031547886
endpoint_proxy,train,48521,55,48521,1,16.85776517828977,1274.0,1218.428946862053,333.4628085463068
endpoint_proxy,train,49044,55,49044,5,30.775137359078713,1856.0,2317.223005692033,309.6099147250653
endpoint_proxy,train,49356,55,49356,12,34.07218616593571,2509.0,2624.473772180885,313.6313890997597
endpoint_proxy,train,51104,59,51104,4,48.06179647259539,3394.0,3589.909149169695,322.4943853549672
endpoint_proxy,train,51251,59,51251,1,28.497056273411538,1525.0,2056.822364100641,370.3241986516026
endpoint_proxy,train,51564,59,51564,2,28.89348981559084,2075.0,2123.9343665255883,380.42143186975653
endpoint_proxy,train,53630,61,53630,1,28.106062003343975,2097.0,2028.696115254384,403.6259569083399
endpoint_proxy,train,54646,61,54625,4,35.05903839326121,2743.0,2622.8625986051893,408.06216495622476
endpoint_proxy,train,61009,70,61009,2,50.605765651324454,3849.0,3710.2654179536917,337.4666161993466
endpoint_proxy,train,61404,74,61404,1,23.593914430440503,2113.0,1703.9252557838383,342.0543184045764
endpoint_proxy,train,62351,72,62351,1,10.934526967309194,1157.0,790.876532177024,311.4462879888658
endpoint_proxy,train,62453,72,62836,5,13.765753865094156,923.0,1038.6946448346152,321.1446044771457
endpoint_proxy,train,62589,72,62589,2,28.760736288630234,2601.0,2114.2097836856174,357.2874796057575
endpoint_proxy,train,64102,80,64192,11,32.41902878227876,2773.0,2491.9194139420647,370.34017217822793
endpoint_proxy,train,64725,80,64725,1,36.37474856426328,2622.0,2622.9525026752863,356.4133136154857
endpoint_proxy,train,65379,82,65375,2,53.358056184603406,3507.0,3910.7663995730777,345.7047317078398
endpoint_proxy,train,66549,84,66549,2,30.394849687701146,2104.0,2233.89171464362,375.2948417472643
endpoint_proxy,train,67146,84,67146,1,32.41902878227876,2322.0,2338.806385815551,375.1870955045258
endpoint_proxy,train,67557,84,67557,2,24.819898435070957,1742.0,1825.3900765112571,316.4087209011821
endpoint_proxy,train,67890,89,67890,1,17.897814394089608,1162.0,1293.4395621936114,337.46385184741075
endpoint_proxy,train,69094,89,69094,2,24.705861360384304,2362.0,1817.0283324052696,347.40940765867856
endpoint_proxy,train,70264,94,70264,4,24.03255804933244,1656.0,1800.3883431846311,389.2309230720469
endpoint_proxy,train,70676,93,70676,2,24.934461880978326,1247.0,1833.7901846693405,332.3941767374445
endpoint_proxy,train,71121,94,71121,23,45.540731268325445,3392.0,3563.4607793762516,327.8161016648299
endpoint_proxy,train,72263,94,72263,2,20.644292320739922,1343.0,1519.0642024331485,322.60195903877633
endpoint_proxy,train,771919,13,771919,2,18.18025623774262,1532.0,1338.155063356968,303.43094518304423
endpoint_proxy,validation,1037,2,1037,2,65.37323852287952,5107.0,4784.532707180812,363.6380859882825
endpoint_proxy,validation,5222,6,5222,5,27.076966023304927,2093.0,2039.7040331290884,311.6067814518959
endpoint_proxy,validation,5283,6,5283,4,71.15411150074344,5212.0,5299.87917439158,353.14985017535844
endpoint_proxy,validation,6415,6,6415,5,60.9256259749656,4893.0,4570.433264871759,347.55612047592854
endpoint_proxy,validation,7252,6,7252,6,68.07693586937411,5285.0,5127.008256669182,353.67660813078425
endpoint_proxy,validation,11425,15,11425,3,52.504919867476204,4768.0,3890.021516653732,361.1915544477177
endpoint_proxy,validation,12384,15,12429,51,69.40647689943378,3634.0,5529.111051676567,390.3995588127871
endpoint_proxy,validation,14526,16,14526,1,17.897814394089608,1142.0,1293.4395621936114,327.2595915821635
endpoint_proxy,validation,14695,16,14638,4,23.48551024058882,1328.0,1759.5255864600863,336.9936134827089
endpoint_proxy,validation,15153,16,14765,8,15.588344677043889,1506.0,1190.6874673259138,312.51680973015874
endpoint_proxy,validation,20338,31,20136,10,78.16278045883308,6007.0,5958.877167176269,408.46866842202377
endpoint_proxy,validation,22555,34,22555,5,69.47043207498584,4929.0,5206.01732839989,352.67834968900235
endpoint_proxy,validation,23304,33,23222,2,23.812226232768396,2105.0,1751.4947476953328,340.4017398278241
endpoint_proxy,validation,24790,34,24790,3,64.68446641717226,4101.0,4785.356191913954,348.3816182568441
endpoint_proxy,validation,25075,33,25067,5,27.466289924159614,2129.0,2068.9316925146804,394.6224634011559
endpoint_proxy,validation,25646,38,25646,1,54.35005651294472,4077.0,3910.8332843495223,334.7550144050287
endpoint_proxy,validation,27635,38,27635,2,31.376175101187464,2302.0,2305.741047475005,312.8821931384947
endpoint_proxy,validation,28424,38,28424,1,22.32543861616743,1812.0,1612.5615217972952,364.6988720428419
endpoint_proxy,validation,37930,51,37930,2,22.151339841371943,1514.0,1629.6581448426277,305.6276251640876
endpoint_proxy,validation,38524,51,38524,5,24.366884234595855,1466.0,1836.172477820153,366.63091834940826
endpoint_proxy,validation,39158,51,39158,1,15.516722739072343,1357.0,1121.6825569764267,314.0272428229923
endpoint_proxy,validation,40228,51,39241,5,14.282360800191839,976.0,1077.6055612660198,311.5955507035675
endpoint_proxy,validation,40378,51,39791,7,29.89509927814587,1733.0,2271.3317060159925,311.367750557068
endpoint_proxy,validation,42139,51,42139,3,22.740499508958955,2030.0,1690.9382069612095,345.23203527603084
endpoint_proxy,validation,49353,54,49353,1,12.965820353826285,1081.0,937.5680359149314,326.68916939963304
endpoint_proxy,validation,53865,62,53932,12,29.10717118066605,1808.0,2243.4460668064203,310.5576988210613
endpoint_proxy,validation,62395,75,62395,1,61.461053471952326,4593.0,4418.829294761652,347.6981342520155
endpoint_proxy,validation,62409,75,62409,2,27.5930685581751,2324.0,2028.6613135311848,403.62286825618537
endpoint_proxy,validation,63620,76,63620,1,29.840081159302233,2422.0,2153.413301932559,339.11293490570245
endpoint_proxy,validation,63972,83,63972,1,33.17416496945389,2598.0,2393.069576810916,385.12369320954787
endpoint_proxy,validation,67878,88,67883,4,31.82731482170786,2222.0,2382.035850192042,364.8294858004023
endpoint_proxy,validation,67882,88,67882,1,36.04126286491434,2577.0,2599.0078749562003,414.5004485509124
endpoint_proxy,validation,68020,88,68020,2,46.00446663934781,2731.0,3374.773850672335,552.2558136799848
endpoint_proxy,validation,70090,88,70090,5,29.1608379852123,1444.0,2196.113542219178,411.8374974850641
endpoint_proxy,validation,70258,95,70258,2,12.268741046383399,471.0,903.690606723825,312.4338814235416
endpoint_proxy,test,4224,7,4224,47,59.92389025834776,4984.0,4769.282370690048,349.1920960613294
endpoint_proxy,test,5037,7,5098,32,63.09573444801933,3828.0,4969.107909210384,351.85980545460404
endpoint_proxy,test,5324,5,5324,33,73.85841781207968,5221.0,5813.454208369083,393.47117652672375
endpoint_proxy,test,5766,5,5663,7,22.019122114844762,1578.0,1674.5938826378765,309.7003427973371
endpoint_proxy,test,6962,7,6962,53,60.14506519775487,4587.0,4801.922911296826,353.245323603649
endpoint_proxy,test,6983,5,6983,2,27.5930685581751,1387.0,2028.6613135311848,339.19783724223873
endpoint_proxy,test,19476,25,19476,1,32.568668220166984,2744.0,2349.560066601784,425.5327931079094
endpoint_proxy,test,20047,29,20047,1,26.230103243087683,2356.0,1893.7124249071915,330.67838264400024
endpoint_proxy,test,25915,39,25915,2,22.532013356294826,1492.0,1657.5872990640846,351.2546465127294
endpoint_proxy,test,25955,39,25955,2,23.593914430440503,2284.0,1735.4829798601052,383.61245563423387
endpoint_proxy,test,26939,39,26939,1,22.120757764641272,1721.0,1597.8165179037976,337.27029012065805
endpoint_proxy,test,27765,39,27765,1,15.516722739072343,1474.0,1121.6825569764267,330.72571079184905
endpoint_proxy,test,31586,41,31478,67,53.06400191947755,3337.0,4266.766750272189,340.0015716581418
endpoint_proxy,test,33871,44,33871,6,47.07604832565828,3347.0,3554.5452603719273,467.10386338248577
endpoint_proxy,test,45657,53,45466,3,39.33688806732014,3256.0,2919.0805256687895,316.7618536740284
endpoint_proxy,test,46115,53,46247,9,32.71899836231789,3098.0,2501.572994059961,439.53779951738187
endpoint_proxy,test,50558,58,50558,7,69.75896043328059,5075.0,5273.964047254189,356.5249621153951
endpoint_proxy,test,51275,58,51233,5,25.870212734646053,1733.0,1949.091742692778,325.0995004638101
endpoint_proxy,test,51787,58,51787,4,26.964973635434237,1912.0,2019.3368618661966,373.4708317519132
endpoint_proxy,test,53201,58,53247,3,19.534396563982572,1697.0,1453.1115444010209,357.0428102478725
endpoint_proxy,test,66537,86,66537,1,60.478359188180086,4406.0,4348.677324835768,351.37782039358046
endpoint_proxy,test,68434,91,68434,4,77.80365510398032,5584.0,5790.52712043125,406.7918164075604
endpoint_proxy,test,68870,90,68870,1,24.705861360384304,1484.0,1783.992140871089,349.96542448706276
endpoint_proxy,test,69342,90,69342,2,21.817249589882987,820.0,1605.1445783446957,334.27626034288124
endpoint_proxy,test,71730,92,71730,1,38.976245309772,2861.0,2809.678266187617,356.82272095545574
bulk_velocity,train,3455,3,3455,12,66.58861776861269,4677.0,4742.473109622287,352.6928748137003
bulk_velocity,train,7584,11,7584,4,66.43546819760064,4744.0,4722.8709041343955,353.6768911728238
bulk_velocity,train,7889,9,7889,1,73.34998004015486,5078.0,5362.472357843453,406.60026909355156
bulk_velocity,train,8160,10,8160,1,23.593914430440503,1466.0,1556.4270156466318,330.7924272142905
bulk_velocity,train,8997,11,8997,2,44.60669020551353,3711.0,3086.555160168387,324.96009413683066
bulk_velocity,train,9201,11,9201,15,76.20790100254106,5501.0,5440.684798971187,386.14578014863486
bulk_velocity,train,9997,10,9997,8,83.98466611579151,6428.0,6112.536984353339,386.9705940833999
bulk_velocity,train,10123,11,10123,2,10.587660331136965,432.0,516.957213342057,305.7570174937739
bulk_velocity,train,10175,9,9843,4,19.534396563982572,1373.0,1325.304686386639,351.6448944447663
bulk_velocity,train,10302,11,10302,7,52.57750822566941,4982.0,3687.4761026588517,358.2991678346049
bulk_velocity,train,10959,11,10959,3,64.74407045688145,5091.0,4588.6962045715645,367.1015137321114
bulk_velocity,train,11420,13,11420,1,21.517905703397552,1488.0,1507.8592294804034,335.2375119011847
bulk_velocity,train,11545,13,11545,2,52.74727156616839,3804.0,3843.9690392323396,333.4553972398246
bulk_velocity,train,11638,13,11638,3,36.88077172261549,2490.0,2669.903571535905,419.88596060482865
bulk_velocity,train,12636,12,12651,3,20.174370856119253,1317.0,1520.1773944049048,303.99333875195373
bulk_velocity,train,12825,12,12923,1,19.444644164481286,1214.0,1443.6126685207219,303.71275286309907
bulk_velocity,train,12838,13,12838,8,22.84546488551827,1390.0,1644.3330302470763,332.3009616668939
bulk_velocity,train,13505,13,13505,5,29.1608379852123,1669.0,2111.8452391981905,399.0133292962084
bulk_velocity,train,13738,13,13419,13,26.841080835452267,1558.0,1954.1529689800352,330.96758823554154
bulk_velocity,train,13814,13,13814,7,50.04952959591683,3893.0,3619.956225794628,334.0180488197997
bulk_velocity,train,15406,17,15406,11,70.0809531646794,4640.0,5142.10940616826,360.4602884846428
bulk_velocity,train,15570,19,15570,6,62.08690342300644,4146.0,4420.488654062456,361.0461611328845
bulk_velocity,train,16219,17,16219,5,61.376200516479365,4415.0,4495.1401673001765,343.3127476062386
bulk_velocity,train,16386,17,16386,3,51.07401503571944,3877.0,3733.6269733493073,328.55235632275907
bulk_velocity,train,19603,27,19603,1,67.5149577160642,4960.0,4907.937289527294,360.3299321466564
bulk_velocity,train,19622,27,19622,1,55.76991723756762,4056.0,3973.473343958728,350.22886774559834
bulk_velocity,train,21293,28,21293,1,13.514500541175595,1255.0,1180.2609454954365,314.4280360315776
bulk_velocity,train,23313,35,23313,1,12.78792262935846,1143.0,788.615300956011,324.9045569024704
bulk_velocity,train,24848,32,24848,1,93.19658525658426,6766.0,7206.543897645007,689.5779346695281
bulk_velocity,train,25144,35,25144,4,69.40647689943378,5066.0,5077.515967595068,377.37727359109135
bulk_velocity,train,26601,37,26601,1,39.5184588928437,2927.0,3132.738960084703,405.99196235599584
bulk_velocity,train,26981,36,26981,3,24.254928571094204,2648.0,2009.1830552143797,361.79961392903596
bulk_velocity,train,27762,37,27762,1,22.428488158692854,2261.0,1792.375441274529,353.5578205825191
bulk_velocity,train,28576,37,28576,1,12.382262309589926,1257.0,1122.4723980097742,318.80154077364915
bulk_velocity,train,28806,37,28806,4,36.542646775065236,2911.0,2943.83361158946,483.9167418110619
bulk_velocity,train,28845,36,28845,4,36.04126286491434,2893.0,2924.9084201957426,398.41891767054676
bulk_velocity,train,29597,40,29311,2,21.517905703397552,1960.0,1872.537548507092,331.9664605356865
bulk_velocity,train,29730,42,29814,3,22.636016404497504,1670.0,1803.5079015294718,319.57936867404885
bulk_velocity,train,29822,43,29822,10,89.4128627502953,7176.0,6653.487526117695,426.1771838228273
bulk_velocity,train,30099,42,30083,6,34.103582265334964,1714.0,2593.5152596383487,367.77731668243
bulk_velocity,train,30440,42,30445,2,23.92213847512053,1474.0,1838.1152039157387,360.2650890483578
bulk_velocity,train,30671,40,30671,4,43.93392456444762,3079.0,3544.762352735006,395.8231727489788
bulk_velocity,train,30949,40,30308,14,35.87566830392618,3111.0,2932.437337593145,431.8935435487311
bulk_velocity,train,32512,43,32495,2,57.86287388179515,3343.0,4210.2378029460615,347.53615812419855
bulk_velocity,train,32543,43,32543,1,16.025072388814195,917.0,1201.37075799362,328.52164289027667
bulk_velocity,train,33371,46,33371,1,33.63566357483622,1837.0,2557.4226494532163,319.7912447939277
bulk_velocity,train,33615,46,33615,1,25.633033198658953,1534.0,1991.8679450172215,390.03975903930063
bulk_velocity,train,34160,45,34160,2,20.739582044538317,1728.0,1795.7796637559427,326.8788821002235
bulk_velocity,train,34415,46,34415,1,20.361042011319707,978.0,1608.616918368178,363.5417987215424
bulk_velocity,train,34433,46,34426,8,22.95091476024225,1588.0,1803.6437211883876,320.1076122143069
bulk_velocity,train,34566,47,34566,4,22.32543861616743,1856.0,1574.384428146234,345.17270394170293
bulk_velocity,train,34778,46,34778,2,27.34009378505607,1615.0,2200.4270991411195,324.3815352733573
bulk_velocity,train,36487,46,36487,121,85.58546212208236,6568.0,6499.116388939338,423.4118353836551
bulk_velocity,train,36918,45,37061,8,28.760736288630234,2023.0,2422.437986525111,409.99639078447353
bulk_velocity,train,37235,47,37235,2,12.612465753175393,1190.0,950.6591339812213,310.2529719751104
bulk_velocity,train,37339,46,37339,1,19.17785364482655,1506.0,1612.9285178696853,360.62805398051614
bulk_velocity,train,37618,47,37618,1,10.204694319421995,863.0,683.019374195087,316.1064526198453
bulk_velocity,train,37760,47,38795,7,13.452407051486315,1164.0,949.941079195501,327.43948671376467
bulk_velocity,train,38201,50,38201,18,83.06154404079231,6274.0,6398.158911162039,500.87913468719023
bulk_velocity,train,38411,49,38411,8,27.089438298597827,2217.0,2303.929238231628,339.9425038052928
bulk_velocity,train,39328,50,39659,27,21.419039907221233,2938.0,1761.4777199562534,315.23178196771386
bulk_velocity,train,40375,50,40375,17,22.636016404497504,1562.0,1856.7418302821038,303.6908590595126
bulk_velocity,train,40887,48,40498,3,27.848384078049996,3236.0,2381.8345248905534,342.05708037431293
bulk_velocity,train,41339,50,41361,6,16.398344276265377,1219.0,1380.4186906395562,302.6492483166333
bulk_velocity,train,41939,49,41939,1,14.216739313080032,1365.0,1268.236931667514,315.92207470139743
bulk_velocity,train,42174,50,42174,1,17.171174432444527,1376.0,1456.4493455880843,313.1060054933963
bulk_velocity,train,42734,50,42734,4,14.750271017597601,1262.0,1285.8382618329356,307.3418061656585
bulk_velocity,train,43149,49,43149,1,14.151419329314304,1908.0,1262.7389218897524,314.2765384714091
bulk_velocity,train,43296,48,43296,49,37.051005630192414,3256.0,3081.346381558559,370.91975269242926
bulk_velocity,train,43594,49,42407,5,15.878153642056166,1606.0,1421.381144761391,312.7658467532483
bulk_velocity,train,43671,49,43671,1,24.479356661960658,1573.0,2038.390119330928,340.74402853491034
bulk_velocity,train,43790,48,43423,18,35.87566830392618,4596.0,2993.7349202304135,405.8995027386845
bulk_velocity,train,44087,49,44087,1,11.770637907805682,1274.0,1116.7575133615815,307.0954682405559
bulk_velocity,train,44298,50,44715,263,89.16614688795394,7616.0,6753.122956275238,419.15771322814027
bulk_velocity,train,44807,55,44807,1,65.58431698067287,4982.0,4948.760615697008,344.4081324027233
bulk_velocity,train,45283,52,45283,1,48.842737842292564,3379.0,3971.286937767367,414.9824106860291
bulk_velocity,train,45898,52,46618,4,43.53113592296384,3381.0,3573.4667317891217,446.82042836129745
bulk_velocity,train,47582,52,47582,2,35.87566830392618,3995.0,2990.1658490651776,468.9280366428709
bulk_velocity,train,48521,55,48521,1,16.85776517828977,1274.0,1301.4071610234312,336.5594110419016
bulk_velocity,train,49044,55,49044,5,30.775137359078713,1856.0,2228.6499980317694,309.68818791957943
bulk_velocity,train,49356,55,49356,12,34.07218616593571,2509.0,2576.566318977416,313.13555528055537
bulk_velocity,train,51104,59,51104,4,48.06179647259539,3394.0,3646.6026637595237,322.9308271008856
bulk_velocity,train,51251,59,51251,1,28.497056273411538,1525.0,2159.3472587542806,376.4844450333407
bulk_velocity,train,51564,59,51564,2,28.89348981559084,2075.0,2103.980481837719,384.58356078442415
bulk_velocity,train,53630,61,53630,1,28.106062003343975,2097.0,2337.0345800247205,412.3475249136143
bulk_velocity,train,54646,61,54625,4,35.05903839326121,2743.0,2903.9943585173196,409.9497749863143
bulk_velocity,train,61009,70,61009,2,50.605765651324454,3849.0,3824.0765740553993,339.50861013363027
bulk_velocity,train,61404,74,61404,1,23.593914430440503,2113.0,1802.274839097458,345.88945964549737
bulk_velocity,train,62351,72,62351,1,10.934526967309194,1157.0,1054.5119216011988,312.5457752146385
bulk_velocity,train,62453,72,62836,5,13.765753865094156,923.0,1269.5652582921396,321.3144720480823
bulk_velocity,train,62589,72,62589,2,28.760736288630234,2601.0,2386.7321636991874,360.34071211040254
bulk_velocity,train,64102,80,64192,11,32.41902878227876,2773.0,2614.182646883981,368.24970114821946
bulk_velocity,train,64725,80,64725,1,36.37474856426328,2622.0,2896.3183935861844,361.437789527565
bulk_velocity,train,65379,82,65375,2,53.358056184603406,3507.0,3984.5304272353237,348.16484330844384
bulk_velocity,train,66549,84,66549,2,30.394849687701146,2104.0,2423.183973728361,379.2146300653742
bulk_velocity,train,67146,84,67146,1,32.41902878227876,2322.0,2542.538956531946,381.7261367534117
bulk_velocity,train,67557,84,67557,2,24.819898435070957,1742.0,1984.8246168085354,317.3383225573637
bulk_velocity,train,67890,89,67890,1,17.897814394089608,1162.0,1344.1267518114153,340.9087493887002
bulk_velocity,train,69094,89,69094,2,24.705861360384304,2362.0,1811.0450501488572,349.97303084774603
bulk_velocity,train,70264,94,70264,4,24.03255804933244,1656.0,1627.4618223918935,390.8262687354692
bulk_velocity,train,70676,93,70676,2,24.934461880978326,1247.0,1869.4481354810532,334.18420764623494
bulk_velocity,train,71121,94,71121,23,45.540731268325445,3392.0,3261.994046881205,325.9627922281272
bulk_velocity,train,72263,94,72263,2,20.644292320739922,1343.0,1370.0020394941928,323.87115319537014
bulk_velocity,train,771919,13,771919,2,18.18025623774262,1532.0,1309.577840960405,303.6299205374383
bulk_velocity,validation,1037,2,1037,2,65.37323852287952,5107.0,4693.216579080068,366.97200612800043
bulk_velocity,validation,5222,6,5222,5,27.076966023304927,2093.0,1826.2280202795691,311.70110403162266
bulk_velocity,validation,5283,6,5283,4,71.15411150074344,5212.0,5158.521406648693,354.1318590981121
bulk_velocity,validation,6415,6,6415,5,60.9256259749656,4893.0,4362.546677278732,347.91987274090434
bulk_velocity,validation,7252,6,7252,6,68.07693586937411,5285.0,4912.444258533429,353.60941625872624
bulk_velocity,validation,11425,15,11425,3,52.504919867476204,4768.0,3680.869135019697,363.17991293035004
bulk_velocity,validation,12384,15,12429,51,69.40647689943378,3634.0,4941.140313635589,381.75992744092923
bulk_velocity,validation,14526,16,14526,1,17.897814394089608,1142.0,1411.381675053157,329.8060378929743
bulk_velocity,validation,14695,16,14638,4,23.48551024058882,1328.0,1757.7231975379925,337.70044308033084
bulk_velocity,validation,15153,16,14765,8,15.588344677043889,1506.0,1274.914843597834,312.3149399780382
bulk_velocity,validation,20338,31,20136,10,78.16278045883308,6007.0,5677.980997720615,405.8660157618915
bulk_velocity,validation,22555,34,22555,5,69.47043207498584,4929.0,5191.379599207261,353.0777538701656
bulk_velocity,validation,23304,33,23222,2,23.812226232768396,2105.0,1909.4909665778434,342.6087460025137
bulk_velocity,validation,24790,34,24790,3,64.68446641717226,4101.0,4834.426269435908,349.9760799884165
bulk_velocity,validation,25075,33,25067,5,27.466289924159614,2129.0,2133.6813842710776,395.31150433874194
bulk_velocity,validation,25646,38,25646,1,54.35005651294472,4077.0,4137.6569922839035,337.93526941492
bulk_velocity,validation,27635,38,27635,2,31.376175101187464,2302.0,2431.23184516896,313.6150362367682
bulk_velocity,validation,28424,38,28424,1,22.32543861616743,1812.0,1657.9677987439843,370.41703465527416
bulk_velocity,validation,37930,51,37930,2,22.151339841371943,1514.0,1558.277103410771,305.95243999451105
bulk_velocity,validation,38524,51,38524,5,24.366884234595855,1466.0,1712.5111090019245,367.13260025047646
bulk_velocity,validation,39158,51,39158,1,15.516722739072343,1357.0,1196.0234954949526,315.3671543920449
bulk_velocity,validation,40228,51,39241,5,14.282360800191839,976.0,1037.673035342292,311.6900821536119
bulk_velocity,validation,40378,51,39791,7,29.89509927814587,1733.0,2088.8859770130016,311.26229425732777
bulk_velocity,validation,42139,51,42139,3,22.740499508958955,2030.0,1555.8119900569798,346.7444069055509
bulk_velocity,validation,49353,54,49353,1,12.965820353826285,1081.0,1151.6937731554942,329.18770759855425
bulk_velocity,validation,53865,62,53932,12,29.10717118066605,1808.0,2377.8259893889776,310.1714137093857
bulk_velocity,validation,62395,75,62395,1,61.461053471952326,4593.0,4513.273280096694,351.9726665969311
bulk_velocity,validation,62409,75,62409,2,27.5930685581751,2324.0,1971.3497776243178,408.8463329589056
bulk_velocity,validation,63620,76,63620,1,29.840081159302233,2422.0,2444.9428472586646,342.6898710905245
bulk_velocity,validation,63972,83,63972,1,33.17416496945389,2598.0,2304.8027599699444,392.4350399429961
bulk_velocity,validation,67878,88,67883,4,31.82731482170786,2222.0,2442.981809490976,366.0205192251633
bulk_velocity,validation,67882,88,67882,1,36.04126286491434,2577.0,2838.629280229706,424.0044419602054
bulk_velocity,validation,68020,88,68020,2,46.00446663934781,2731.0,3579.3454888797696,563.4213913278692
bulk_velocity,validation,70090,88,70090,5,29.1608379852123,1444.0,2231.32203104879,412.6367863102822
bulk_velocity,validation,70258,95,70258,2,12.268741046383399,471.0,702.5324671443433,313.14512890413056
bulk_velocity,test,4224,7,4224,47,59.92389025834776,4984.0,4237.668539677748,344.43618523312733
bulk_velocity,test,5037,7,5098,32,63.09573444801933,3828.0,4472.688687828882,347.75122113820424
bulk_velocity,test,5324,5,5324,33,73.85841781207968,5221.0,5372.068103723788,386.29839438191567
bulk_velocity,test,5766,5,5663,7,22.019122114844762,1578.0,1506.5076592913572,309.6099451974732
bulk_velocity,test,6962,7,6962,53,60.14506519775487,4587.0,4246.484019344701,347.8421943999338
bulk_velocity,test,6983,5,6983,2,27.5930685581751,1387.0,1955.1095594860792,341.3408000369733
bulk_velocity,test,19476,25,19476,1,32.568668220166984,2744.0,2491.1313942127626,435.8413756598794
bulk_velocity,test,20047,29,20047,1,26.230103243087683,2356.0,2048.061405743374,333.5228766897916
bulk_velocity,test,25915,39,25915,2,22.532013356294826,1492.0,1541.3802591267927,354.0129825495578
bulk_velocity,test,25955,39,25955,2,23.593914430440503,2284.0,1705.0631596217274,387.92887601285923
bulk_velocity,test,26939,39,26939,1,22.120757764641272,1721.0,1510.122522422036,340.6947510981765
bulk_velocity,test,27765,39,27765,1,15.516722739072343,1474.0,1027.1914073387045,333.5820658488788
bulk_velocity,test,31586,41,31478,67,53.06400191947755,3337.0,4208.428151086653,335.4550554673275
bulk_velocity,test,33871,44,33871,6,47.07604832565828,3347.0,3797.6122470000923,466.917055068664
bulk_velocity,test,45657,53,45466,3,39.33688806732014,3256.0,3229.199676017213,317.3440835896637
bulk_velocity,test,46115,53,46247,9,32.71899836231789,3098.0,2714.5704807596976,436.89256019297846
bulk_velocity,test,50558,58,50558,7,69.75896043328059,5075.0,5363.411110816933,356.0375623696396
bulk_velocity,test,51275,58,51233,5,25.870212734646053,1733.0,2133.8213541190516,325.29934729756803
bulk_velocity,test,51787,58,51787,4,26.964973635434237,1912.0,2215.797039506234,374.8079123491581
bulk_velocity,test,53201,58,53247,3,19.534396563982572,1697.0,1648.8078943322614,358.9214235044933
bulk_velocity,test,66537,86,66537,1,60.478359188180086,4406.0,4401.27151412049,355.9591674146924
bulk_velocity,test,68434,91,68434,4,77.80365510398032,5584.0,5630.843927662134,408.64093290269403
bulk_velocity,test,68870,90,68870,1,24.705861360384304,1484.0,1700.01243767174,354.4689208948758
bulk_velocity,test,69342,90,69342,2,21.817249589882987,820.0,1452.7081761193797,336.16644745667446
bulk_velocity,test,71730,92,71730,1,38.976245309772,2861.0,2993.801328198496,361.877580553399
