CID,zHD,observed_magnitude,predicted_magnitude,role,residual
160099,0.10165,19.0452,19.01950012607881,rate_fit,0.025699873921190886
000190,0.10221,19.1555,19.03102723084541,rate_fit,0.12447276915458971
140181,0.10246,18.9981,19.036949361639664,rate_fit,-0.038849361639663016
100405,0.10294,18.9285,19.050281645369722,rate_fit,-0.12178164536972247
13135,0.10361,19.0808,19.066196947698085,rate_fit,0.014603052301914943
20064,0.10374,18.9549,19.069123954977755,rate_fit,-0.11422395497775639
13038,0.10507,19.1765,19.09812856743714,rate_fit,0.07837143256286083
18697,0.10661,19.0081,19.130972945849177,rate_fit,-0.12287294584917774
20625,0.10707,19.2094,19.140862997723637,rate_fit,0.06853700227636139
3256,0.10711,19.1765,19.14181054267682,rate_fit,0.03468945732318218
120225,0.10713,19.5271,19.137841741282493,rate_fit,0.38925825871750774
21034,0.10774,19.2454,19.154563651887607,rate_fit,0.0908363481123935
500038,0.10794,19.1487,19.15500006913509,rate_fit,-0.0063000691350900695
7147,0.10908,19.1486,19.183338142296233,rate_fit,-0.03473814229623429
020027,0.11001,19.3171,19.198655804979587,rate_fit,0.11844419502041248
18650,0.11259,19.3684,19.255436168958536,rate_fit,0.11296383104146557
18612,0.11388,19.1346,19.281193246008407,rate_fit,-0.14659324600840762
8719,0.1165,19.2878,19.33320201166415,rate_fit,-0.045402011664148034
5395,0.11653,19.3772,19.332623598542632,rate_fit,0.04457640145736619
2561,0.1176,19.3197,19.353607933291403,rate_fit,-0.033907933291402514
16259,0.11792,19.3558,19.361036250041067,rate_fit,-0.005236250041068757
1371,0.11818,19.1627,19.366066093139885,rate_fit,-0.20336609313988419
000137,0.11901,19.3099,19.37823009834637,rate_fit,-0.06833009834637238
5549,0.12014,19.3428,19.403529963516394,rate_fit,-0.06072996351639404
12860,0.12058,19.5396,19.41188571375936,rate_fit,0.1277142862406393
490008,0.12086,19.3818,19.413391086333174,rate_fit,-0.031591086333175866
19953,0.12207,19.3415,19.440082390707797,rate_fit,-0.09858239070779717
390259,0.12231,19.3589,19.441731647200157,rate_fit,-0.0828316472001589
18835,0.12278,19.4323,19.451898473082124,rate_fit,-0.019598473082123036
2916,0.12316,19.3437,19.460185992274777,rate_fit,-0.11648599227477874
16021,0.12357,19.3634,19.467771368019115,rate_fit,-0.10437136801911606
13894,0.12377,19.5479,19.471665274524796,rate_fit,0.07623472547520294
570062,0.12383,19.5712,19.472851617652907,rate_fit,0.09834838234709409
6406,0.12393,19.3974,19.47352139146755,rate_fit,-0.0761213914675487
19543,0.12405,19.582,19.476875441729582,rate_fit,0.10512455827041833
13044,0.12472,19.5086,19.48922440594253,rate_fit,0.0193755940574718
15459,0.1256,19.8887,19.50538063808657,rate_fit,0.3833193619134292
2992,0.12623,19.2426,19.515278917224315,rate_fit,-0.27267891722431514
16069,0.12706,19.5595,19.531853207910295,rate_fit,0.027646792089704775
744,0.1271,19.4319,19.532497404876626,rate_fit,-0.10059740487662694
14871,0.1272,19.4899,19.532855586792138,rate_fit,-0.0429555867921394
18855,0.12732,19.5311,19.535228169967922,rate_fit,-0.004128169967923867
22075,0.1292,19.5017,19.56944372050112,rate_fit,-0.06774372050112021
1032,0.12921,19.5873,19.569083079280183,rate_fit,0.018216920719815732
5751,0.1295,19.58,19.575203946461926,rate_fit,0.004796053538072442
18415,0.12958,19.5899,19.576869834694016,rate_fit,0.013030165305984553
18809,0.13169,19.549,19.612543927696077,rate_fit,-0.06354392769607742
151034,0.13281,19.5311,19.629338871390786,rate_fit,-0.09823887139078735
1334084,0.13366,19.5736,19.646979431398577,rate_fit,-0.07337943139857828
15508,0.13372,19.5904,19.648469554278062,rate_fit,-0.05806955427806315
14108,0.13477,19.9836,19.66555654392721,rate_fit,0.3180434560727896
15234,0.13535,19.8245,19.676532973693842,rate_fit,0.14796702630615854
000014,0.13614,19.7241,19.689430814011473,rate_fit,0.03466918598852686
17629,0.13658,19.5945,19.697001241929602,rate_fit,-0.10250124192960186
19775,0.137,19.7565,19.704537563494572,rate_fit,0.05196243650542698
18602,0.13713,19.7086,19.706947266311513,rate_fit,0.0016527336884877286
21062,0.13745,20.0981,19.712268762497892,rate_fit,0.38583123750210646
17366,0.13822,19.6327,19.724888178422773,rate_fit,-0.0921881784227736
15171,0.13826,19.6973,19.725305974259847,rate_fit,-0.028005974259848188
190340,0.1384,19.7699,19.728129569229928,rate_fit,0.0417704307700717
20084,0.13851,19.7871,19.729995289021044,rate_fit,0.05710471097895464
12928,0.13875,19.7469,19.733463641869278,rate_fit,0.01343635813072197
190230,0.1388,19.7937,19.73476882535187,rate_fit,0.058931174648130025
090275,0.13955,19.7683,19.74574036184932,rate_fit,0.022559638150678296
1794,0.14082,19.9245,19.7678121948834,rate_fit,0.1566878051165972
17208,0.14104,20.0305,19.771539433245287,rate_fit,0.2589605667547126
340229,0.14123,19.7877,19.773897720088517,rate_fit,0.013802279911484305
1317666,0.14134,19.8707,19.77567154722859,rate_fit,0.09502845277140892
2635,0.14325,19.794,19.80600354140767,rate_fit,-0.012003541407668905
17568,0.14345,20.2624,19.81035736956251,rate_fit,0.4520426304374894
190260,0.14359,19.8605,19.812908807048878,rate_fit,0.047591192951120576
17497,0.14404,19.8226,19.819247711069345,rate_fit,0.003352288930656755
8921,0.14423,19.763,19.82306361813764,rate_fit,-0.06006361813763661
17605,0.14542,19.8988,19.841723065427583,rate_fit,0.057076934572418025
1296657,0.14638,19.9327,19.85644417742852,rate_fit,0.07625582257147911
440008,0.14652,19.905,19.858100450489353,rate_fit,0.04689954951064834
1316385,0.14737,19.7624,19.871427984879013,rate_fit,-0.10902798487901322
13796,0.14747,19.7142,19.874430506714646,rate_fit,-0.1602305067146439
14024,0.14771,19.881,19.87793725494252,rate_fit,0.003062745057480498
180166,0.14778,19.908,19.876420771442447,rate_fit,0.03157922855755402
1293758,0.14803,19.9755,19.882610337070517,rate_fit,0.09288966292948331
14437,0.14806,19.7852,19.88360714644074,rate_fit,-0.09840714644073856
1255502,0.14834,19.7709,19.887212186475885,rate_fit,-0.11631218647588426
13736,0.14898,19.9076,19.897943841163197,rate_fit,0.009656158836801154
2308,0.1494,19.8574,19.903632097048806,rate_fit,-0.04623209704880793
000038,0.1505,19.8528,19.920574563974526,rate_fit,-0.06777456397452752
460003,0.15084,19.9157,19.922693046491922,rate_fit,-0.006993046491921007
2031,0.15195,19.7947,19.94319999791656,rate_fit,-0.14849999791656288
18323,0.15291,20.0709,19.957983133730366,rate_fit,0.11291686626963582
15132,0.15318,19.9645,19.962118142241664,rate_fit,0.0023818577583369915
18740,0.15336,19.8461,19.964551261465953,rate_fit,-0.1184512614659532
19353,0.15341,20.0034,19.964552467289536,rate_fit,0.03884753271046293
16073,0.15357,20.1109,19.967903351244694,rate_fit,0.14299664875530738
5550,0.15511,19.9546,19.991037714086907,rate_fit,-0.0364377140869081
16116,0.15526,20.025,19.993367823929194,rate_fit,0.03163217607080426
18030,0.15536,20.1464,19.994744843560266,rate_fit,0.15165515643973393
19940,0.15601,19.7174,20.004255539961505,rate_fit,-0.28685553996150404
13354,0.15671,19.9557,20.01429814954528,rate_fit,-0.0585981495452792
16206,0.15856,19.8264,20.041940960416227,rate_fit,-0.21554096041622728
440042,0.15921,20.1737,20.050706041269724,rate_fit,0.12299395873027663
14782,0.15931,19.6973,20.05272220849215,rate_fit,-0.35542220849215056
15425,0.15948,19.8378,20.053939174496747,rate_fit,-0.21613917449674602
1299775,0.16004,19.7898,20.06215524377576,rate_fit,-0.2723552437757597
3317,0.16008,19.9756,20.063594911758376,rate_fit,-0.0879949117583756
2689,0.16053,19.9527,20.070156624411958,rate_fit,-0.11745662441195748
390627,0.16061,20.1712,20.068374379026523,rate_fit,0.10282562097347636
5103,0.16077,19.9632,20.07410515060729,rate_fit,-0.11090515060729089
120336,0.16122,20.0576,20.0760213732095,rate_fit,-0.01842137320949888
17825,0.16236,20.0722,20.09621203351166,rate_fit,-0.024012033511660036
19174,0.16375,20.0277,20.11619152459851,rate_fit,-0.08849152459850984
3087,0.16448,20.0104,20.126662024015477,rate_fit,-0.11626202401547658
19616,0.16471,20.0763,20.1294392416293,rate_fit,-0.053139241629299505
20764,0.16495,20.0652,20.13313536861858,rate_fit,-0.06793536861857774
20430,0.16603,20.2408,20.14850867706556,rate_fit,0.09229132293443953
12843,0.16606,19.9287,20.14915142447915,rate_fit,-0.22045142447915111
12853,0.16828,20.0227,20.17986651370024,rate_fit,-0.15716651370023982
350233,0.16924,20.2625,20.18870287183259,rate_fit,0.07379712816740991
17389,0.16971,20.4191,20.19966204500612,rate_fit,0.21943795499387875
12856,0.17042,20.2212,20.209479135697855,rate_fit,0.011720864302144918
590005,0.17124,20.2894,20.216024801267874,rate_fit,0.07337519873212628
310039,0.17169,20.2073,20.22593059222602,rate_fit,-0.018630592226021037
19282,0.17256,20.2491,20.23848531742144,rate_fit,0.010614682578559353
1303279,0.1727,20.0146,20.238910478834022,rate_fit,-0.22431047883402044
100090,0.17297,20.4733,20.240101735725958,rate_fit,0.23319826427404067
3080,0.17331,20.1341,20.24831825344651,rate_fit,-0.11421825344650927
15897,0.17374,20.2873,20.254178124126366,rate_fit,0.03312187587363269
120143,0.17378,20.0963,20.251144038669317,rate_fit,-0.15484403866931729
15648,0.17392,20.3456,20.256477512044786,rate_fit,0.08912248795521549
14421,0.17417,20.3204,20.259414702491913,rate_fit,0.060985297508086234
16165,0.1742,20.0787,20.259871091502717,rate_fit,-0.1811710915027156
5350,0.17438,20.2523,20.2624971247026,rate_fit,-0.010197124702596483
15583,0.17443,20.3016,20.262702681093213,rate_fit,0.038897318906787604
19969,0.17444,20.2319,20.26303939309073,rate_fit,-0.031139393090729328
18604,0.17498,20.4904,20.270974586560087,rate_fit,0.2194254134399145
14979,0.17666,20.2634,20.291680664499417,rate_fit,-0.02828066449941602
17218,0.17713,20.2565,20.299383229799048,rate_fit,-0.042883229799048905
14451,0.17737,20.2241,20.302114513414196,rate_fit,-0.07801451341419607
17220,0.17786,20.0864,20.308801658285176,rate_fit,-0.22240165828517533
370428,0.17791,20.3947,20.30562270705648,rate_fit,0.08907729294352151
5635,0.17852,20.7139,20.317619060394104,rate_fit,0.3962809396058944
6936,0.17901,20.388,20.323880334508146,rate_fit,0.06411966549185522
300179,0.17911,20.5142,20.32534798288101,rate_fit,0.18885201711898958
13045,0.17931,20.2825,20.32795005315952,rate_fit,-0.04545005315952011
1347120,0.17952,20.2979,20.329189205808305,rate_fit,-0.03128920580830652
2372,0.17973,20.2989,20.332394010841497,rate_fit,-0.03349401084149761
1303496,0.17975,20.3432,20.332138399152644,rate_fit,0.011061600847355635
13254,0.18004,20.7449,20.33635803446358,rate_fit,0.40854196553642197
14284,0.1805,20.1158,20.342052624292577,rate_fit,-0.2262526242925773
420159,0.18073,20.2505,20.346309660613144,rate_fit,-0.09580966061314555
330023,0.18078,20.4636,20.346128107763093,rate_fit,0.11747189223690668
350548,0.18082,20.3861,20.343628349063806,rate_fit,0.04247165093619287
360112,0.18086,20.3621,20.344070860163548,rate_fit,0.018029139836453822
17215,0.18092,20.3683,20.347254083559427,rate_fit,0.021045916440574075
370595,0.18126,20.4055,20.348490196031083,rate_fit,0.05700980396891708
15443,0.18136,20.2338,20.353105391984922,rate_fit,-0.1193053919849234
1339392,0.18145,20.1423,20.35409771016071,rate_fit,-0.21179771016070958
17332,0.18217,20.3333,20.363725240221676,rate_fit,-0.0304252402216747
1580,0.18229,20.2729,20.365207111173554,rate_fit,-0.09230711117355384
1250017,0.18231,20.4355,20.3655366005172,rate_fit,0.06996339948280195
15453,0.18252,20.5291,20.36914110419571,rate_fit,0.1599588958042908
17391,0.1836,20.3465,20.38313353642402,rate_fit,-0.03663353642402001
1257695,0.18375,20.427,20.384435540301773,rate_fit,0.04256445969822664
17168,0.18389,20.499,20.386818647373154,rate_fit,0.1121813526268447
20048,0.18402,20.543,20.388450495792082,rate_fit,0.15454950420791747
1296321,0.18458,20.6854,20.39452071172024,rate_fit,0.2908792882797613
15421,0.18459,20.5361,20.394885391347366,rate_fit,0.14121460865263558
8213,0.18484,20.4018,20.398797390873256,rate_fit,0.003002609126745881
15461,0.18493,20.36,20.39987948264585,rate_fit,-0.03987948264585128
1336453,0.18506,20.4905,20.400587182926635,rate_fit,0.0899128170733654
6422,0.18515,20.3817,20.40276647497008,rate_fit,-0.021066474970080407
16281,0.18522,20.2897,20.403631161931028,rate_fit,-0.1139311619310277
370563,0.18527,20.5352,20.39957166901823,rate_fit,0.13562833098177052
15365,0.18667,20.5029,20.421851281670367,rate_fit,0.08104871832963312
18807,0.18728,20.5164,20.42825206635483,rate_fit,0.08814793364517115
5994,0.18809,20.4921,20.43923699798887,rate_fit,0.05286300201112937
12927,0.18906,20.1854,20.45055397949786,rate_fit,-0.26515397949786035
16100,0.18908,20.5559,20.451166376907523,rate_fit,0.10473362309247847
1273127,0.18929,20.6829,20.453817398872747,rate_fit,0.22908260112725287
18787,0.18929,20.8878,20.45379915480826,rate_fit,0.43400084519173987
18749,0.18948,20.4883,20.45654710641738,rate_fit,0.031752893582620345
440643,0.18952,20.5094,20.455800361821247,rate_fit,0.053599638178752684
6304,0.18995,20.4756,20.462032447461223,rate_fit,0.013567552538777505
762,0.19025,20.6277,20.465979773919017,rate_fit,0.16172022608098402
20687,0.19042,20.4362,20.468051293625013,rate_fit,-0.03185129362501371
2440,0.19044,20.6652,20.46753149706548,rate_fit,0.1976685029345191
16276,0.19413,20.5453,20.51313409390526,rate_fit,0.03216590609473968
2246,0.19434,20.6257,20.514740130098374,rate_fit,0.11095986990162388
20821,0.19546,20.8813,20.52798726930948,rate_fit,0.3533127306905186
1253920,0.19553,20.4581,20.5288627469192,rate_fit,-0.07076274691919693
14984,0.19557,20.6552,20.530558230755048,rate_fit,0.12464176924495263
15674,0.19568,20.705,20.532220684339542,rate_fit,0.17277931566045623
000236,0.19616,20.4758,20.534005831825734,rate_fit,-0.05820583182573458
15129,0.19621,20.5217,20.538306055523087,rate_fit,-0.016606055523087804
1298893,0.19627,20.5867,20.5384241946415,rate_fit,0.04827580535850018
1334620,0.19635,20.6397,20.53937944505047,rate_fit,0.10032055494952985
13070,0.19733,20.5488,20.551867036497473,rate_fit,-0.0030670364974731967
18804,0.19741,20.4402,20.552310125656263,rate_fit,-0.11211012565626177
1302058,0.19782,20.239,20.556196942835513,rate_fit,-0.3171969428355119
15222,0.19817,20.5031,20.561755493025444,rate_fit,-0.05865549302544437
1316431,0.19828,20.6349,20.56207920120235,rate_fit,0.0728207987976468
13370,0.19861,21.0716,20.566468597060464,rate_fit,0.5051314029395364
360145,0.19877,20.6351,20.565169735423655,rate_fit,0.06993026457634599
19658,0.19878,20.636,20.56889178755583,rate_fit,0.0671082124441682
18768,0.19908,20.7686,20.572248511690923,rate_fit,0.19635148830907667
110460,0.19953,20.5981,20.576369762046347,rate_fit,0.021730237953651255
500504,0.19961,20.4234,20.575355304676442,rate_fit,-0.15195530467644147
560150,0.1997,20.6435,20.579869353824158,rate_fit,0.06363064617584158
19101,0.20077,20.4307,20.592283072941328,rate_fit,-0.16158307294132612
470232,0.20083,20.7308,20.589259906931524,rate_fit,0.1415400930684747
370308,0.20087,20.5142,20.58965509527136,rate_fit,-0.07545509527136218
590002,0.20128,20.6045,20.59370087717467,rate_fit,0.010799122825332574
13152,0.20231,20.3654,20.6102399411339,rate_fit,-0.2448399411339004
19913,0.20249,20.7419,20.61245457587617,rate_fit,0.12944542412382987
6780,0.20279,20.5843,20.61585913732125,rate_fit,-0.031559137321252706
14212,0.2032,20.7128,20.62063890022567,rate_fit,0.09216109977433007
15203,0.20329,20.6292,20.62142660540967,rate_fit,0.00777339459033044
16032,0.20331,20.6747,20.620828209220964,rate_fit,0.05387179077903781
7243,0.20334,20.6805,20.622238612860436,rate_fit,0.05826138713956297
15901,0.20382,20.6511,20.627128439033214,rate_fit,0.023971560966785432
18965,0.20469,20.6279,20.637604725079072,rate_fit,-0.009704725079071608
110033,0.20483,20.5897,20.638653187102133,rate_fit,-0.048953187102132034
17801,0.20523,20.9131,20.643778328246967,rate_fit,0.26932167175303334
15872,0.20562,20.5596,20.64764666340708,rate_fit,-0.08804666340708067
1327978,0.20691,20.6695,20.662548278027025,rate_fit,0.006951721972974667
15201,0.20748,21.063,20.669700565322152,rate_fit,0.39329943467784645
1283373,0.20751,20.8195,20.668477221617945,rate_fit,0.1510227783820568
20376,0.2084,20.4769,20.67989161662377,rate_fit,-0.20299161662376974
15467,0.20856,20.6228,20.68171501101779,rate_fit,-0.05891501101778829
200132,0.20868,20.8504,20.683247708016154,rate_fit,0.16715229198384662
15259,0.2087,20.6109,20.683491117897876,rate_fit,-0.07259111789787553
140152,0.20879,20.6268,20.680697932460866,rate_fit,-0.053897932460866826
16482,0.20948,20.5883,20.692196693621725,rate_fit,-0.10389669362172427
550154,0.21015,20.8949,20.698922936012302,rate_fit,0.19597706398769787
19149,0.21037,20.2013,20.701547158452104,rate_fit,-0.5002471584521047
460105,0.21084,20.7102,20.703608559978075,rate_fit,0.00659144002192491
14157,0.21095,20.553,20.707329637572734,rate_fit,-0.154329637572733
18940,0.21114,20.7022,20.710649704589322,rate_fit,-0.008449704589320817
1257366,0.21134,20.8885,20.71155321850084,rate_fit,0.17694678149916143
7847,0.21174,20.7146,20.716794007519994,rate_fit,-0.00219400751999288
17811,0.212,20.6606,20.720185119823984,rate_fit,-0.05958511982398562
18927,0.21225,20.6844,20.72197617403232,rate_fit,-0.03757617403232061
13305,0.2135,20.7688,20.73698894761199,rate_fit,0.031811052388007965
8495,0.21365,20.7554,20.738679364555818,rate_fit,0.016720635444183785
6933,0.21398,20.6344,20.742119248027578,rate_fit,-0.10771924802757837
110567,0.2144,20.7649,20.745453386117866,rate_fit,0.019446613882134756
1249851,0.21507,20.6295,20.752718289125525,rate_fit,-0.1232182891255249
14019,0.21521,21.2111,20.755573712187733,rate_fit,0.45552628781226545
1316,0.21578,20.9723,20.76205881453373,rate_fit,0.2102411854662698
100206,0.2165,20.5723,20.768432365222186,rate_fit,-0.19613236522218713
17435,0.21689,20.8142,20.773764664018355,rate_fit,0.04043533598164473
7473,0.21692,20.8402,20.774393891877963,rate_fit,0.06580610812203602
20364,0.21742,20.8865,20.779396169289384,rate_fit,0.10710383071061713
13641,0.21794,20.7412,20.785601067146835,rate_fit,-0.044401067146836226
1290816,0.21845,20.9686,20.789530237087895,rate_fit,0.17906976291210341
1304678,0.21881,20.8886,20.793397944026022,rate_fit,0.0952020559739779
9467,0.21897,20.9395,20.796618216317206,rate_fit,0.14288178368279247
5533,0.21898,20.8762,20.796725975858255,rate_fit,0.07947402414174576
1342255,0.21899,20.7766,20.795890405532646,rate_fit,-0.01929040553264727
1302187,0.21941,20.7518,20.79994952522477,rate_fit,-0.04814952522476901
15433,0.2195,20.8568,20.8021096698906,rate_fit,0.05469033010939839
000220,0.21972,20.8086,20.800022978033077,rate_fit,0.00857702196692145
18466,0.21978,20.8352,20.804122239887228,rate_fit,0.031077760112772523
14331,0.2199,20.9857,20.80654905483631,rate_fit,0.17915094516369123
19230,0.22017,20.6698,20.809569887391767,rate_fit,-0.13976988739176832
7512,0.22066,20.9346,20.813413477470064,rate_fit,0.12118652252993556
15354,0.22083,20.8268,20.816529291040336,rate_fit,0.010270708959662755
370098,0.22132,20.7911,20.817157485005207,rate_fit,-0.026057485005207326
480464,0.22132,20.8058,20.817157485005207,rate_fit,-0.011357485005206058
1331123,0.2215,20.9407,20.823167154502194,rate_fit,0.11753284549780574
13025,0.22299,21.0727,20.839694460720615,rate_fit,0.23300553927938594
14846,0.22349,20.8981,20.844808618134223,rate_fit,0.05329138186577609
330083,0.22385,20.7632,20.84485078977557,rate_fit,-0.08165078977556917
1304442,0.22449,20.8763,20.85401170589445,rate_fit,0.02228829410555022
550096,0.22449,20.6919,20.85401170589445,rate_fit,-0.1621117058944499
1292560,0.22493,20.8596,20.859313452979862,rate_fit,0.00028654702013852784
030066,0.22542,20.8961,20.860540819427342,rate_fit,0.03555918057265828
13727,0.22543,20.8799,20.865129110952928,rate_fit,0.014770889047071023
15229,0.22551,20.9326,20.86610952558565,rate_fit,0.0664904744143513
020096,0.22578,20.7335,20.865272166772776,rate_fit,-0.1317721667727767
19992,0.22645,21.1382,20.876050715657943,rate_fit,0.2621492843420583
1315192,0.22726,20.844,20.883416551719858,rate_fit,-0.039416551719856585
1315259,0.22818,20.9706,20.893044920093615,rate_fit,0.07755507990638577
180561,0.22865,20.9074,20.898920244626716,rate_fit,0.008479755373283382
13072,0.22928,20.9699,20.905431325409193,rate_fit,0.06446867459080607
3452,0.22978,20.8821,20.91060458530099,rate_fit,-0.02850458530098976
21033,0.2302,20.8753,20.914292357016766,rate_fit,-0.03899235701676673
000006,0.23041,21.0532,20.915551483684013,rate_fit,0.13764851631598773
040780,0.23082,20.8187,20.918508509865436,rate_fit,-0.09980850986543643
19008,0.23086,20.8519,20.921669746623486,rate_fit,-0.06976974662348567
360140,0.23092,21.0428,20.918298813523943,rate_fit,0.12450118647605635
17875,0.23125,21.0639,20.92527869185472,rate_fit,0.13862130814527873
430004,0.23162,20.948,20.929522532511676,rate_fit,0.01847746748832435
1302648,0.23164,20.8345,20.928969601707458,rate_fit,-0.0944696017074591
1275946,0.23205,20.9515,20.933157947942128,rate_fit,0.018342052057871427
15369,0.23282,20.5811,20.941761879497612,rate_fit,-0.36066187949761286
1292336,0.23367,20.9327,20.949358188091963,rate_fit,-0.016658188091962955
350047,0.23378,21.1618,20.947710247641112,rate_fit,0.2140897523588876
1336687,0.23391,20.9258,20.951966743461885,rate_fit,-0.026166743461885744
12971,0.23395,20.8859,20.95307524768211,rate_fit,-0.06717524768211192
110536,0.23472,20.9382,20.95943911440459,rate_fit,-0.021239114404590254
1279500,0.23481,21.0254,20.96103333021438,rate_fit,0.06436666978562045
1319366,0.23494,20.905,20.96218718527628,rate_fit,-0.05718718527628042
1298281,0.2352,20.9099,20.96484432547337,rate_fit,-0.05494432547336814
19341,0.23556,20.9806,20.96917273522912,rate_fit,0.011427264770880186
15287,0.23639,21.1275,20.977670387726352,rate_fit,0.1498296122736491
310574,0.23662,21.0106,20.980134396516803,rate_fit,0.030465603483197157
13511,0.23664,21.2144,20.979317277496467,rate_fit,0.23508272250353457
12881,0.23685,20.866,20.982227961692846,rate_fit,-0.11622796169284655
16350,0.23693,20.9749,20.98308149462264,rate_fit,-0.00818149462263662
1317277,0.23721,20.9715,20.98518128132252,rate_fit,-0.013681281322522665
20768,0.23746,21.4835,20.987522082728262,rate_fit,0.49597791727173757
17884,0.23789,20.9787,20.992234715284354,rate_fit,-0.013534715284354348
470008,0.2395,20.6529,21.007294452900798,rate_fit,-0.35439445290079874
18486,0.23981,20.877,21.010347378574103,rate_fit,-0.13334737857410417
510251,0.2402,21.1317,21.012996942134023,rate_fit,0.11870305786597513
580300,0.24085,21.1486,21.01827586469406,rate_fit,0.130324135305937
510550,0.24122,21.0761,21.023024318056404,rate_fit,0.053075681943596464
460064,0.24151,20.8684,21.02711963780839,rate_fit,-0.15871963780838882
17223,0.24164,20.919,21.029393916569653,rate_fit,-0.11039391656965236
14481,0.2422,21.311,21.035380541846244,rate_fit,0.27561945815375566
20111,0.2428,21.1687,21.041344737376413,rate_fit,0.12735526262358832
480064,0.24284,21.3204,21.03784068403353,rate_fit,0.2825593159664699
20088,0.24329,20.9986,21.04587243800531,rate_fit,-0.04727243800531156
13506,0.24354,21.285,21.048033464621607,rate_fit,0.23696653537839296
19023,0.2441,21.0426,21.053525947536944,rate_fit,-0.010925947536943426
15466,0.24444,20.9534,21.057060413849662,rate_fit,-0.10366041384966351
3377,0.24459,20.8733,21.057263033348356,rate_fit,-0.1839630333483555
000174,0.24511,21.0806,21.060008961192494,rate_fit,0.020591038807506123
420407,0.24523,21.2427,21.064973453368296,rate_fit,0.17772654663170329
20039,0.24553,21.1052,21.067722952124328,rate_fit,0.0374770478756723
000010,0.24585,21.1788,21.066235202308942,rate_fit,0.1125647976910571
13835,0.24617,21.0943,21.073981575655896,rate_fit,0.020318424344104358
15219,0.2465,21.125,21.076470695425567,rate_fit,0.048529304574433496
12977,0.24656,21.0299,21.077606398186507,rate_fit,-0.047706398186505794
05D3mq,0.2466,21.1377,21.074787840144417,rate_fit,0.06291215985558196
1334645,0.24711,20.9453,21.082296383187362,rate_fit,-0.13699638318736262
3451,0.24846,20.95,21.09610837509824,rate_fit,-0.14610837509824037
420087,0.2486,21.2382,21.097483312605313,rate_fit,0.14071668739468635
450082,0.24861,21.1746,21.097561641788133,rate_fit,0.077038358211869
560152,0.24862,21.1127,21.097639967518276,rate_fit,0.01506003248172405
15161,0.24865,21.0726,21.097110431148685,rate_fit,-0.02451043114868412
19990,0.24896,21.174,21.100092518652048,rate_fit,0.07390748134795189
120585,0.24909,21.0637,21.101317387399266,rate_fit,-0.03761738739926557
3199,0.24972,21.4203,21.10814483866534,rate_fit,0.3121551613346618
16106,0.24983,21.0431,21.10917559514988,rate_fit,-0.06607559514987926
15868,0.24986,21.1385,21.108576099203354,rate_fit,0.029923900796646308
520077,0.25019,21.3435,21.10989446793728,rate_fit,0.23360553206271817
390449,0.25022,21.1234,21.1101278088844,rate_fit,0.013272191115600407
13689,0.25043,21.1615,21.114832967201252,rate_fit,0.046667032798747954
5717,0.25051,21.3162,21.11533305407161,rate_fit,0.20086694592838938
500004,0.25063,21.0479,21.1133137311899,rate_fit,-0.06541373118990279
16213,0.2509,21.1343,21.119227090669675,rate_fit,0.01507290933032479
17552,0.25199,21.2168,21.129548700455217,rate_fit,0.08725129954478206
310161,0.2526,21.2092,21.135480026954305,rate_fit,0.07371997304569433
9032,0.2526,21.1536,21.135480026954305,rate_fit,0.018119973045696014
000034,0.2533,21.1158,21.14120618567057,rate_fit,-0.02540618567056896
17464,0.25358,20.7773,21.14456517765698,rate_fit,-0.36726517765697864
5736,0.25407,21.2016,21.148835891455082,rate_fit,0.052764108544916866
1336480,0.25616,21.3928,21.167774521407736,rate_fit,0.22502547859226496
1112,0.2562,21.3063,21.169217588575755,rate_fit,0.13708241142424527
17340,0.25637,21.1199,21.16974560903062,rate_fit,-0.04984560903061919
9457,0.25683,21.2493,21.17505591646213,rate_fit,0.07424408353787015
19207,0.25731,21.3246,21.179491091081005,rate_fit,0.14510890891899564
18325,0.25736,21.2411,21.17979917613824,rate_fit,0.06130082386176028
8046,0.25772,21.3558,21.18235659637414,rate_fit,0.17344340362585697
6108,0.25813,21.275,21.18704497227282,rate_fit,0.08795502772717967
550041,0.25859,21.2133,21.19136097758749,rate_fit,0.021939022412510667
1297026,0.25865,21.257,21.191052595274797,rate_fit,0.065947404725204
1303883,0.25904,21.2888,21.19473349973773,rate_fit,0.0940665002622687
1289664,0.25919,21.0349,21.19585624330558,rate_fit,-0.16095624330558067
1335694,0.25923,21.1725,21.19615552099598,rate_fit,-0.02365552099598034
12972,0.25948,21.2708,21.199403132614698,rate_fit,0.07139686738530315
1330426,0.25952,21.189,21.19832376761631,rate_fit,-0.009323767616308487
020176,0.26062,21.2503,21.206524010160766,rate_fit,0.04377598983923292
370498,0.26094,21.3598,21.208902392661276,rate_fit,0.15089760733872382
15440,0.26141,21.194,21.21628120854797,rate_fit,-0.022281208547969555
1337649,0.26162,21.1652,21.21804362604891,rate_fit,-0.052843626048911574
2017,0.26172,21.4344,21.220005048583722,rate_fit,0.21439495141627773
19702,0.26173,21.428,21.21889252331151,rate_fit,0.20910747668849083
1253,0.26175,21.139,21.220192743734113,rate_fit,-0.081192743734114
13655,0.26184,21.4405,21.220222614666085,rate_fit,0.22027738533391528
18945,0.262,21.4686,21.222437693974182,rate_fit,0.24616230602581624
13956,0.26303,22.0111,21.23158395096097,rate_fit,0.779516049039028
520019,0.26323,21.3858,21.23099366899057,rate_fit,0.15480633100942853
04D3ez,0.2636,21.1467,21.233713434475728,rate_fit,-0.08701343447572896
350235,0.26393,21.3058,21.236135629950635,rate_fit,0.06966437004936665
330022,0.26397,21.0505,21.239693213043207,rate_fit,-0.18919321304320746
12983,0.26408,21.3812,21.241203475590027,rate_fit,0.13999652440997323
2943,0.26419,21.2544,21.242164078339563,rate_fit,0.012235921660437299
110478,0.2646,21.2623,21.244650711375094,rate_fit,0.01764928862490578
13099,0.26463,21.4189,21.246448686630547,rate_fit,0.17245131336945363
2422,0.26582,21.3557,21.25715337470271,rate_fit,0.09854662529728841
6315,0.26583,21.0714,21.25688340196733,rate_fit,-0.18548340196732838
1334087,0.2664,21.0371,21.26140356813439,rate_fit,-0.2243035681343919
18463,0.267,21.2933,21.267467140723923,rate_fit,0.02583285927607548
1309288,0.26791,21.2573,21.274319099071242,rate_fit,-0.017019099071241328
520023,0.26818,21.2093,21.275615427063535,rate_fit,-0.06631542706353599
530037,0.26859,21.326,21.281990175045888,rate_fit,0.044009824954112986
06D3fp,0.2686,21.2023,21.278639785981042,rate_fit,-0.07633978598104108
14298,0.26887,21.3509,21.28417457930024,rate_fit,0.06672542069975762
510638,0.2702,21.3833,21.29353594489728,rate_fit,0.08976405510271945
19002,0.27021,21.2559,21.295316568636416,rate_fit,-0.039416568636415406
310051,0.27057,21.2609,21.29959555951248,rate_fit,-0.038695559512479605
160039,0.27094,21.2357,21.298817290324468,rate_fit,-0.06311729032446678
380378,0.27141,21.3147,21.303530834502354,rate_fit,0.011169165497644684
1292332,0.27276,21.2885,21.317851730725597,rate_fit,-0.02935173072559749
15356,0.27351,21.2191,21.325449598855943,rate_fit,-0.10634959885594242
420258,0.27456,21.4869,21.334660654836252,rate_fit,0.15223934516374626
100213,0.27509,21.5239,21.337697885009625,rate_fit,0.1862021149903761
150254,0.27516,21.2756,21.33580380799063,rate_fit,-0.06020380799062863
20227,0.27585,21.4101,21.345907663073795,rate_fit,0.06419233692620452
19051,0.27631,21.4219,21.349883350981724,rate_fit,0.07201664901827698
4000,0.27668,21.5974,21.352376698601134,rate_fit,0.24502330139886652
4046,0.27776,21.3656,21.362428673796497,rate_fit,0.003171326203503355
1297465,0.27782,21.6657,21.361418240147547,rate_fit,0.3042817598524543
5957,0.27935,21.4507,21.37530151431306,rate_fit,0.07539848568694296
6196,0.2799,21.2526,21.380833037536704,rate_fit,-0.12823303753670245
040201,0.27995,21.3134,21.377207550486833,rate_fit,-0.06380755048683184
520188,0.2806,21.4133,21.383366742439406,rate_fit,0.029933257560593063
18485,0.28132,21.3694,21.391686302370108,rate_fit,-0.022286302370108757
1317286,0.28207,21.3456,21.398499322171006,rate_fit,-0.05289932217100457
06D3dt,0.28266,21.491,21.400907917371416,rate_fit,0.09009208262858337
15584,0.28344,21.4066,21.409876733953517,rate_fit,-0.003276733953516242
310238,0.28405,21.3205,21.4153261308378,rate_fit,-0.09482613083780222
14261,0.28446,21.2901,21.419533038438697,rate_fit,-0.12943303843869813
16072,0.28446,21.4389,21.41954992582032,rate_fit,0.019350074179680377
17791,0.28478,21.8605,21.42228368255529,rate_fit,0.43821631744470935
440050,0.28557,21.4516,21.428954086748824,rate_fit,0.02264591325117493
350080,0.28588,21.418,21.427660215405215,rate_fit,-0.009660215405215666
20040,0.28665,21.3859,21.437971851726303,rate_fit,-0.052071851726303464
20245,0.28734,21.3161,21.443850034693767,rate_fit,-0.12775003469376855
17809,0.28758,21.2849,21.445721648222616,rate_fit,-0.16082164822261547
19128,0.28775,21.6223,21.447259821338513,rate_fit,0.17504017866148658
1334644,0.28814,21.4545,21.449689856290497,rate_fit,0.004810143709502057
1313594,0.28844,21.496,21.452191323982184,rate_fit,0.04380867601781446
091869,0.28854,21.4928,21.453866428763185,rate_fit,0.0389335712368144
2165,0.28894,21.6903,21.45686004657618,rate_fit,0.2334399534238223
2789,0.28901,21.4898,21.457795802726388,rate_fit,0.03200419727361137
1334597,0.28905,21.4233,21.457253366195758,rate_fit,-0.03395336619575673
1310395,0.28907,21.449,21.457386052402832,rate_fit,-0.008386052402830302
350180,0.28949,21.7235,21.46017011669439,rate_fit,0.26332988330561236
1289288,0.28995,21.4863,21.46477911789571,rate_fit,0.021520882104290706
570056,0.29008,21.4768,21.465756177212487,rate_fit,0.01104382278751359
19596,0.29045,21.5331,21.468199588642083,rate_fit,0.06490041135791813
19027,0.29123,21.231,21.476079230453713,rate_fit,-0.24507923045371172
1291090,0.29193,21.5076,21.48116592365406,rate_fit,0.026434076345939417
1263715,0.29196,21.5123,21.48114442803842,rate_fit,0.031155571961580364
12841,0.29215,21.4975,21.48356609233624,rate_fit,0.013933907663759015
390264,0.29221,21.1699,21.481456635496365,rate_fit,-0.31155663549636614
21006,0.29251,21.3848,21.485437967602365,rate_fit,-0.10063796760236698
420414,0.29256,21.4422,21.487108222479,rate_fit,-0.044908222479001836
150509,0.29293,21.4928,21.487346070822017,rate_fit,0.00545392917798182
130755,0.29298,21.5738,21.486496727846117,rate_fit,0.087303272153882
6249,0.29365,21.604,21.496007211281405,rate_fit,0.10799278871859386
1303004,0.29504,21.509,21.506621184479084,rate_fit,0.0023788155209167883
19794,0.2958,21.7679,21.513619755483923,rate_fit,0.2542802445160781
580270,0.29587,21.7459,21.510319569075882,rate_fit,0.2355804309241165
1119,0.29647,21.7408,21.518884389176026,rate_fit,0.2219156108239737
13610,0.29692,21.4065,21.522637956004125,rate_fit,-0.11613795600412402
1293319,0.29695,21.4975,21.52214529415602,rate_fit,-0.024645294156020014
420196,0.29853,22.0175,21.535799910670296,rate_fit,0.48170008932970276
570025,0.29855,21.4009,21.535927933782123,rate_fit,-0.13502793378212274
6137,0.29893,21.6665,21.538525595694217,rate_fit,0.12797440430578177
10550,0.29933,21.7583,21.542265996158704,rate_fit,0.216034003841294
120444,0.29945,21.7683,21.541679141342428,rate_fit,0.2266208586575722
14735,0.29947,21.4805,21.542541563464265,rate_fit,-0.06204156346426615
170428,0.3002,21.7307,21.546457174627065,frozen_transfer_reused,0.1842428253729338
5391,0.3003,21.6265,21.54859605107142,frozen_transfer_reused,0.07790394892857933
350078,0.30089,21.9199,21.550841273083908,frozen_transfer_reused,0.36905872691609076
350192,0.30142,21.6055,21.554201193965326,frozen_transfer_reused,0.05129880603467285
570022,0.30152,21.8556,21.559839722470155,frozen_transfer_reused,0.295760277529844
460037,0.30251,21.6364,21.566095957754857,frozen_transfer_reused,0.07030404224514086
1339002,0.30304,21.5674,21.571101792538602,frozen_transfer_reused,-0.0037017925386031436
150457,0.30352,21.6674,21.57195517113575,frozen_transfer_reused,0.09544482886425243
7143,0.30365,21.8248,21.57683541203621,frozen_transfer_reused,0.24796458796378928
1287626,0.30404,21.466,21.579050557372458,frozen_transfer_reused,-0.11305055737245695
19818,0.30406,21.4522,21.579225924575134,frozen_transfer_reused,-0.12702592457513262
1335717,0.30476,21.7881,21.584026807732826,frozen_transfer_reused,0.2040731922671739
1259412,0.30486,21.6488,21.58553384650034,frozen_transfer_reused,0.06326615349966147
12883,0.30526,21.3394,21.589180712120573,frozen_transfer_reused,-0.24978071212057174
350630,0.30538,21.6524,21.586769726504983,frozen_transfer_reused,0.06563027349501738
440005,0.30548,21.7511,21.589722835086654,frozen_transfer_reused,0.16137716491334686
350027,0.30581,21.6921,21.59011741120991,frozen_transfer_reused,0.10198258879009003
560087,0.30652,21.6429,21.599522822006985,frozen_transfer_reused,0.04337717799301544
340334,0.30681,21.907,21.598001758950044,frozen_transfer_reused,0.3089982410499559
1281668,0.30691,21.7043,21.601796037445474,frozen_transfer_reused,0.10250396255452543
520062,0.30818,21.9488,21.60981087969281,frozen_transfer_reused,0.33898912030718975
5966,0.30834,21.7003,21.613503596212144,frozen_transfer_reused,0.08679640378785436
1319821,0.30878,21.7424,21.61565483002364,frozen_transfer_reused,0.12674516997635976
6699,0.30922,21.793,21.62053714688782,frozen_transfer_reused,0.17246285311217946
5844,0.30938,21.7227,21.62185315671803,frozen_transfer_reused,0.10084684328197113
16211,0.30949,21.7647,21.622844516164797,frozen_transfer_reused,0.1418554838352044
21042,0.30962,21.467,21.623494744996105,frozen_transfer_reused,-0.15649474499610605
1300516,0.31052,21.3667,21.630028395417426,frozen_transfer_reused,-0.2633283954174246
15213,0.31061,21.7432,21.630066429828116,frozen_transfer_reused,0.11313357017188608
500100,0.31088,21.793,21.62973122886298,frozen_transfer_reused,0.16326877113701954
000420,0.31144,21.7593,21.633154632868155,frozen_transfer_reused,0.1261453671318442
1338128,0.31179,21.7847,21.63992714388621,frozen_transfer_reused,0.14477285611378932
1337838,0.31203,21.6973,21.64172117946589,frozen_transfer_reused,0.055578820534108786
1263369,0.31262,21.7035,21.646024031646036,frozen_transfer_reused,0.057475968353962514
1294743,0.31267,21.7822,21.64665870801631,frozen_transfer_reused,0.1355412919836887
20142,0.3127,21.3709,21.647287381682958,frozen_transfer_reused,-0.27638738168295873
1283878,0.31296,21.7665,21.64886737348089,frozen_transfer_reused,0.11763262651911077
1341894,0.31303,21.7531,21.649474294654322,frozen_transfer_reused,0.10362570534567794
19632,0.31387,21.7698,21.65579018755093,frozen_transfer_reused,0.11400981244906916
530112,0.31453,21.8721,21.661845010881773,frozen_transfer_reused,0.21025498911822638
15383,0.31506,21.7664,21.6651423766806,frozen_transfer_reused,0.1012576233194018
6649,0.3152,21.6307,21.666217211704097,frozen_transfer_reused,-0.035517211704096496
110716,0.31588,21.9503,21.668329311404275,frozen_transfer_reused,0.28197068859572383
15776,0.31593,21.68,21.671864020186323,frozen_transfer_reused,0.008135979813676641
6100,0.31623,21.9449,21.67488602266527,frozen_transfer_reused,0.270013977334731
100163,0.31782,21.8208,21.686217905528416,frozen_transfer_reused,0.13458209447158254
1345553,0.31804,21.8242,21.68789315541482,frozen_transfer_reused,0.1363068445851816
080646,0.31822,21.7669,21.69008588666702,frozen_transfer_reused,0.07681411333297916
550059,0.3185,22.0815,21.692248082613055,frozen_transfer_reused,0.3892519173869431
310188,0.31901,21.888,21.695283161485968,frozen_transfer_reused,0.1927168385140341
440509,0.31901,21.6411,21.695283161485968,frozen_transfer_reused,-0.054183161485966025
170078,0.32096,21.9785,21.706838166234355,frozen_transfer_reused,0.2716618337656449
330128,0.32104,21.7016,21.71059816364179,frozen_transfer_reused,-0.008998163641791734
1266657,0.32118,21.9391,21.711424508614677,frozen_transfer_reused,0.22767549138532317
120085,0.32206,21.4741,21.71430867875182,frozen_transfer_reused,-0.24020867875182006
580104,0.32223,21.6098,21.719579496799376,frozen_transfer_reused,-0.10977949679937637
1261579,0.32223,21.6244,21.719579496799376,frozen_transfer_reused,-0.09517949679937487
7475,0.32276,21.6786,21.724333269519526,frozen_transfer_reused,-0.04573326951952694
05D2ab,0.32446,21.8169,21.732312299920515,frozen_transfer_reused,0.08458770007948502
050291,0.32548,21.9743,21.74202480780482,frozen_transfer_reused,0.23227519219517845
500301,0.3256,22.0095,21.74223075240837,frozen_transfer_reused,0.26726924759162785
18617,0.3258,21.9109,21.74719148679705,frozen_transfer_reused,0.16370851320295188
1305626,0.32581,21.7948,21.746398684944232,frozen_transfer_reused,0.0484013150557665
1308326,0.32632,21.7974,21.749963378356636,frozen_transfer_reused,0.04743662164336371
14456,0.32804,21.7472,21.76381247019468,frozen_transfer_reused,-0.01661247019467993
050303,0.32842,22.0549,21.76377881426279,frozen_transfer_reused,0.2911211857372109
530219,0.32848,22.098,21.76706496008783,frozen_transfer_reused,0.33093503991216977
430003,0.32851,21.681,21.767237593901182,frozen_transfer_reused,-0.08623759390118124
1337687,0.32868,21.8186,21.766859967011264,frozen_transfer_reused,0.05174003298873586
1306073,0.32868,21.847,21.76762767289706,frozen_transfer_reused,0.0793723271029414
6924,0.32871,21.6746,21.76871454848219,frozen_transfer_reused,-0.09411454848218881
1316465,0.32907,21.8036,21.76982001988912,frozen_transfer_reused,0.03377998011087868
13934,0.32941,22.1579,21.77392629652838,frozen_transfer_reused,0.3839737034716215
540163,0.32952,21.9861,21.77385552639223,frozen_transfer_reused,0.21224447360777177
1301933,0.32968,21.8501,21.77501758708158,frozen_transfer_reused,0.07508241291841955
13830,0.32995,21.5914,21.777902077762132,frozen_transfer_reused,-0.1865020777621318
120369,0.33047,21.9776,21.776845004956602,frozen_transfer_reused,0.2007549950433969
1338675,0.33056,21.9144,21.78148924280241,frozen_transfer_reused,0.13291075719758894
4241,0.33063,21.9159,21.78265554074522,frozen_transfer_reused,0.13324445925477946
480184,0.33089,21.9056,21.780877330597487,frozen_transfer_reused,0.12472266940251231
370394,0.3309,21.743,21.78093440873868,frozen_transfer_reused,-0.037934408738681924
03D1fc,0.33103,21.7568,21.78493916840221,frozen_transfer_reused,-0.028139168402212533
580235,0.33147,21.7771,21.784184677596663,frozen_transfer_reused,-0.007084677596662203
20106,0.33147,21.9805,21.789077219830528,frozen_transfer_reused,0.19142278016947145
370344,0.33147,21.8482,21.784184677596663,frozen_transfer_reused,0.06401532240333552
470041,0.33189,21.7619,21.788207687253497,frozen_transfer_reused,-0.02630768725349597
1306141,0.33237,21.724,21.793968441852087,frozen_transfer_reused,-0.06996844185208673
130862,0.33298,22.0769,21.7960278275795,frozen_transfer_reused,0.2808721724204979
1309492,0.3335,21.7495,21.802279393023873,frozen_transfer_reused,-0.052779393023872245
1346956,0.3335,21.7836,21.80223055986061,frozen_transfer_reused,-0.01863055986061113
16093,0.3345,21.8674,21.811180949087095,frozen_transfer_reused,0.05621905091290458
500511,0.33498,21.7721,21.810583610151586,frozen_transfer_reused,-0.0384836101515873
1346966,0.3351,21.7712,21.813829460282367,frozen_transfer_reused,-0.042629460282366693
1314897,0.33671,21.7837,21.826293688704574,frozen_transfer_reused,-0.04259368870457436
470015,0.33749,21.9148,21.831157335434387,frozen_transfer_reused,0.08364266456561253
040782,0.33751,21.7568,21.830132650075896,frozen_transfer_reused,-0.07333265007589773
04D3kr,0.33762,21.8947,21.8302594541361,frozen_transfer_reused,0.06444054586389925
1300912,0.33778,21.9007,21.83332738669915,frozen_transfer_reused,0.06737261330085076
380318,0.33818,21.892,21.832894459144832,frozen_transfer_reused,0.059105540855167504
580276,0.33848,21.8601,21.838297883668503,frozen_transfer_reused,0.021802116331496535
1343337,0.33897,21.8025,21.841784514575245,frozen_transfer_reused,-0.03928451457524673
04D3nh,0.34061,21.9207,21.851730484893654,frozen_transfer_reused,0.06896951510634608
320258,0.34098,21.8057,21.85701239439987,frozen_transfer_reused,-0.051312394399868566
2533,0.34111,21.8111,21.858053321694165,frozen_transfer_reused,-0.046953321694164885
1336009,0.34169,21.9592,21.862058777887903,frozen_transfer_reused,0.09714122211209641
1346387,0.34446,22.0551,21.88095871703887,frozen_transfer_reused,0.17414128296113063
350606,0.34448,22.0384,21.881067846410755,frozen_transfer_reused,0.15733215358924468
1329312,0.34487,21.9803,21.8845824566769,frozen_transfer_reused,0.09571754332310078
470110,0.34545,21.9503,21.88796598321184,frozen_transfer_reused,0.062334016788160085
03D1bp,0.34602,22.0788,21.892676085583567,frozen_transfer_reused,0.1861239144164344
310090,0.34696,22.1633,21.900188405560822,frozen_transfer_reused,0.2631115944391773
050301,0.34717,21.8644,21.898907879275853,frozen_transfer_reused,-0.034507879275853526
330089,0.34881,22.1191,21.912264128885198,frozen_transfer_reused,0.2068358711148015
160198,0.3491,21.9969,21.912375351212738,frozen_transfer_reused,0.08452464878726218
1258906,0.34912,22.029,21.91446201780763,frozen_transfer_reused,0.11453798219237044
070955,0.34932,21.8876,21.913879439726156,frozen_transfer_reused,-0.02627943972615654
380279,0.34939,21.9503,21.912323058298632,frozen_transfer_reused,0.03797694170136623
04D2mc,0.34949,21.752,21.91302109665893,frozen_transfer_reused,-0.16102109665893138
05D2ie,0.34949,22.1226,21.91302109665893,frozen_transfer_reused,0.2095789033410682
440185,0.34949,21.8996,21.916240478137457,frozen_transfer_reused,-0.016640478137457393
20186,0.34968,22.2343,21.919189536755404,frozen_transfer_reused,0.3151104632445971
1248677,0.35015,21.9337,21.920857412586933,frozen_transfer_reused,0.01284258741306843
000196,0.35059,21.9812,21.92068736676767,frozen_transfer_reused,0.06051263323233158
050296,0.35099,22.0002,21.925560409498154,frozen_transfer_reused,0.07463959050184599
05D2hc,0.35149,22.2268,21.92694326322851,frozen_transfer_reused,0.29985673677149194
120400,0.35149,22.0813,21.92694326322851,frozen_transfer_reused,0.15435673677148998
160197,0.35372,22.1127,21.944418942112673,frozen_transfer_reused,0.16828105788732728
05D2mp,0.35519,22.2117,21.952507503473406,frozen_transfer_reused,0.2591924965265946
1688,0.35774,22.1044,21.974637530645985,frozen_transfer_reused,0.12976246935401292
1334423,0.358,22.1009,21.97554928437606,frozen_transfer_reused,0.12535071562393796
04D3fk,0.35842,21.9893,21.976015968287484,frozen_transfer_reused,0.013284031712515798
04D2fs,0.3585,21.8954,21.975153608636862,frozen_transfer_reused,-0.07975360863686376
1280217,0.35909,21.9002,21.983024178915105,frozen_transfer_reused,-0.08282417891510363
160070,0.35909,22.1899,21.98126713026985,frozen_transfer_reused,0.2086328697301525
1307830,0.35946,22.1683,21.984949836381613,frozen_transfer_reused,0.1833501636183854
050293,0.36017,21.934,21.988638777079935,frozen_transfer_reused,-0.054638777079933476
160126,0.36034,21.8261,21.988722347850832,frozen_transfer_reused,-0.16262234785083152
470244,0.36091,22.1798,21.9924748870553,frozen_transfer_reused,0.18732511294469845
420417,0.36147,21.8629,22.00015674526861,frozen_transfer_reused,-0.13725674526861198
1294014,0.3628,21.9922,22.00808435340942,frozen_transfer_reused,-0.01588435340941885
1346137,0.36325,22.111,22.010590226054795,frozen_transfer_reused,0.10040977394520567
560121,0.36499,22.2096,22.023026464080466,frozen_transfer_reused,0.18657353591953196
100358,0.36623,21.883,22.032213733832755,frozen_transfer_reused,-0.14921373383275593
190209,0.36656,21.9797,22.034369887086832,frozen_transfer_reused,-0.05466988708683118
1308582,0.36713,21.9558,22.03729932709903,frozen_transfer_reused,-0.0814993270990314
350083,0.3679,22.0097,22.03942732967356,frozen_transfer_reused,-0.029727329673562508
04D1hd,0.36799,22.2169,22.043057986613523,frozen_transfer_reused,0.17384201338647642
1343533,0.36839,22.2949,22.045828458572398,frozen_transfer_reused,0.24907154142760035
1283936,0.36857,22.21,22.046945066044085,frozen_transfer_reused,0.16305493395591597
15704,0.36962,22.1968,22.053751939473067,frozen_transfer_reused,0.14304806052693309
18091,0.36987,21.9655,22.055946207691196,frozen_transfer_reused,-0.0904462076911976
510578,0.37023,22.1264,22.05595230061831,frozen_transfer_reused,0.07044769938169182
04D2cf,0.37052,22.1229,22.05582513680533,frozen_transfer_reused,0.06707486319467293
05D4bm,0.37053,22.1303,22.060628720754487,frozen_transfer_reused,0.06967127924551164
13136,0.37057,22.3865,22.060924736787072,frozen_transfer_reused,0.3255752632129294
05D3jr,0.37062,22.02,22.057913340714354,frozen_transfer_reused,-0.03791334071435415
390471,0.37062,21.8168,22.057913340714354,frozen_transfer_reused,-0.24111334071435309
320469,0.37095,22.1568,22.0627385860036,frozen_transfer_reused,0.09406141399639978
1291957,0.37138,22.081,22.06559217481441,frozen_transfer_reused,0.015407825185590696
000199,0.37153,22.1312,22.062480061834652,frozen_transfer_reused,0.06871993816534783
05D4fo,0.37153,22.1759,22.067229912236392,frozen_transfer_reused,0.1086700877636062
05D4cw,0.37353,22.0584,22.08038326599323,frozen_transfer_reused,-0.021983265993231527
16232,0.37436,22.2192,22.085665005455954,frozen_transfer_reused,0.13353499454404627
1299643,0.37676,22.1625,22.099976319379916,frozen_transfer_reused,0.06252368062008529
1282736,0.37805,22.1068,22.10917944023502,frozen_transfer_reused,-0.002379440235021235
590031,0.37852,22.1741,22.108209781739497,frozen_transfer_reused,0.06589021826050256
7779,0.37991,22.0429,22.121629637282922,frozen_transfer_reused,-0.07872963728292248
320099,0.37997,22.1624,22.12160836258426,frozen_transfer_reused,0.04079163741574021
500057,0.38061,22.2084,22.12315941126815,frozen_transfer_reused,0.0852405887318497
110425,0.38092,22.1981,22.124670469368212,frozen_transfer_reused,0.07342953063178825
1299785,0.38129,22.2019,22.129334110602343,frozen_transfer_reused,0.07256588939765507
000011,0.38153,22.4245,22.127639786517328,frozen_transfer_reused,0.29686021348267033
040150,0.38185,22.3085,22.130768276291683,frozen_transfer_reused,0.17773172370831603
580275,0.38248,22.1196,22.13696892833389,frozen_transfer_reused,-0.01736892833389092
1343401,0.38291,22.1148,22.140575444257994,frozen_transfer_reused,-0.02577544425799516
1281886,0.38402,22.2652,22.147448686361624,frozen_transfer_reused,0.11775131363837588
360139,0.386,22.2687,22.157089475225032,frozen_transfer_reused,0.11161052477496725
1338170,0.38672,22.1261,22.16492714694395,frozen_transfer_reused,-0.038827146943948065
550218,0.38744,22.3037,22.17024881581678,frozen_transfer_reused,0.13345118418321888
050251,0.38781,22.3772,22.169200443272054,frozen_transfer_reused,0.20799955672794468
420352,0.38895,22.13,22.179012737958743,frozen_transfer_reused,-0.04901273795874417
1290779,0.38949,22.291,22.181580302427594,frozen_transfer_reused,0.109419697572406
120086,0.39255,22.2212,22.197615729986232,frozen_transfer_reused,0.023584270013767394
1291794,0.3951,22.2147,22.21674904406963,frozen_transfer_reused,-0.0020490440696292467
1296273,0.39706,22.006,22.229616729667825,frozen_transfer_reused,-0.22361672966782464
1333438,0.39944,22.4589,22.243747004227398,frozen_transfer_reused,0.21515299577260194
05D4ff,0.4005,22.2388,22.251733644564975,frozen_transfer_reused,-0.012933644564974145
110734,0.40221,22.2265,22.258501668360747,frozen_transfer_reused,-0.03200166836074558
580312,0.40293,22.2948,22.265976574065178,frozen_transfer_reused,0.02882342593482079
1329615,0.40368,22.363,22.27054594645939,frozen_transfer_reused,0.0924540535406102
06D3ed,0.40463,22.4217,22.273729922457605,frozen_transfer_reused,0.14797007754239644
350050,0.40483,22.0843,22.274639648095928,frozen_transfer_reused,-0.19033964809592874
05D4dt,0.4055,22.5277,22.282318461330465,frozen_transfer_reused,0.24538153866953394
1308314,0.40646,22.4384,22.28666987574423,frozen_transfer_reused,0.1517301242557707
1341370,0.40895,22.4472,22.302527217507112,frozen_transfer_reused,0.1446727824928864
1306390,0.4092,22.4875,22.3037892589613,frozen_transfer_reused,0.183710741038702
450339,0.40935,22.4531,22.304940282204107,frozen_transfer_reused,0.14815971779589177
06D4cq,0.40949,22.4254,22.306492378920623,frozen_transfer_reused,0.11890762107937647
020090,0.41004,22.4306,22.306495485770025,frozen_transfer_reused,0.12410451422997326
1307277,0.41123,22.409,22.31606816973482,frozen_transfer_reused,0.09293183026517937
530251,0.4114,22.5805,22.318118661088075,frozen_transfer_reused,0.2623813389119256
520071,0.41161,22.5601,22.31598027693977,frozen_transfer_reused,0.2441197230602299
1315296,0.41266,22.5363,22.324702610077335,frozen_transfer_reused,0.21159738992266597
04D2fp,0.41657,22.4765,22.344110007721238,frozen_transfer_reused,0.1323899922787639
05D2dw,0.41857,22.3644,22.355956864528363,frozen_transfer_reused,0.00844313547163722
440162,0.41936,22.4333,22.365532871348577,frozen_transfer_reused,0.06776712865142187
550137,0.41939,22.2074,22.36566392274397,frozen_transfer_reused,-0.15826392274396994
1289600,0.4196,22.6132,22.36534284557527,frozen_transfer_reused,0.24785715442472878
05D3cf,0.41965,22.5451,22.363740842021983,frozen_transfer_reused,0.18135915797801871
1340454,0.41995,22.1864,22.367298197246296,frozen_transfer_reused,-0.18089819724629663
550202,0.42036,22.5813,22.37142309796977,frozen_transfer_reused,0.2098769020302278
1306626,0.42088,22.3648,22.37277057100956,frozen_transfer_reused,-0.007970571009561667
110430,0.42094,22.475,22.370891751465322,frozen_transfer_reused,0.10410824853467915
1306991,0.42195,22.2806,22.379953471108358,frozen_transfer_reused,-0.09935347110835835
04D4gg,0.42247,22.3953,22.383641546715875,frozen_transfer_reused,0.011658453284123738
1345594,0.42249,22.4266,22.38311813318957,frozen_transfer_reused,0.04348186681043131
490037,0.42348,22.3425,22.384806172118257,frozen_transfer_reused,-0.0423061721182556
160200,0.4236,22.5873,22.387614043690018,frozen_transfer_reused,0.1996859563099811
1302523,0.42399,22.4734,22.39181318262949,frozen_transfer_reused,0.08158681737051054
1312274,0.42459,22.4953,22.395100465553902,frozen_transfer_reused,0.10019953444609797
1295027,0.42568,22.4509,22.401691829326683,frozen_transfer_reused,0.0492081706733174
1258940,0.42602,22.4987,22.40342530098697,frozen_transfer_reused,0.09527469901302865
050003,0.427,22.56,22.407411718488508,frozen_transfer_reused,0.15258828151149118
110542,0.42703,22.5818,22.40647449646005,frozen_transfer_reused,0.1753255035399519
110719,0.42793,23.0227,22.411691142058306,frozen_transfer_reused,0.6110088579416946
05D2cb,0.42859,22.6295,22.41450617854557,frozen_transfer_reused,0.21499382145443136
440236,0.42895,22.3913,22.420599890618675,frozen_transfer_reused,-0.029299890618673885
1306029,0.42903,22.5736,22.420940444589817,frozen_transfer_reused,0.15265955541018172
100101,0.42976,22.6689,22.42222167609966,frozen_transfer_reused,0.2466783239003405
080723,0.4302,22.5824,22.427885950683923,frozen_transfer_reused,0.15451404931607726
04D1rh,0.43494,22.5298,22.454992328403826,frozen_transfer_reused,0.07480767159617585
06D4co,0.43546,22.3309,22.458681540269833,frozen_transfer_reused,-0.12778154026983302
000142,0.43683,22.7521,22.462892764184655,frozen_transfer_reused,0.28920723581534347
1336008,0.4376,22.3723,22.470134006560507,frozen_transfer_reused,-0.09783400656050745
1333246,0.43783,22.629,22.47127195694826,frozen_transfer_reused,0.15772804305174049
1310338,0.4389,22.2149,22.477541183389526,frozen_transfer_reused,-0.26264118338952613
560027,0.43891,22.4152,22.47758265597724,frozen_transfer_reused,-0.0623826559772418
050607,0.43935,22.5732,22.477445138630845,frozen_transfer_reused,0.09575486136915501
040166,0.44013,22.8871,22.48188010729597,frozen_transfer_reused,0.4052198927040287
510266,0.44067,22.3834,22.484865051032067,frozen_transfer_reused,-0.10146505103206493
1328105,0.44149,22.4293,22.492148761444227,frozen_transfer_reused,-0.06284876144422569
1295256,0.44245,22.5993,22.4967156410131,frozen_transfer_reused,0.1025843589868991
06D3df,0.44263,22.6509,22.495949785524502,frozen_transfer_reused,0.15495021447549817
06D2gb,0.44361,22.54,22.499969914838175,frozen_transfer_reused,0.04003008516182405
1291080,0.44391,22.5539,22.505711469028274,frozen_transfer_reused,0.04818853097172493
040137,0.44764,22.6022,22.523911840808687,frozen_transfer_reused,0.07828815919131316
1328066,0.44886,22.6323,22.533348339637474,frozen_transfer_reused,0.0989516603625269
1320166,0.44891,22.7345,22.53355043547124,frozen_transfer_reused,0.20094956452875934
050580,0.45068,22.3916,22.54068806212289,frozen_transfer_reused,-0.14908806212288894
520016,0.45106,22.6751,22.542216246686905,frozen_transfer_reused,0.1328837533130951
04D2gb,0.45162,22.3362,22.544465621414545,frozen_transfer_reused,-0.20826562141454374
120094,0.45162,22.7393,22.544465621414545,frozen_transfer_reused,0.19483437858545471
04D3gt,0.45163,22.4632,22.54600281078365,frozen_transfer_reused,-0.08280281078365093
1290127,0.45218,22.7429,22.551648158825508,frozen_transfer_reused,0.19125184117449123
1253101,0.45328,22.5423,22.55769399416626,frozen_transfer_reused,-0.015393994166259972
1253039,0.45346,22.6333,22.557816001593025,frozen_transfer_reused,0.07548399840697329
1334302,0.45458,22.5343,22.564821707647983,frozen_transfer_reused,-0.030521707647981344
1306360,0.45477,22.631,22.565041395851573,frozen_transfer_reused,0.06595860414842747
1345582,0.45885,22.7149,22.58814699664759,frozen_transfer_reused,0.1267530033524089
380199,0.46064,22.7491,22.59518644389135,frozen_transfer_reused,0.1539135561086482
510597,0.46104,22.7632,22.596755213511887,frozen_transfer_reused,0.166444786488114
05D3lc,0.46164,22.7309,22.600592241749666,frozen_transfer_reused,0.13030775825033203
03D4au,0.46643,23.0894,22.629609222752013,frozen_transfer_reused,0.45979077724798856
000215,0.46654,22.795,22.625444261803388,frozen_transfer_reused,0.16955573819661396
04D4jr,0.46842,22.7203,22.640244120769037,frozen_transfer_reused,0.08005587923096513
1339149,0.46887,22.5101,22.641945724805307,frozen_transfer_reused,-0.13184572480530576
04D4ju,0.47042,22.9621,22.650875902662754,frozen_transfer_reused,0.3112240973372451
05D3mx,0.47065,22.7605,22.648804251090045,frozen_transfer_reused,0.11169574890995548
370367,0.47163,22.7268,22.65255136551136,frozen_transfer_reused,0.07424863448864016
1316437,0.47204,22.7844,22.658543440722795,frozen_transfer_reused,0.12585655927720651
05D2bv,0.47565,22.685,22.673729756351452,frozen_transfer_reused,0.01127024364854634
370329,0.47786,22.9739,22.68530409488354,frozen_transfer_reused,0.28859590511645905
310146,0.47941,22.6165,22.69670657551364,frozen_transfer_reused,-0.08020657551364252
1306537,0.47946,22.7577,22.696893953654552,frozen_transfer_reused,0.06080604634544784
560054,0.47988,22.6426,22.700813311951258,frozen_transfer_reused,-0.05821331195125623
05D3dd,0.48064,22.7511,22.701309557271784,frozen_transfer_reused,0.04979044272821653
05D2ac,0.48065,22.7218,22.699879217284792,frozen_transfer_reused,0.021920782715209697
120044,0.48164,23.0525,22.705041831764092,frozen_transfer_reused,0.3474581682359066
05D1ix,0.48888,22.8312,22.74642267283702,frozen_transfer_reused,0.08477732716297837
1292145,0.49244,23.0253,22.763780598717766,frozen_transfer_reused,0.2615194012822357
1343208,0.49499,22.8291,22.776768171259963,frozen_transfer_reused,0.05233182874003717
1305504,0.49566,22.8923,22.780942516201595,frozen_transfer_reused,0.11135748379840393
03D1ax,0.49579,22.8287,22.781599876350477,frozen_transfer_reused,0.04710012364952476
05D4af,0.49739,22.8738,22.79037297153926,frozen_transfer_reused,0.0834270284607399
06D2bk,0.50067,23.004,22.802110040153764,frozen_transfer_reused,0.2018899598462376
350374,0.50098,22.8635,22.804662870133026,frozen_transfer_reused,0.05883712986697276
1337272,0.50282,22.908,22.816986459574068,frozen_transfer_reused,0.09101354042593357
030006,0.50285,22.8173,22.814203354224503,frozen_transfer_reused,0.0030966457754963983
510457,0.50306,22.8954,22.81494803691166,frozen_transfer_reused,0.0804519630883398
03D1au,0.50316,22.8914,22.81862513560766,frozen_transfer_reused,0.07277486439233982
1335472,0.50593,22.826,22.83237813385975,frozen_transfer_reused,-0.0063781338597479476
1343759,0.50615,22.8513,22.83274929813672,frozen_transfer_reused,0.018550701863279784
310091,0.50725,22.9828,22.83982807572705,frozen_transfer_reused,0.14297192427295258
05D4av,0.50739,22.9889,22.840319594595332,frozen_transfer_reused,0.14858040540466888
090201,0.50825,22.7663,22.844774024341753,frozen_transfer_reused,-0.07847402434175166
180313,0.51016,22.8415,22.851451043267343,frozen_transfer_reused,-0.00995104326734264
110484,0.51095,22.8053,22.8542042897384,frozen_transfer_reused,-0.04890428973840244
05D2dy,0.51169,23.1355,22.856778814410823,frozen_transfer_reused,0.2787211855891769
04D1pg,0.51387,23.0037,22.871516670655105,frozen_transfer_reused,0.13218332934489396
04D4in,0.51437,22.9729,22.874678092169926,frozen_transfer_reused,0.09822190783007301
04D2mj,0.51469,23.0729,22.871481995593093,frozen_transfer_reused,0.20141800440690716
1338430,0.51726,22.8402,22.88792324751565,frozen_transfer_reused,-0.047723247515651934
1334470,0.51883,22.9419,22.89573336009296,frozen_transfer_reused,0.04616663990703884
310260,0.51885,22.9294,22.895801775070993,frozen_transfer_reused,0.033598224929008325
450175,0.51941,22.9908,22.897716154506675,frozen_transfer_reused,0.09308384549332516
06D3el,0.51968,23.0375,22.89720923391745,frozen_transfer_reused,0.14029076608255053
04D2gc,0.52271,23.0966,22.91037707160662,frozen_transfer_reused,0.18622292839337717
1295921,0.524,22.9244,22.920448883535457,frozen_transfer_reused,0.003951116464541826
1322229,0.5262,22.9172,22.931228460509697,frozen_transfer_reused,-0.014028460509695861
050005,0.52859,22.8325,22.94001805872774,frozen_transfer_reused,-0.10751805872774156
1322979,0.52937,23.0383,22.945609511923312,frozen_transfer_reused,0.09269048807668767
330106,0.53099,22.6272,22.951013876784902,frozen_transfer_reused,-0.3238138767849037
160066,0.53111,23.2579,22.951413438362362,frozen_transfer_reused,0.3064865616376373
1338471,0.53124,23.2723,22.955079689444872,frozen_transfer_reused,0.317220310555129
1337703,0.53225,22.7291,22.95918852397145,frozen_transfer_reused,-0.23008852397144963
06D2ca,0.53271,22.9942,22.9581497292658,frozen_transfer_reused,0.03605027073420075
06D2cc,0.53372,22.9119,22.96291472753226,frozen_transfer_reused,-0.05101472753226233
05D4ek,0.53435,22.8903,22.970661066454234,frozen_transfer_reused,-0.08036106645423402
05D4be,0.53534,23.0675,22.975343558459024,frozen_transfer_reused,0.09215644154097546
05D2eb,0.53572,22.9604,22.972354011006075,frozen_transfer_reused,-0.011954011006075405
1289656,0.53942,23.0808,22.992977271704603,frozen_transfer_reused,0.0878227282953965
110426,0.54097,23.0261,22.99803689728071,frozen_transfer_reused,0.028063102719290356
1324542,0.54152,23.277,23.00278727906568,frozen_transfer_reused,0.27421272093432236
520041,0.54545,23.3103,23.018621328716648,frozen_transfer_reused,0.29167867128335345
04D4bq,0.54834,22.7705,23.035920915467596,frozen_transfer_reused,-0.2654209154675975
1306980,0.54881,22.9165,23.037427888825565,frozen_transfer_reused,-0.12092788882556604
050201,0.55021,23.0723,23.041907856459364,frozen_transfer_reused,0.030392143540634464
06D4bo,0.55033,23.1198,23.04509132967728,frozen_transfer_reused,0.0747086703227211
1339450,0.55046,23.1574,23.044176953242584,frozen_transfer_reused,0.11322304675741535
04D3hn,0.55267,22.9408,23.052547827503066,frozen_transfer_reused,-0.11174782750306633
06D2ck,0.55375,23.237,23.05597689427973,frozen_transfer_reused,0.1810231057202678
1337117,0.55384,22.8297,23.060455680272675,frozen_transfer_reused,-0.2307556802726758
05D1ee,0.55782,23.1859,23.078601712150665,frozen_transfer_reused,0.1072982878493356
05D1kl,0.55882,23.4801,23.08313534636844,frozen_transfer_reused,0.3969646536315601
04D1hx,0.55882,23.0445,23.08313534636844,frozen_transfer_reused,-0.03863534636844079
1289555,0.56181,23.0407,23.096507699037986,frozen_transfer_reused,-0.05580769903798455
1303952,0.56269,23.3486,23.100610630685026,frozen_transfer_reused,0.2479893693149755
05D1cc,0.56283,23.1766,23.10122685779001,frozen_transfer_reused,0.07537314220999036
1285317,0.56437,23.1398,23.108162486602286,frozen_transfer_reused,0.03163751339771537
1330903,0.56437,23.2351,23.108009907408395,frozen_transfer_reused,0.12709009259160453
1338278,0.56437,23.1439,23.108231837237348,frozen_transfer_reused,0.035668162762650724
05D1dn,0.56481,23.2343,23.11015081048607,frozen_transfer_reused,0.12414918951393261
1317454,0.56879,22.9877,23.12797444467599,frozen_transfer_reused,-0.14027444467598826
1306785,0.57542,22.9382,23.157422265804826,frozen_transfer_reused,-0.2192222658048273
05D2dt,0.57577,23.3385,23.154802888556475,frozen_transfer_reused,0.18369711144352507
050203,0.57619,23.2357,23.158832523790906,frozen_transfer_reused,0.07686747620909529
06D3et,0.57668,23.1733,23.160315398900064,frozen_transfer_reused,0.012984601099937265
1337228,0.57737,23.392,23.165952948524,frozen_transfer_reused,0.22604705147599802
03D4gf,0.5783,23.1644,23.170711868932667,frozen_transfer_reused,-0.006311868932666442
110721,0.57831,23.1982,23.16702809912801,frozen_transfer_reused,0.031171900871989067
05D1dx,0.57882,23.1742,23.172278776632385,frozen_transfer_reused,0.0019212233676135781
1332059,0.57891,23.2787,23.172549805086817,frozen_transfer_reused,0.10615019491318378
05D3jq,0.57967,23.1393,23.173461741970797,frozen_transfer_reused,-0.03416174197079869
05D3gp,0.58067,23.32,23.177840034378153,frozen_transfer_reused,0.14215996562184685
03D1aw,0.5808,23.4531,23.180977007000962,frozen_transfer_reused,0.2721229929990372
04D1jg,0.58301,23.2878,23.190609270512294,frozen_transfer_reused,0.09719072948770702
05D4ej,0.5833,23.5444,23.192571361901813,frozen_transfer_reused,0.351828638098187
04D1kj,0.58382,23.2235,23.194122576330884,frozen_transfer_reused,0.029377423669117775
04D1sa,0.58382,23.3959,23.194122576330884,frozen_transfer_reused,0.20177742366911744
1338387,0.5839,23.1669,23.194361081197243,frozen_transfer_reused,-0.027461081197245107
05D1hm,0.58582,23.454,23.20281205280897,frozen_transfer_reused,0.2511879471910312
05D4bf,0.5873,23.3711,23.209935484655247,frozen_transfer_reused,0.16116451534475118
04D1oh,0.58879,23.2491,23.215706792037462,frozen_transfer_reused,0.03339320796253631
03D4gg,0.59029,23.2626,23.222858057514188,frozen_transfer_reused,0.03974194248581142
04D2mh,0.59179,23.1978,23.224536791357778,frozen_transfer_reused,-0.02673679135777718
05D3lr,0.60067,23.3586,23.263983540580803,frozen_transfer_reused,0.09461645941919627
1338233,0.60155,23.5032,23.270302310770095,frozen_transfer_reused,0.23289768922990461
05D4ef,0.60328,23.4973,23.278266397020452,frozen_transfer_reused,0.21903360297954677
1335564,0.60626,23.3628,23.290171539196916,frozen_transfer_reused,0.0726284608030845
03D4dy,0.60827,23.3374,23.299268646536042,frozen_transfer_reused,0.038131353463956685
1302141,0.60876,23.1752,23.300660351207167,frozen_transfer_reused,-0.1254603512071668
1332413,0.60878,23.3649,23.30071712753667,frozen_transfer_reused,0.0641828724633271
05D2he,0.60981,23.4346,23.30093899287222,frozen_transfer_reused,0.13366100712778106
04D3do,0.61071,23.4156,23.3061857620174,frozen_transfer_reused,0.10941423798260175
04D4an,0.61127,23.6519,23.311811174474165,frozen_transfer_reused,0.34008882552583586
1295305,0.61177,23.448,23.313223088945005,frozen_transfer_reused,0.13477691105499545
05D1ck,0.61577,23.4555,23.329848082718726,frozen_transfer_reused,0.12565191728127445
1308957,0.61875,23.4634,23.342196201894758,frozen_transfer_reused,0.12120379810524184
1335868,0.61941,23.4418,23.3440332090244,frozen_transfer_reused,0.09776679097560148
000202,0.61983,23.5027,23.342518529214953,frozen_transfer_reused,0.16018147078504796
04D3co,0.6207,23.4458,23.347617085710656,frozen_transfer_reused,0.09818291428934245
04D2an,0.62183,23.3364,23.350749260171337,frozen_transfer_reused,-0.014349260171336198
03D4dh,0.62525,23.4047,23.369550981550734,frozen_transfer_reused,0.03514901844926399
04D4fx,0.62725,23.332,23.37771042877131,frozen_transfer_reused,-0.04571042877130793
05D1cb,0.63077,23.4102,23.39132144393647,frozen_transfer_reused,0.018878556063530283
05D2ci,0.63183,23.0581,23.391541946522835,frozen_transfer_reused,-0.33344194652283576
03D4at,0.63225,23.5963,23.398005030811206,frozen_transfer_reused,0.19829496918879386
1330642,0.63399,23.3442,23.40432930843019,frozen_transfer_reused,-0.06012930843018793
04D1pu,0.63777,23.2768,23.419551035450887,frozen_transfer_reused,-0.1427510354508854
1343871,0.63794,23.6107,23.420007849743087,frozen_transfer_reused,0.19069215025691477
05D4ag,0.63824,23.4064,23.422138115047943,frozen_transfer_reused,-0.015738115047941648
1337325,0.63873,23.5274,23.42345328374311,frozen_transfer_reused,0.103946716256889
1334879,0.63934,23.537,23.425088873501224,frozen_transfer_reused,0.1119111264987751
05D2ec,0.64185,23.5946,23.431799613255976,frozen_transfer_reused,0.1628003867440242
1308568,0.64311,23.1079,23.44100120474428,frozen_transfer_reused,-0.3331012047442776
04D3cy,0.64371,23.5462,23.440721155276087,frozen_transfer_reused,0.10547884472391189
05D3ax,0.64371,23.5504,23.440721155276087,frozen_transfer_reused,0.10967884472391276
05D3lb,0.6477,23.566,23.456569517634442,frozen_transfer_reused,0.10943048236555697
1338266,0.64852,23.7867,23.462420409265402,frozen_transfer_reused,0.3242795907345979
05D3kt,0.6487,23.4805,23.46052418900466,frozen_transfer_reused,0.019975810995340737
1334707,0.64962,23.5275,23.465974116652045,frozen_transfer_reused,0.06152588334795439
04D1sk,0.66213,23.7263,23.515673247233412,frozen_transfer_reused,0.21062675276658638
05D3hs,0.6647,23.6168,23.523049299260084,frozen_transfer_reused,0.09375070073991765
05D3mh,0.67072,23.8147,23.546191070449176,frozen_transfer_reused,0.26850892955082273
03D1co,0.67773,23.9721,23.57550472227252,frozen_transfer_reused,0.3965952777274815
05D2bt,0.6819,23.5846,23.587190341788205,frozen_transfer_reused,-0.002590341788206274
06D3cc,0.68372,23.9186,23.595576827915114,frozen_transfer_reused,0.32302317208488773
04D4ic,0.68519,23.7636,23.60436584051826,frozen_transfer_reused,0.15923415948174124
05D1ke,0.68872,23.5607,23.616913298905224,frozen_transfer_reused,-0.05621329890522375
1262715,0.68935,23.6005,23.61845853400847,frozen_transfer_reused,-0.01795853400847136
1262214,0.68936,23.7914,23.61848304804183,frozen_transfer_reused,0.17291695195816814
06D3em,0.69072,23.6613,23.621813032067237,frozen_transfer_reused,0.039486967932763406
03D4cz,0.69318,23.6632,23.634231658383502,frozen_transfer_reused,0.02896834161649764
04D4ib,0.69718,23.7162,23.64905826223344,frozen_transfer_reused,0.06714173776656196
06D4ba,0.69818,23.7141,23.652752700474373,frozen_transfer_reused,0.06134729952562523
05D4bj,0.69918,23.6872,23.656442280314486,frozen_transfer_reused,0.030757719685514218
05D4cq,0.69918,23.8161,23.656442280314486,frozen_transfer_reused,0.15965771968551223
1335718,0.69932,23.8577,23.65550275872033,frozen_transfer_reused,0.20219724127966998
05D2ck,0.69992,23.8617,23.654391842774082,frozen_transfer_reused,0.207308157225917
04D1si,0.7007,23.664,23.66137783335977,frozen_transfer_reused,0.002622166640232848
04D4hu,0.70117,23.8438,23.663782893471456,frozen_transfer_reused,0.1800171065285454
04D2iu,0.70192,23.6432,23.661754950608795,frozen_transfer_reused,-0.018554950608795195
05D2le,0.70192,23.7903,23.661754950608795,frozen_transfer_reused,0.12854504939120304
05D3gv,0.71571,23.7414,23.71353775171836,frozen_transfer_reused,0.027862248281639523
05D3jh,0.71874,23.6209,23.724419013960702,frozen_transfer_reused,-0.10351901396070318
1331993,0.71968,23.9108,23.73039866869289,frozen_transfer_reused,0.18040133130710956
04D1aj,0.71969,23.717,23.73042195995658,frozen_transfer_reused,-0.01342195995658102
05D4ev,0.72015,23.9082,23.732754325757845,frozen_transfer_reused,0.1754456742421553
06D3gh,0.72074,23.7929,23.731603283769743,frozen_transfer_reused,0.06129671623025601
06D3do,0.72674,23.8281,23.753046683925735,frozen_transfer_reused,0.07505331607426413
06D3bz,0.72774,23.755,23.756604754030764,frozen_transfer_reused,-0.0016047540307653207
1304127,0.72866,23.752,23.762486569958586,frozen_transfer_reused,-0.01048656995858721
06D4bw,0.73014,23.6656,23.768387985491955,frozen_transfer_reused,-0.102787985491954
1329166,0.73161,23.9269,23.772125541410915,frozen_transfer_reused,0.15477445858908467
04D1pp,0.73368,23.7315,23.780227278417744,frozen_transfer_reused,-0.04872727841774349
04D2gp,0.73395,23.967,23.777083785598702,frozen_transfer_reused,0.1899162144012969
05D2fq,0.73495,24.0007,23.780610609368686,frozen_transfer_reused,0.22008939063131194
05D1eo,0.73568,23.9277,23.787274177596135,frozen_transfer_reused,0.14042582240386636
05D2ct,0.73596,23.9145,23.78415570348339,frozen_transfer_reused,0.13034429651661128
05D3jk,0.73675,23.739,23.78844932669362,frozen_transfer_reused,-0.0494493266936189
04D2ja,0.74196,24.2283,23.80519802773031,frozen_transfer_reused,0.4231019722696914
04D3fq,0.74276,23.8295,23.80948820466064,frozen_transfer_reused,0.020011795339360816
05D3jb,0.74573,23.9145,23.819870876990798,frozen_transfer_reused,0.09462912300920223
04D2kr,0.74607,23.7287,23.819509467214534,frozen_transfer_reused,-0.09080946721453387
04D4im,0.74911,23.6866,23.83484987845285,frozen_transfer_reused,-0.14824987845285165
1285160,0.7493,23.9242,23.834031214244266,frozen_transfer_reused,0.09016878575573273
04D3ks,0.75074,23.6482,23.837224039401214,frozen_transfer_reused,-0.1890240394012146
05D2nt,0.75899,23.9939,23.86404487305833,frozen_transfer_reused,0.12985512694167056
05D3mn,0.76076,23.8137,23.87161317212307,frozen_transfer_reused,-0.05791317212306879
05D4cn,0.7611,23.9237,23.8760523565031,frozen_transfer_reused,0.04764764349690154
05D1if,0.76165,23.878,23.877250133782724,frozen_transfer_reused,0.0007498662172764625
04D1qd,0.76566,23.9839,23.890873055656904,frozen_transfer_reused,0.09302694434309444
04D1de,0.76666,24.1694,23.894263129642958,frozen_transfer_reused,0.2751368703570414
05D3hh,0.76674,24.1093,23.89197809817411,frozen_transfer_reused,0.2173219018258905
04D4id,0.76709,24.3057,23.896419406706514,frozen_transfer_reused,0.409280593293488
04D1pc,0.76865,24.0399,23.901009559955813,frozen_transfer_reused,0.13889044004418594
1329196,0.76932,23.9638,23.902463681064322,frozen_transfer_reused,0.061336318935676815
05D4bi,0.77309,24.1038,23.9166620546262,frozen_transfer_reused,0.1871379453737987
1325358,0.77929,23.7865,23.93596474131191,frozen_transfer_reused,-0.14946474131190968
05D4cs,0.78807,24.0512,23.96660130116745,frozen_transfer_reused,0.08459869883255067
03D4fd,0.78907,24.1307,23.969902222935932,frozen_transfer_reused,0.16079777706406873
1309749,0.78928,23.9465,23.9691275563563,frozen_transfer_reused,-0.022627556356301426
04D1ks,0.79662,23.6496,23.994036483504935,frozen_transfer_reused,-0.3444364835049356
03D1fq,0.79863,24.1808,24.000590649511647,frozen_transfer_reused,0.1802093504883544
Elvis,0.83981,24.107,24.129299527678207,frozen_transfer_reused,-0.0222995276782072
Spock,0.83981,23.9482,24.129299527678207,frozen_transfer_reused,-0.18109952767820658
Manipogo,0.85482,24.3638,24.17568894363378,frozen_transfer_reused,0.18811105636622116
Vilas,0.93585,24.2801,24.413866008223092,frozen_transfer_reused,-0.13376600822309115
Ombo,0.97423,24.8581,24.521893998336388,frozen_transfer_reused,0.33620600166361214
SCP05D0,1.01242,24.8647,24.624677059976182,frozen_transfer_reused,0.24002294002381674
Eagle,1.01988,25.0227,24.641520075229952,frozen_transfer_reused,0.3811799247700485
Ferguson,1.02088,24.7176,24.64412356072473,frozen_transfer_reused,0.07347643927527159
Strolger,1.02789,25.2834,24.662297207945908,frozen_transfer_reused,0.6211027920540921
SCP06U4,1.04817,25.1699,24.71714785209158,frozen_transfer_reused,0.45275214790842
Gabi,1.12092,25.1875,24.893279361599962,frozen_transfer_reused,0.29422063840003787
SCP06H5,1.23225,25.0677,25.147037170625865,frozen_transfer_reused,-0.0793371706258661
Lancaster,1.23597,25.652,25.15543471557682,frozen_transfer_reused,0.4965652844231805
Aphrodite,1.29911,25.6111,25.291571615745475,frozen_transfer_reused,0.3195283842545251
Thoth,1.3041,25.4676,25.301934659396345,frozen_transfer_reused,0.16566534060365612
Inanna,1.30611,25.7667,25.306085268237013,frozen_transfer_reused,0.4606147317629876
SCP05D6,1.31317,25.5337,25.32152231110314,frozen_transfer_reused,0.21217768889685829
washington,1.3291,25.6215,25.35325472858463,frozen_transfer_reused,0.26824527141537047
Borg,1.34101,25.5011,25.375605562945672,frozen_transfer_reused,0.1254944370543285
SCP06G4,1.35136,25.2962,25.39608927339744,frozen_transfer_reused,-0.0998892733974408
Mcguire,1.35608,25.5564,25.407653422800614,frozen_transfer_reused,0.1487465771993861
Sasquatch,1.39103,25.5414,25.474829267590934,frozen_transfer_reused,0.06657073240906541
SCP06K0,1.41633,25.2049,25.52347883613666,frozen_transfer_reused,-0.3185788361366626
carter,1.5429,25.8372,25.75523108388357,frozen_transfer_reused,0.08196891611643053
Primo,1.54901,26.04,25.76934844246208,frozen_transfer_reused,0.2706515575379207
rutledge,1.61505,25.9065,25.881720572540154,frozen_transfer_reused,0.024779427459847625
geta,1.69706,26.0333,26.020676566007477,frozen_transfer_reused,0.012623433992523303
stone,1.80119,26.2335,26.18101389069654,frozen_transfer_reused,0.05248610930345876
wilson,1.91165,26.1703,26.347718894010644,frozen_transfer_reused,-0.1774188940106427
colfax,2.26137,26.9298,26.81039023136457,frozen_transfer_reused,0.11940976863543185
